=== RawAccel Linux Birim Testleri ===
Derleniyor...
Çalıştırılıyor...

=== RawAccel Linux Birim Testleri ===

[noaccel]
  PASS  na(0.0, args) ≈ 1.0  (1 ≈ 1)
  PASS  na(10.0, args) ≈ 1.0  (1 ≈ 1)
  PASS  na(100.0, args) ≈ 1.0  (1 ≈ 1)

[classic — gain mode]
  PASS  c(0.0, args) ≈ 1.0  (1 ≈ 1)
  PASS  g_low > 1.0
  PASS  g_high > g_low
  PASS  g_high <= 1.5 + 1e-9
  PASS  g2 >= 1.0

[natural — gain mode]
  PASS  n(0.0, args) ≈ 1.0  (1 ≈ 1)
  PASS  g1 > 1.0
  PASS  g2 > g1
  PASS  g3 > g2
  PASS  std::isfinite(g3)
  PASS  n(1e-10, args) ≈ 1.0  (1 ≈ 1)
  PASS  gl > 1.0
  PASS  gl <= args.limit + 1e-6

[jump — reference (cap.x = step pos, cap.y = step gain)]
  PASS  j(0.0, args) ≈ 1.0  (1 ≈ 1)
  PASS  g_vlow >= 1.0
  PASS  g_vlow < 1.05
  PASS  std::fabs(g_high - 1.5) < 1e-3
  PASS  j(20.0, args) > j(10.0, args)
  PASS  j(10.0, args) > j(1.0, args)
  PASS  jl(0.01, args_l) ≈ 1.0  (1 ≈ 1)
  PASS  jl(500.0, args_l) ≈ 1.5  (1.5 ≈ 1.5)
  PASS  jh(1.0, args_hard) ≈ 1.0  (1 ≈ 1)
  PASS  jh(15.0, args_hard) ≈ 1.5  (1.5 ≈ 1.5)
  PASS  jh(30.0, args_hard) ≈ 1.5  (1.5 ≈ 1.5)
  PASS  jh(500.0, args_hard) ≈ 1.5  (1.5 ≈ 1.5)
  PASS  jgh(1.0, args_gh) ≈ 1.0  (1 ≈ 1)
  PASS  jgh(30.0, args_gh) ≈ 1.25  (1.25 ≈ 1.25)
  PASS  jgh(500.0, args_gh) ≈ 1.485  (1.485 ≈ 1.485)

[jump — BUG-NEW-17 denormal x guard (dA/x overflow → identity)]
  PASS  std::isfinite(jdn(std::numeric_limits<double>::denorm_min(), args_dn))
  PASS  std::isfinite(jdn(1e-320, args_dn))
  PASS  jdn(std::numeric_limits<double>::denorm_min(), args_dn) ≈ 1.0  (1 ≈ 1)
  PASS  jdn(1e-320, args_dn) ≈ 1.0  (1 ≈ 1)
  PASS  jdn(-1.0, args_dn) ≈ 1.0  (1 ≈ 1)

[synchronous — activation_framework (legacy)]
  PASS  s(0.0, args) ≈ 1.0  (1 ≈ 1)
  PASS  s(5.0, args) ≈ 1.0  (1 ≈ 1)
  PASS  s(10.0, args) > 1.0 && s(10.0, args) <= 1.5 + 1e-9
  PASS  s(2.0, args) < 1.0 && s(2.0, args) >= 1.0/1.5 - 1e-9
  PASS  s(50.0, args) > s(10.0, args)
  PASS  s(1.0, args) < s(3.0, args)

[synchronous — linear clamp (smooth=0)]
  PASS  sc(1e-9, args_c) ≈ 1.0/1.5  (0.666667 ≈ 0.666667)
  PASS  sc(500.0, args_c) ≈ 1.5  (1.5 ≈ 1.5)
  PASS  sc(5.0, args_c) ≈ 1.0  (1 ≈ 1)

[synchronous — GAIN (integral LUT)]
  PASS  args_g.length == 0
  PASS  std::isfinite(g5)
  PASS  g5 >= 0.667 - 1e-2 && g5 <= 1.5 + 1e-3
  PASS  std::isfinite(gbig)
  PASS  gbig > 1.4
  PASS  sd(5.0, args_d) ≈ 1.0  (1 ≈ 1)
  PASS  sd(50.0, args_d) ≈ 1.0  (1 ≈ 1)

[P95 — synchronous GAIN LUT: exact-integral envelope, monotonic, gain point]
  PASS  std::isfinite(lut) && lut > 0
  PASS  lut ≈ exact  (0.666667 ≈ 0.666667)
  PASS  lut >= 1.0 / 1.5 - ENV && lut <= 1.5 + ENV
  PASS  std::isfinite(lut) && lut > 0
  PASS  lut ≈ exact  (0.666667 ≈ 0.666667)
  PASS  lut >= 1.0 / 1.5 - ENV && lut <= 1.5 + ENV
  PASS  std::isfinite(lut) && lut > 0
  PASS  lut ≈ exact  (0.666667 ≈ 0.666667)
  PASS  lut >= 1.0 / 1.5 - ENV && lut <= 1.5 + ENV
  PASS  std::isfinite(lut) && lut > 0
  PASS  lut ≈ exact  (0.666667 ≈ 0.666667)
  PASS  lut >= 1.0 / 1.5 - ENV && lut <= 1.5 + ENV
  PASS  std::isfinite(lut) && lut > 0
  PASS  lut ≈ exact  (0.679948 ≈ 0.677779)
  PASS  lut >= 1.0 / 1.5 - ENV && lut <= 1.5 + ENV
  PASS  std::isfinite(lut) && lut > 0
  PASS  lut ≈ exact  (0.728958 ≈ 0.722225)
  PASS  lut >= 1.0 / 1.5 - ENV && lut <= 1.5 + ENV
  PASS  std::isfinite(lut) && lut > 0
  PASS  lut ≈ exact  (0.794965 ≈ 0.78519)
  PASS  lut >= 1.0 / 1.5 - ENV && lut <= 1.5 + ENV
  PASS  std::isfinite(lut) && lut > 0
  PASS  lut ≈ exact  (0.910972 ≈ 0.898154)
  PASS  lut >= 1.0 / 1.5 - ENV && lut <= 1.5 + ENV
  PASS  std::isfinite(lut) && lut > 0
  PASS  lut ≈ exact  (1.05823 ≈ 1.04862)
  PASS  lut >= 1.0 / 1.5 - ENV && lut <= 1.5 + ENV
  PASS  std::isfinite(lut) && lut > 0
  PASS  lut ≈ exact  (1.20549 ≈ 1.19908)
  PASS  lut >= 1.0 / 1.5 - ENV && lut <= 1.5 + ENV
  PASS  std::isfinite(lut) && lut > 0
  PASS  lut ≈ exact  (1.35274 ≈ 1.34954)
  PASS  lut >= 1.0 / 1.5 - ENV && lut <= 1.5 + ENV
  PASS  std::isfinite(lut) && lut > 0
  PASS  lut ≈ exact  (1.41165 ≈ 1.40972)
  PASS  lut >= 1.0 / 1.5 - ENV && lut <= 1.5 + ENV
  PASS  std::isfinite(lut) && lut > 0
  PASS  lut ≈ exact  (1.45582 ≈ 1.45486)
  PASS  lut >= 1.0 / 1.5 - ENV && lut <= 1.5 + ENV
  PASS  std::isfinite(lut) && lut > 0
  PASS  lut ≈ exact  (1.48233 ≈ 1.48194)
  PASS  lut >= 1.0 / 1.5 - ENV && lut <= 1.5 + ENV
  PASS  std::isfinite(lut) && lut > 0
  PASS  lut ≈ exact  (1.49116 ≈ 1.49097)
  PASS  lut >= 1.0 / 1.5 - ENV && lut <= 1.5 + ENV
  PASS  monotonic
  PASS  gain_crosses_one

[lookup — LUT interpolation (velocity off)]
  PASS  lut(0.0, args) ≈ 0.0  (0 ≈ 0)
  PASS  lut(-1.0, args) ≈ 0.0  (0 ≈ 0)
  PASS  lut(10.0, args) ≈ 1.5  (1.5 ≈ 1.5)
  PASS  lut(20.0, args) ≈ 2.0  (2 ≈ 2)
  PASS  lut(5.0, args) ≈ 1.25  (1.25 ≈ 1.25)
  PASS  lut(30.0, args) ≈ 2.5  (2.5 ≈ 2.5)

[lookup — velocity (gain) mode]
  PASS  lv(0.0, args_v) ≈ 0.0  (0 ≈ 0)
  PASS  lv(5.0, args_v) ≈ 0.5  (0.5 ≈ 0.5)
  PASS  lv(10.0, args_v) ≈ 0.5  (0.5 ≈ 0.5)
  PASS  lv(20.0, args_v) ≈ 0.5  (0.5 ≈ 0.5)
  PASS  lf(1.0, args_f) ≈ 0.4  (0.4 ≈ 0.4)
  PASS  lut_empty(5.0, empty) ≈ 1.0  (1 ≈ 1)

[power]
  PASS  p(0.0, args) ≈ 1.0  (1 ≈ 1)
  PASS  std::isfinite(g5)
  PASS  std::isfinite(g10)
  PASS  g5 > 1.0
  PASS  std::isfinite(g_io)

[P81 — power gain io, exponent_power=1e-4 finite, capped]
  PASS  std::isfinite(g)
  PASS  g >= 0.0
  PASS  g <= args.cap.y + 1e-9
  PASS  std::isfinite(g)
  PASS  g >= 0.0
  PASS  g <= args.cap.y + 1e-9
  PASS  std::isfinite(g)
  PASS  g >= 0.0
  PASS  g <= args.cap.y + 1e-9
  PASS  std::isfinite(g)
  PASS  g >= 0.0
  PASS  g <= args.cap.y + 1e-9
  PASS  std::isfinite(g)
  PASS  g >= 0.0
  PASS  g <= args.cap.y + 1e-9
  PASS  std::isfinite(g)
  PASS  g >= 0.0
  PASS  g <= args.cap.y + 1e-9
  PASS  std::isfinite(g_cap)
  PASS  g_cap >= 1.0
  PASS  g_cap <= args.cap.y + 1e-9
  PASS  p(10000.0, args) ≈ args.cap.y  (1.5 ≈ 1.5)

[P81 — power legacy io, gain capped at cap.y]
  PASS  std::isfinite(g)
  PASS  g <= args.cap.y + 1e-9
  PASS  g >= 0.0
  PASS  std::isfinite(g)
  PASS  g <= args.cap.y + 1e-9
  PASS  g >= 0.0
  PASS  std::isfinite(g)
  PASS  g <= args.cap.y + 1e-9
  PASS  g >= 0.0
  PASS  std::isfinite(g)
  PASS  g <= args.cap.y + 1e-9
  PASS  g >= 0.0
  PASS  std::isfinite(g)
  PASS  g <= args.cap.y + 1e-9
  PASS  g >= 0.0

[accel_union — mod dispatch]
  PASS  check(accel_mode::noaccel, 10.0) ≈ 1.0  (1 ≈ 1)
  PASS  check(accel_mode::classic, 10.0) >= 1.0
  PASS  check(accel_mode::natural, 10.0) >= 1.0
  PASS  std::isfinite(check(accel_mode::jump, 10.0))
  PASS  std::isfinite(check(accel_mode::synchronous, 10.0))
  PASS  std::isfinite(check(accel_mode::power, 10.0))

[JSON round-trip (config serialize/deserialize)]
  PASS  !json_str.empty()
  PASS  dp2.name == dp.name
  PASS  dp2.device_id == dp.device_id
  PASS  dp2.match_app == dp.match_app
  PASS  dp2.dev_cfg.dpi == dp.dev_cfg.dpi
  PASS  dp2.dev_cfg.polling_rate == dp.dev_cfg.polling_rate
  PASS  dp2.prof.degrees_rotation ≈ dp.prof.degrees_rotation  (15 ≈ 15)
  PASS  dp2.prof.degrees_snap ≈ dp.prof.degrees_snap  (5 ≈ 5)
  PASS  dp2.prof.speed_min ≈ dp.prof.speed_min  (2 ≈ 2)
  PASS  dp2.prof.speed_max ≈ dp.prof.speed_max  (80 ≈ 80)
  PASS  ax2.mode == ax.mode
  PASS  ax2.gain == ax.gain
  PASS  ax2.acceleration ≈ ax.acceleration  (0.007 ≈ 0.007)
  PASS  ax2.exponent_classic ≈ ax.exponent_classic  (2.5 ≈ 2.5)
  PASS  ax2.limit ≈ ax.limit  (1.8 ≈ 1.8)
  PASS  ax2.cap.x ≈ ax.cap.x  (12 ≈ 12)
  PASS  ax2.cap.y ≈ ax.cap.y  (1.8 ≈ 1.8)
  PASS  ax2.cap_mode_val == ax.cap_mode_val

[JSON round-trip — LUT noktaları]
  PASS  ax2.mode == accel_mode::lookup
  PASS  ax2.length == ax.length
  PASS  static_cast<double>(ax2.data[i]) ≈ static_cast<double>(ax.data[i])  (0 ≈ 0)
  PASS  static_cast<double>(ax2.data[i]) ≈ static_cast<double>(ax.data[i])  (1 ≈ 1)
  PASS  static_cast<double>(ax2.data[i]) ≈ static_cast<double>(ax.data[i])  (5 ≈ 5)
  PASS  static_cast<double>(ax2.data[i]) ≈ static_cast<double>(ax.data[i])  (1.3 ≈ 1.3)
  PASS  static_cast<double>(ax2.data[i]) ≈ static_cast<double>(ax.data[i])  (15 ≈ 15)
  PASS  static_cast<double>(ax2.data[i]) ≈ static_cast<double>(ax.data[i])  (1.7 ≈ 1.7)
  PASS  static_cast<double>(ax2.data[i]) ≈ static_cast<double>(ax.data[i])  (30 ≈ 30)
  PASS  static_cast<double>(ax2.data[i]) ≈ static_cast<double>(ax.data[i])  (2 ≈ 2)

[JSON round-trip — LUT lookup→natural→lookup korunur]
  PASS  dp2.prof.accel_x.mode == accel_mode::natural
  PASS  dp2.prof.accel_x.length == ax.length
  PASS  ax2.mode == accel_mode::lookup
  PASS  static_cast<double>(ax2.data[i]) ≈ static_cast<double>(ax.data[i])  (0 ≈ 0)
  PASS  static_cast<double>(ax2.data[i]) ≈ static_cast<double>(ax.data[i])  (1 ≈ 1)
  PASS  static_cast<double>(ax2.data[i]) ≈ static_cast<double>(ax.data[i])  (5 ≈ 5)
  PASS  static_cast<double>(ax2.data[i]) ≈ static_cast<double>(ax.data[i])  (1.3 ≈ 1.3)
  PASS  static_cast<double>(ax2.data[i]) ≈ static_cast<double>(ax.data[i])  (15 ≈ 15)
  PASS  static_cast<double>(ax2.data[i]) ≈ static_cast<double>(ax.data[i])  (1.7 ≈ 1.7)
  PASS  static_cast<double>(ax2.data[i]) ≈ static_cast<double>(ax.data[i])  (30 ≈ 30)
  PASS  static_cast<double>(ax2.data[i]) ≈ static_cast<double>(ax.data[i])  (2 ≈ 2)

[app_config dosya round-trip (save + load)]
  PASS  cfg2.active_profile == cfg.active_profile
  PASS  cfg2.profiles.size() == cfg.profiles.size()
  PASS  p2.name == "gaming"
  PASS  p2.dev_cfg.dpi == 3200
  PASS  p2.prof.accel_x.mode == accel_mode::classic
  PASS  p2.prof.accel_x.acceleration ≈ 0.003  (0.003 ≈ 0.003)
  PASS  p2.prof.accel_x.exponent_classic ≈ 1.8  (1.8 ≈ 1.8)

[BUG-22 — save_config supports bare relative filenames]
  PASS  dir != nullptr
  PASS  ok
  PASS  ok
  PASS  ok
  PASS  restored_cwd

[gain monotonic artiş — classic/natural/jump]
  PASS  classic gain monotonic
  PASS  natural gain monotonic
  PASS  jump gain monotonic

[power mod — monotonik artış]
  PASS  ok
  PASS  ok
  PASS  ok

[classic — cap_mode::io ve cap_mode::in]
  PASS  g_at_cap ≈ 1.4  (1.4 ≈ 1.4)
  PASS  g_beyond ≈ 1.6  (1.6 ≈ 1.6)
  PASS  g_beyond > g_at_cap
  PASS  cl(1e9, args) ≈ 1.8  (1.8 ≈ 1.8)
  PASS  cl(0.0, args) ≈ 1.0  (1 ≈ 1)
  PASS  g_at_cap ≈ 1.06  (1.06 ≈ 1.06)
  PASS  g_beyond ≈ 1.09  (1.09 ≈ 1.09)
  PASS  g_beyond > g_at_cap
  PASS  g_beyond < 1.12 + 1e-9
  PASS  g_at_cap > 1.0

[modifier — domain/range weights, degrees_rotation]
  PASS  wx ≈ 2.0  (2 ≈ 2)
  PASS  p.range_weights.y ≈ 1.0  (1 ≈ 1)
  PASS  cx ≈ 0.0  (6.12323e-17 ≈ 0)
  PASS  sx ≈ 1.0  (1 ≈ 1)
  PASS  speed ≈ 5.0  (5 ≈ 5)
  PASS  speed ≈ std::sqrt(52.0)  (7.2111 ≈ 7.2111)

[N8 natural limit<1 no inversion, N11 power exponent=0 finite]
  PASS  n(0.0, args) ≈ 1.0  (1 ≈ 1)
  PASS  n(5.0, args) > args.limit
  PASS  n(20.0, args) > args.limit
  PASS  n(5.0, args) < 1.0
  PASS  std::isfinite(n(50.0, args))
  PASS  n(50.0, args) ≈ args.limit  (0.500023 ≈ 0.5)
  PASS  n(10.0, args) >= 0.0
  PASS  std::isfinite(n(10.0, args))
  PASS  std::isfinite(g)
  PASS  g >= 0.0
  PASS  std::isfinite(g)

[modifier.modify() — end-to-end]
  PASS  in.x ≈ 3.0  (3 ≈ 3)
  PASS  in.y ≈ 4.0  (4 ≈ 4)
  PASS  in.x ≈ 0.0  (0 ≈ 0)
  PASS  in.y ≈ 0.0  (0 ≈ 0)
  PASS  std::fabs(in.x) > 30.0
  PASS  std::isfinite(in.x)
  PASS  std::isfinite(in.y)
  PASS  in.x ≈ 0.0  (6.12323e-17 ≈ 0)
  PASS  in.y ≈ 1.0  (1 ≈ 1)
  PASS  out_speed >= 50.0 - 1e-6
  PASS  out_speed <= 200.0 + 1e-6
  PASS  in_right.x ≈ 5.0  (5 ≈ 5)
  PASS  in_left.x ≈ -10.0  (-10 ≈ -10)
  PASS  in.y ≈ 0.0  (0 ≈ 0)
  PASS  std::fabs(in.x) > 0.0

[speed_processor — distance modes]
  PASS  sp.speed_flags.dist_mode == distance_mode::euclidean
  PASS  s ≈ 5.0  (5 ≈ 5)
  PASS  sp.speed_flags.dist_mode == distance_mode::max
  PASS  s ≈ 4.0  (4 ≈ 4)
  PASS  sp.speed_flags.dist_mode == distance_mode::Lp
  PASS  s ≈ 7.0  (7 ≈ 7)
  PASS  sp.speed_flags.dist_mode == distance_mode::separate
  PASS  v.x ≈ 3.0  (3 ≈ 3)
  PASS  v.y ≈ 4.0  (4 ≈ 4)
  PASS  sp.speed_flags.should_smooth_input
  PASS  sp.speed_flags.should_smooth_scale
  PASS  sp.speed_flags.should_smooth_output
  PASS  !sp.speed_flags.should_smooth_input
  PASS  !sp.speed_flags.should_smooth_scale
  PASS  !sp.speed_flags.should_smooth_output

[config error paths — bad JSON, missing fields, overlong LUT]
  PASS  threw
  PASS  threw
  PASS  !cfg.profiles.empty()
  PASS  cfg.profiles[0].name == "x"
  PASS  cfg.profiles[0].dev_cfg.dpi == device_config{}.dpi
  PASS  cfg.profiles[0].dev_cfg.polling_rate == device_config{}.polling_rate
  PASS  lut.size <= (int)LUT_POINTS_CAPACITY
  PASS  threw
  PASS  !threw

[input validation — DPI / polling_rate / rotation / snap / speed bounds]
  PASS  !cfg.profiles.empty()
  PASS  cfg.profiles[0].dev_cfg.dpi >= 1
  PASS  cfg.profiles[0].dev_cfg.polling_rate <= 8000
  PASS  rot >= 0 && rot < 360
  PASS  cfg.profiles[0].prof.degrees_snap <= 45
  PASS  mx == 0 || mx >= mn
  PASS  dp.dev_cfg.dpi >= 1
  PASS  dp.dev_cfg.polling_rate >= 125
  PASS  dp.prof.degrees_snap >= 0
  PASS  dp.prof.output_dpi <= 32000
  PASS  dp.prof.accel_x.exponent_classic >= 1.0
  PASS  dp.prof.accel_y.exponent_classic <= 10.0

[multi-profile config — save/load/active_profile integrity]
  PASS  cfg_in.profiles.size() == 3
  PASS  cfg_in.active_profile == "gaming"
  PASS  cfg_in.profiles[0].name == "default"
  PASS  cfg_in.profiles[1].name == "gaming"
  PASS  cfg_in.profiles[2].name == "office"
  PASS  cfg_in.profiles[1].dev_cfg.dpi == 1600
  PASS  cfg_in.profiles[1].prof.accel_x.mode == accel_mode::classic
  PASS  cfg_in.profiles[0].prof.accel_x.mode == accel_mode::noaccel

[atomic config write — no .tmp file left after successful save]
  PASS  st_after.st_ino != st_before.st_ino
  PASS  tmp_leftover_count(atomic_path) == 0
  PASS  !reloaded.profiles.empty()
  PASS  reloaded.profiles[0].name == "atomic_test_2"

[IPC profile JSON round-trip — profile_to_json → profile_from_json]
  PASS  !json_str.empty()
  PASS  dp2.name == dp.name
  PASS  dp2.device_id == dp.device_id
  PASS  dp2.dev_cfg.dpi == dp.dev_cfg.dpi
  PASS  dp2.dev_cfg.polling_rate == dp.dev_cfg.polling_rate
  PASS  dp2.prof.accel_x.mode == dp.prof.accel_x.mode
  PASS  std::fabs(dp2.prof.accel_x.motivity - dp.prof.accel_x.motivity) < 1e-9
  PASS  std::fabs(dp2.prof.degrees_rotation - dp.prof.degrees_rotation) < 1e-9

[apply_motion_math — subpixel accumulation + noaccel passthrough]
  PASS  ox == 5
  PASS  oy == 3
  PASS  rx ≈ 0.0  (0 ≈ 0)
  PASS  ry ≈ 0.0  (0 ≈ 0)
  PASS  ox == 0
  PASS  rx ≈ 0.4  (0.4 ≈ 0.4)
  PASS  ox == 0
  PASS  rx ≈ 0.8  (0.8 ≈ 0.8)
  PASS  ox == 1
  PASS  rx < 0.25
  PASS  ox == 0
  PASS  rx < 0.0
  PASS  rx > -1.0
  PASS  ox == -1
  PASS  ox > 50
  PASS  std::isfinite(rx)

[modifier — non-finite time is ignored without poisoning EMA state]
  PASS  ox == 0 && oy == 0
  PASS  ox == 0 && oy == 0
  PASS  ox != 0 || oy != 0
  PASS  std::isfinite(rx) && std::isfinite(ry)

[lat_stats — histogram, percentile, snapshot_and_reset]
  PASS  ls.count == 0
  PASS  ls.avg_us() ≈ 0.0  (0 ≈ 0)
  PASS  ls.percentile(50) ≈ 0.0  (0 ≈ 0)
  PASS  ls.percentile(99) ≈ 0.0  (0 ≈ 0)
  PASS  ls.count == 1
  PASS  ls.min_us ≈ 10.0  (10 ≈ 10)
  PASS  ls.max_us ≈ 10.0  (10 ≈ 10)
  PASS  ls.avg_us() ≈ 10.0  (10 ≈ 10)
  PASS  ls.count == 100
  PASS  p50 >= 1.0 - 1e-9
  PASS  p50 <= 1.5 + 1e-9
  PASS  p99 >= 3.0 - 1e-9
  PASS  p99 <= 3.5 + 1e-9
  PASS  ls.avg_us() ≈ 2.0  (2 ≈ 2)
  PASS  ls.count == 2
  PASS  ls.over == 1
  PASS  ls.max_us > lat_stats::RANGE_US
  PASS  p50 > 0.0
  PASS  p50 <= ls.max_us + 1e-9
  PASS  pm25 <= pm50 + 1e-9
  PASS  pm50 < mixed.max_us
  PASS  pm50 < mixed.avg_us() * 2.0
  PASS  ls.count == 10
  PASS  s.count == 10
  PASS  s.min_us ≈ 1.0  (1 ≈ 1)
  PASS  s.max_us >= 10.0
  PASS  ls.count == 0
  PASS  ls.avg_us() ≈ 0.0  (0 ≈ 0)
  PASS  sp50 > 0.0
  PASS  ls.count == 11
  PASS  ls.max_us > lat_stats::RANGE_US
  PASS  ls.count == 0
  PASS  ls.avg_us() ≈ 0.0  (0 ≈ 0)
  PASS  ls.min_us == 1e9 && ls.max_us == 0 && ls.over == 0
  PASS  ls.percentile(50) == 0.0
  PASS  ls.percentile(100) == 0.0
  PASS  ls.count == 1
  PASS  ls.min_us ≈ 5.0  (5 ≈ 5)
  PASS  ls.count == 100
  PASS  p50 <= p95 + 1e-9
  PASS  p95 <= p99 + 1e-9
  PASS  p99 > 0.0
  PASS  ls.percentile(nan) ≈ 0.0  (0 ≈ 0)
  PASS  ls.percentile(inf) ≈ ls.max_us  (2 ≈ 2)
  PASS  s.percentile(nan) ≈ 0.0  (0 ≈ 0)
  PASS  s.percentile(inf) ≈ s.max_us  (2 ≈ 2)
  PASS  b.count == 2
  PASS  a.count == 0

[natural — decay_rate=0 (accel=0) no NaN]
  PASS  g1 ≈ 1.0  (1 ≈ 1)
  PASS  std::isfinite(g5)
  PASS  g5 >= 1.0 - 1e-9
  PASS  std::isfinite(g50)
  PASS  g50 >= 1.0 - 1e-9
  PASS  std::isfinite(g)
  PASS  g >= 1.0 - 1e-9
  PASS  std::isfinite(g)

[extreme input values — no NaN/Inf from any algorithm]
  PASS  all_finite
  PASS  all_finite
  PASS  all_finite
  PASS  all_finite
  PASS  all_finite
  PASS  all_finite
  PASS  all_ok

[classic — degenerate cap_mode::io (cap.x <= input_offset)]
  PASS  std::isfinite(g)
  PASS  g >= 1.0

[power — exponent_power=0 (clamped to 1e-4)]
  PASS  std::isfinite(g)
  PASS  g > 0.0
  PASS  std::isfinite(g2)

[lookup — duplicate points, single point, odd length]
  PASS  lut.size == 0
  PASS  lut(5.0, args) ≈ 1.0  (1 ≈ 1)
  PASS  std::isfinite(g)
  PASS  lut.size == max_pairs
  PASS  std::isfinite(g)

[modifier — zero/negative time guard]
  PASS  in.x ≈ 0.0  (0 ≈ 0)
  PASS  in.y ≈ 0.0  (0 ≈ 0)
  PASS  in.x ≈ 0.0  (0 ≈ 0)
  PASS  in.y ≈ 0.0  (0 ≈ 0)

[EMA smoother — extreme halflife values]
  PASS  std::isfinite(r1)
  PASS  std::isfinite(r2)
  PASS  std::isfinite(r)
  PASS  r >= 0.0
  PASS  r <= 100.0
  PASS  std::isfinite(r)

[subpixel accumulation — sign correctness across directions]
  PASS  rx >= 0.0
  PASS  rx < 1.0
  PASS  rx <= 0.0
  PASS  rx > -1.0
  PASS  ox == -1
  PASS  rx ≈ -0.1  (-0.1 ≈ -0.1)

[sanitize_device_profile — extreme value clamping]
  PASS  dp.dev_cfg.dpi >= 1
  PASS  dp.dev_cfg.polling_rate <= 8000
  PASS  dp.prof.degrees_rotation >= 0.0
  PASS  dp.prof.degrees_rotation < 360.0
  PASS  dp.prof.degrees_snap <= 45.0
  PASS  dp.prof.output_dpi == 0.0
  PASS  dp.prof.lr_output_dpi_ratio >= 0.01
  PASS  dp.prof.ud_output_dpi_ratio <= 100.0
  PASS  dp.prof.speed_min >= 0
  PASS  dp.prof.speed_max >= 0
  PASS  dp.prof.speed_processor_args.lp_norm > 0

[sanitize_device_profile — sorts unsorted LUT data]
  PASS  dp.prof.accel_x.data[0] ≈ 0.0f  (0 ≈ 0)
  PASS  dp.prof.accel_x.data[1] ≈ 1.0f  (1 ≈ 1)
  PASS  dp.prof.accel_x.data[2] ≈ 5.0f  (5 ≈ 5)
  PASS  dp.prof.accel_x.data[3] ≈ 1.2f  (1.2 ≈ 1.2)
  PASS  dp.prof.accel_x.data[4] ≈ 10.0f  (10 ≈ 10)
  PASS  dp.prof.accel_x.data[5] ≈ 1.5f  (1.5 ≈ 1.5)
  PASS  dp.prof.accel_x.data[6] ≈ 20.0f  (20 ≈ 20)
  PASS  dp.prof.accel_x.data[7] ≈ 2.0f  (2 ≈ 2)
  PASS  lut(0.0, dp.prof.accel_x) ≈ 0.0  (0 ≈ 0)
  PASS  lut(5.0, dp.prof.accel_x) ≈ 1.2  (1.2 ≈ 1.2)
  PASS  lut(10.0, dp.prof.accel_x) ≈ 1.5  (1.5 ≈ 1.5)
  PASS  lut(20.0, dp.prof.accel_x) ≈ 2.0  (2 ≈ 2)
  PASS  lut(2.5, dp.prof.accel_x) ≈ 1.1  (1.1 ≈ 1.1)
  PASS  dp.prof.accel_y.data[0] ≈ 10.0f  (10 ≈ 10)
  PASS  dp.prof.accel_y.data[1] ≈ 1.3f  (1.3 ≈ 1.3)
  PASS  dp.prof.accel_y.data[2] ≈ 30.0f  (30 ≈ 30)
  PASS  dp.prof.accel_y.data[3] ≈ 1.8f  (1.8 ≈ 1.8)
  PASS  dp.prof.accel_x.data[0] ≈ 0.0f  (0 ≈ 0)
  PASS  dp.prof.accel_x.data[2] ≈ 10.0f  (10 ≈ 10)
  PASS  dp.prof.accel_x.data[4] ≈ 20.0f  (20 ≈ 20)
  PASS  dp.prof.accel_x.data[i * 2] <= dp.prof.accel_x.data[(i + 1) * 2]
  PASS  dp.prof.accel_x.data[i * 2] <= dp.prof.accel_x.data[(i + 1) * 2]
  PASS  dp.prof.accel_x.data[i * 2] <= dp.prof.accel_x.data[(i + 1) * 2]
  PASS  dp.prof.accel_x.data[i * 2] <= dp.prof.accel_x.data[(i + 1) * 2]
  PASS  dp.prof.accel_x.data[0] ≈ 0.0f  (0 ≈ 0)
  PASS  dp.prof.accel_x.data[8] ≈ 40.0f  (40 ≈ 40)
  PASS  dp.prof.accel_x.data[0] ≈ 5.0f  (5 ≈ 5)
  PASS  dp.prof.accel_x.data[1] ≈ 1.5f  (1.5 ≈ 1.5)
  PASS  dp.prof.accel_x.length == 0

[P54-B2 — LUT length clamp in sanitize]
  PASS  static_cast<size_t>(dp.prof.accel_x.length) <= LUT_RAW_DATA_CAPACITY
  PASS  dp.prof.accel_x.length >= 0
  PASS  dpn.prof.accel_x.length == 0

[P54-B3 — save_config tmp is pid-suffixed, atomic, no .tmp left]
  PASS  tmp_leftover_count(path) == 0
  PASS  std::filesystem::exists(path)
  PASS  std::filesystem::file_size(path) > 0

[P54-B4 — wrong-typed string fields fall back, no throw]
  PASS  cfg.active_profile == "default"
  PASS  cfg.use_raw_input == true
  PASS  cfg.profiles.size() == 1
  PASS  cfg.profiles[0].name.empty()
  PASS  cfg.profiles[0].device_id.empty()
  PASS  cfg.profiles[0].dev_cfg.dpi == 800
  PASS  cfg.profiles[0].prof.accel_x.mode == accel_mode::noaccel

[LUT sort — unsorted JSON round-trip]
  PASS  cfg2.profiles.size() == 1
  PASS  ax.length == 6
  PASS  ax.data[0] ≈ 0.0f  (0 ≈ 0)
  PASS  ax.data[1] ≈ 1.0f  (1 ≈ 1)
  PASS  ax.data[2] ≈ 5.0f  (5 ≈ 5)
  PASS  ax.data[3] ≈ 6.0f  (6 ≈ 6)
  PASS  ax.data[4] ≈ 15.0f  (15 ≈ 15)
  PASS  ax.data[5] ≈ 24.0f  (24 ≈ 24)
  PASS  lut(0.0, ax) ≈ 0.0  (0 ≈ 0)
  PASS  lut(5.0, ax) ≈ 1.2  (1.2 ≈ 1.2)
  PASS  lut(15.0, ax) ≈ 1.6  (1.6 ≈ 1.6)

[LUT — P43-BF1 regression: lookup+gain round-trip stays stable]
  PASS  y ≈ 200.0f  (200 ≈ 200)
  PASS  y ≈ 200.0f  (200 ≈ 200)
  PASS  y ≈ 200.0f  (200 ≈ 200)
  PASS  cl.profiles[0].prof.accel_x.data[3] ≈ 20000.0f  (20000 ≈ 20000)

[motion_math — int overflow clamp + NaN/Inf guard]
  PASS  ox > 0
  PASS  oy < 0
  PASS  std::isfinite(rx)
  PASS  std::isfinite(ry)
  PASS  std::isfinite(rx)
  PASS  std::isfinite(ry)
  PASS  ox < 0
  PASS  oy > 0
  PASS  std::isfinite(rx)
  PASS  std::isfinite(ry)
  PASS  ox == 0
  PASS  oy == 0
  PASS  rx ≈ 0.0  (0 ≈ 0)
  PASS  ry ≈ 0.0  (0 ≈ 0)

[sanitize_device_profile — accel_args field clamping]
  PASS  dp.prof.accel_x.acceleration ≈ -5.0  (-5 ≈ -5)
  PASS  dp.prof.accel_y.acceleration ≈ -0.001  (-0.001 ≈ -0.001)
  PASS  dp.prof.accel_x.scale >= 0
  PASS  dp.prof.accel_x.decay_rate >= 0
  PASS  dp.prof.accel_x.exponent_power >= 1e-4
  PASS  dp.prof.accel_y.exponent_power >= 1e-4
  PASS  dp.prof.accel_x.input_offset >= 0
  PASS  dp.prof.accel_x.output_offset >= 0
  PASS  dp.prof.accel_x.limit >= 0
  PASS  dp.prof.accel_x.sync_speed >= 1e-4
  PASS  dp.prof.accel_y.sync_speed >= 1e-4
  PASS  dp.prof.accel_x.smooth >= 0
  PASS  dp.prof.accel_x.motivity >= 0
  PASS  dp.prof.accel_x.gamma >= 0
  PASS  dp.prof.accel_x.cap.x >= 0
  PASS  dp.prof.accel_x.cap.y >= 0
  PASS  dp.prof.speed_processor_args.input_speed_smooth_halflife >= 0
  PASS  dp.prof.speed_processor_args.scale_smooth_halflife >= 0
  PASS  dp.prof.speed_processor_args.output_speed_smooth_halflife >= 0
  PASS  dp.prof.domain_weights.x >= 0
  PASS  dp.prof.domain_weights.y >= 0
  PASS  dp.prof.range_weights.x >= 0
  PASS  dp.prof.range_weights.y >= 0
  PASS  dp.prof.domain_weights.x ≈ 1e6  (1e+06 ≈ 1e+06)
  PASS  dp.prof.domain_weights.y ≈ 1e6  (1e+06 ≈ 1e+06)
  PASS  dp.prof.range_weights.x ≈ 1e6  (1e+06 ≈ 1e+06)
  PASS  dp.prof.range_weights.y ≈ 1e6  (1e+06 ≈ 1e+06)
  PASS  a.acceleration ≈ -5.0  (-5 ≈ -5)
  PASS  a.scale >= 0
  PASS  a.decay_rate >= 0
  PASS  a.exponent_power >= 1e-4
  PASS  a.input_offset >= 0
  PASS  a.output_offset >= 0
  PASS  a.limit >= 0
  PASS  a.sync_speed >= 1e-4
  PASS  a.smooth >= 0
  PASS  a.motivity >= 0
  PASS  a.gamma >= 0
  PASS  a.cap.x >= 0
  PASS  a.cap.y >= 0
  PASS  cfg.profiles[0].prof.domain_weights.x >= 0
  PASS  cfg.profiles[0].prof.domain_weights.y >= 0
  PASS  cfg.profiles[0].prof.range_weights.x >= 0
  PASS  cfg.profiles[0].prof.range_weights.y >= 0
  PASS  std::isfinite(gain)

[raw_passthrough — JSON round-trip]
  PASS  p.raw_passthrough == false
  PASS  cfg2.profiles[0].prof.raw_passthrough == false
  PASS  content.find("raw_passthrough") != std::string::npos
  PASS  cfg2.profiles[0].prof.raw_passthrough == true
  PASS  cfg.profiles[0].prof.raw_passthrough == false

[fuzz — random accel_args across all modes, no NaN (Inf OK — motion_math clamps)]
  PASS  nan_count == 0

[fuzz — unsanitized random args through motion_math pipeline, output always finite]
  PASS  bad_output == 0
  PASS  bad_remainder == 0

[fuzz — random profile JSON round-trip preserves sanitized values]
  PASS  sanitize_fail == 0

[edge — all accel modes × extreme speed values, all outputs finite]
  PASS  nan_count == 0
  PASS  inf_count == 0

[edge — EMA smoothers with extreme time values, no divergence]
  PASS  bad == 0
  PASS  bad == 0
  PASS  bad == 0

[edge — subpixel accumulation: 1000 × 0.1 delta → ~100 total output]
  PASS  reconstructed ≈ 100.0  (100 ≈ 100)
  PASS  total_y == 0
  PASS  std::fabs(rx) < 1.0
  PASS  std::fabs(ry) < 1e-9

[edge — subpixel: negative deltas accumulate correctly]
  PASS  reconstructed ≈ -150.0  (-150 ≈ -150)
  PASS  std::fabs(rx) < 1.0

[edge — modifier with rotate+snap+clamp+directional weight, all outputs finite]
  PASS  bad == 0

[edge — modifier separate distance mode with smoothing, outputs finite]
  PASS  bad == 0

[stress — 10000 motion events, remainder stays bounded]
  PASS  max_remainder_violation == 0

[stress — alternating +5/-5 deltas cancel out to zero total]
  PASS  total_x == 0
  PASS  std::fabs(rx) < 1e-9

[edge — power mode: extreme scale/exponent combinations, all finite]
  PASS  bad == 0

[edge — lookup with single point, duplicate points, huge values]
  PASS  r ≈ 1.0  (1 ≈ 1)
  PASS  bad == 0

[edge — natural mode: extreme decay/limit combinations, all finite]
  PASS  r_ng ≈ 1.0  (1 ≈ 1)
  PASS  r_g ≈ 1.0  (1 ≈ 1)
  PASS  bad == 0

[edge — synchronous mode: extreme exponents, all finite]
  PASS  bad == 0

[R6 — lr/ud_output_dpi_ratio zero does not produce Inf/NaN]
  PASS  std::isfinite(in.x)
  PASS  std::isfinite(in.y)
  PASS  std::isfinite(in2.x)
  PASS  std::isfinite(in2.y)
  PASS  in2.x ≈ 5.0  (5 ≈ 5)
  PASS  in2.y ≈ -1.5  (-1.5 ≈ -1.5)

[R6 — lp_distance({0,0}, p) returns 0 for any p]
  PASS  lp_distance({0, 0}, 2.0) ≈ 0.0  (0 ≈ 0)
  PASS  lp_distance({0, 0}, 3.0) ≈ 0.0  (0 ≈ 0)
  PASS  lp_distance({0, 0}, -1.0) ≈ 0.0  (0 ≈ 0)
  PASS  lp_distance({0, 0}, -0.5) ≈ 0.0  (0 ≈ 0)
  PASS  lp_distance({0, 0}, 100.0) ≈ 0.0  (0 ≈ 0)
  PASS  r ≈ 5.0  (5 ≈ 5)

[R16 — lp_distance: non-finite bileşen sonlu (0) döner]
  PASS  std::isfinite(lp_distance({kInf, 3.0}, 2.0))
  PASS  std::isfinite(lp_distance({3.0, kInf}, 2.0))
  PASS  std::isfinite(lp_distance({kInf, kInf}, 2.0))
  PASS  std::isfinite(lp_distance({kInf, 0.0}, 1.0))
  PASS  lp_distance({kInf, 3.0}, 2.0) ≈ 0.0  (0 ≈ 0)
  PASS  lp_distance({3.0, kInf}, 2.0) ≈ 0.0  (0 ≈ 0)
  PASS  std::isfinite(lp_distance({kInf, 3.0}, -1.0))
  PASS  std::isfinite(lp_distance({kInf, 0.0}, -1.0))

[R16 — lp_distance: NaN bileşen de yakalanır (M üzerinde guard YETMEZ)]
  PASS  std::isfinite(lp_distance({kNan, 3.0}, 2.0))
  PASS  std::isfinite(lp_distance({3.0, kNan}, 2.0))
  PASS  std::isfinite(lp_distance({kNan, kNan}, 2.0))
  PASS  std::isfinite(lp_distance({kNan, 0.0}, 2.0))

[R16 — ASİMETRİ YOK: iki bileşen yer değiştirince sonuç değişmez]
  PASS  lp_distance({3.0, kNan}, 2.0) ≈ lp_distance({kNan, 3.0}, 2.0)  (0 ≈ 0)
  PASS  lp_distance({3.0, kInf}, 2.0) ≈ lp_distance({kInf, 3.0}, 2.0)  (0 ≈ 0)
  PASS  lp_distance({2.0, kNan}, 7.0) ≈ lp_distance({kNan, 2.0}, 7.0)  (0 ≈ 0)
  PASS  lp_distance({a, b}, p) ≈ lp_distance({b, a}, p)  (0.5 ≈ 0.5)
  PASS  lp_distance({a, b}, p) ≈ lp_distance({b, a}, p)  (0.5 ≈ 0.5)
  PASS  lp_distance({a, b}, p) ≈ lp_distance({b, a}, p)  (0.5 ≈ 0.5)
  PASS  lp_distance({a, b}, p) ≈ lp_distance({b, a}, p)  (0.5 ≈ 0.5)
  PASS  lp_distance({a, b}, p) ≈ lp_distance({b, a}, p)  (1.5 ≈ 1.5)
  PASS  lp_distance({a, b}, p) ≈ lp_distance({b, a}, p)  (1.11803 ≈ 1.11803)
  PASS  lp_distance({a, b}, p) ≈ lp_distance({b, a}, p)  (1.04004 ≈ 1.04004)
  PASS  lp_distance({a, b}, p) ≈ lp_distance({b, a}, p)  (2.91421 ≈ 2.91421)
  PASS  lp_distance({a, b}, p) ≈ lp_distance({b, a}, p)  (4.5 ≈ 4.5)
  PASS  lp_distance({a, b}, p) ≈ lp_distance({b, a}, p)  (4.03113 ≈ 4.03113)
  PASS  lp_distance({a, b}, p) ≈ lp_distance({b, a}, p)  (4.0026 ≈ 4.0026)
  PASS  lp_distance({a, b}, p) ≈ lp_distance({b, a}, p)  (7.32843 ≈ 7.32843)
  PASS  lp_distance({a, b}, p) ≈ lp_distance({b, a}, p)  (100000 ≈ 100000)
  PASS  lp_distance({a, b}, p) ≈ lp_distance({b, a}, p)  (100000 ≈ 100000)
  PASS  lp_distance({a, b}, p) ≈ lp_distance({b, a}, p)  (100000 ≈ 100000)
  PASS  lp_distance({a, b}, p) ≈ lp_distance({b, a}, p)  (100448 ≈ 100448)
  PASS  lp_distance({a, b}, p) ≈ lp_distance({b, a}, p)  (3 ≈ 3)
  PASS  lp_distance({a, b}, p) ≈ lp_distance({b, a}, p)  (3 ≈ 3)
  PASS  lp_distance({a, b}, p) ≈ lp_distance({b, a}, p)  (3 ≈ 3)
  PASS  lp_distance({a, b}, p) ≈ lp_distance({b, a}, p)  (3 ≈ 3)
  PASS  lp_distance({a, b}, p) ≈ lp_distance({b, a}, p)  (4 ≈ 4)
  PASS  lp_distance({a, b}, p) ≈ lp_distance({b, a}, p)  (3.16228 ≈ 3.16228)
  PASS  lp_distance({a, b}, p) ≈ lp_distance({b, a}, p)  (3.03659 ≈ 3.03659)
  PASS  lp_distance({a, b}, p) ≈ lp_distance({b, a}, p)  (7.4641 ≈ 7.4641)
  PASS  lp_distance({a, b}, p) ≈ lp_distance({b, a}, p)  (7 ≈ 7)
  PASS  lp_distance({a, b}, p) ≈ lp_distance({b, a}, p)  (5 ≈ 5)
  PASS  lp_distance({a, b}, p) ≈ lp_distance({b, a}, p)  (4.49794 ≈ 4.49794)
  PASS  lp_distance({a, b}, p) ≈ lp_distance({b, a}, p)  (13.9282 ≈ 13.9282)
  PASS  lp_distance({a, b}, p) ≈ lp_distance({b, a}, p)  (100003 ≈ 100003)
  PASS  lp_distance({a, b}, p) ≈ lp_distance({b, a}, p)  (100000 ≈ 100000)
  PASS  lp_distance({a, b}, p) ≈ lp_distance({b, a}, p)  (100000 ≈ 100000)
  PASS  lp_distance({a, b}, p) ≈ lp_distance({b, a}, p)  (101098 ≈ 101098)
  PASS  lp_distance({a, b}, p) ≈ lp_distance({b, a}, p)  (100000 ≈ 100000)
  PASS  lp_distance({a, b}, p) ≈ lp_distance({b, a}, p)  (100000 ≈ 100000)
  PASS  lp_distance({a, b}, p) ≈ lp_distance({b, a}, p)  (100000 ≈ 100000)
  PASS  lp_distance({a, b}, p) ≈ lp_distance({b, a}, p)  (100000 ≈ 100000)
  PASS  lp_distance({a, b}, p) ≈ lp_distance({b, a}, p)  (100001 ≈ 100001)
  PASS  lp_distance({a, b}, p) ≈ lp_distance({b, a}, p)  (100000 ≈ 100000)
  PASS  lp_distance({a, b}, p) ≈ lp_distance({b, a}, p)  (100000 ≈ 100000)
  PASS  lp_distance({a, b}, p) ≈ lp_distance({b, a}, p)  (100633 ≈ 100633)
  PASS  lp_distance({a, b}, p) ≈ lp_distance({b, a}, p)  (100004 ≈ 100004)
  PASS  lp_distance({a, b}, p) ≈ lp_distance({b, a}, p)  (100000 ≈ 100000)
  PASS  lp_distance({a, b}, p) ≈ lp_distance({b, a}, p)  (100000 ≈ 100000)
  PASS  lp_distance({a, b}, p) ≈ lp_distance({b, a}, p)  (101269 ≈ 101269)
  PASS  lp_distance({a, b}, p) ≈ lp_distance({b, a}, p)  (200000 ≈ 200000)
  PASS  lp_distance({a, b}, p) ≈ lp_distance({b, a}, p)  (141421 ≈ 141421)
  PASS  lp_distance({a, b}, p) ≈ lp_distance({b, a}, p)  (125992 ≈ 125992)
  PASS  lp_distance({a, b}, p) ≈ lp_distance({b, a}, p)  (400000 ≈ 400000)

[R16 — duyarlılık: guard SONLU girdilerin sonucunu değiştirmez]
  PASS  lp_distance({3, 4}, 1e-9) ≈ 4.0  (4 ≈ 4)
  PASS  lp_distance({3, 4}, 1e-320) ≈ 4.0  (4 ≈ 4)
  PASS  lp_distance({3, 4}, -1.0) ≈ 1.7142857142857144  (1.71429 ≈ 1.71429)
  PASS  lp_distance({3, 4}, 2.0) ≈ 5.0  (5 ≈ 5)
  PASS  lp_distance({3, 4}, 1.0) ≈ 7.0  (7 ≈ 7)
  PASS  lp_distance({1e5, 1}, 2.0) ≈ 1e5  (100000 ≈ 100000)
  PASS  lp_distance({1e200, 1e200}, 2.0) ≈ 1.4142135623730951e200  (1.41421e+200 ≈ 1.41421e+200)
  PASS  std::isfinite(magnitude({1e200, 1e200}))
  PASS  magnitude({1e200, 1e200}) ≈ 1.4142135623730951e200  (1.41421e+200 ≈ 1.41421e+200)

[R7 — EMA smoother: halflife=0 (no smoothing), halflife=huge, halflife=tiny]
  PASS  r ≈ 42.0  (42 ≈ 42)
  PASS  r ≈ 7.0  (7 ≈ 7)
  PASS  r < 1.0
  PASS  std::isfinite(r)
  PASS  r ≈ 50.0  (50 ≈ 50)
  PASS  std::isfinite(r)
  PASS  r ≈ 42.0  (42 ≈ 42)
  PASS  r ≈ 7.0  (7 ≈ 7)

[R7 — motion_math guards against NaN from any acceleration output]
  PASS  std::isfinite(rx)
  PASS  std::isfinite(ry)
  PASS  ox >= INT_MIN && ox <= INT_MAX
  PASS  oy >= INT_MIN && oy <= INT_MAX

[R7 — classic io mode: cap.x < input_offset produces finite output]
  PASS  c(3.0, args) ≈ 1.0  (1 ≈ 1)
  PASS  std::isfinite(r)
  PASS  std::isfinite(r_slow)
  PASS  std::isfinite(r_fast)
  PASS  std::isfinite(r_inf)
  PASS  r_fast > r_slow
  PASS  r_inf > r_fast
  PASS  r_inf <= args.cap.y + 1e-9
  PASS  r_slow >= 1.0
  PASS  c(10.0, args) > 0.0
  PASS  c(100.0, args) > 0.0

[BUG-9 — classic cap_mode::in: cap.x <= input_offset stays finite]
  PASS  std::isfinite(g)
  PASS  g >= 0.0
  PASS  std::isfinite(g)
  PASS  g >= 0.0
  PASS  std::isfinite(g)
  PASS  g >= 0.0
  PASS  std::isfinite(g)
  PASS  g >= 0.0
  PASS  std::isfinite(g)
  PASS  g >= 0.0
  PASS  std::isfinite(g)
  PASS  g >= 0.0
  PASS  std::isfinite(g)
  PASS  g >= 0.0
  PASS  std::isfinite(g)
  PASS  g >= 0.0
  PASS  std::isfinite(c2(s, args))
  PASS  std::isfinite(c2(s, args))
  PASS  std::isfinite(c2(s, args))
  PASS  std::isfinite(c2(s, args))
  PASS  std::isfinite(c2(s, args))
  PASS  std::isfinite(c3(s, args))
  PASS  std::isfinite(c3(s, args))
  PASS  std::isfinite(c3(s, args))
  PASS  std::isfinite(c3(s, args))
  PASS  std::isfinite(c3(s, args))

[classic LEGACY cap_mode::in — cap.x == input_offset == reference]
  PASS  c(10.0, args) ≈ 1.0  (1 ≈ 1)
  PASS  c(20.0, args) ≈ 1.0  (1 ≈ 1)
  PASS  c(100.0, args) ≈ 1.0  (1 ≈ 1)
  PASS  c(100000.0, args) ≈ 1.0  (1 ≈ 1)

[classic LEGACY cap_mode::in — cap.x < input_offset keeps the NaN guard]
  PASS  std::isfinite(cd(x, deg))
  PASS  std::isfinite(cd(x, deg))
  PASS  std::isfinite(cd(x, deg))
  PASS  std::isfinite(cd(x, deg))
  PASS  std::isfinite(cd(x, deg))

[classic LEGACY cap_mode::in — cap.x == 0 must not divide by zero]
  PASS  std::isfinite(cz(x, z))
  PASS  std::isfinite(cz(x, z))
  PASS  std::isfinite(cz(x, z))

[classic LEGACY cap_mode::in — cap.x > input_offset clips as before]
  PASS  cn(50.0, n) ≈ 1.16  (1.16 ≈ 1.16)
  PASS  cn(150.0, n) ≈ 1.65333333  (1.65333 ≈ 1.65333)
  PASS  cn(400.0, n) ≈ cn(150.0, n)  (1.65333 ≈ 1.65333)

[BUG-15 — motion_math: clamp does not leak unbounded remainder]
  PASS  std::fabs(rx) < 1.0
  PASS  std::fabs(ry) < 1.0
  PASS  ox <= 100
  PASS  total >= 2 && total <= 4
  PASS  std::isfinite(rx) && std::fabs(rx) < 1.0
  PASS  ox == 0

[BUG-13 — save_config: tmp file is removed and target updated atomically]
  PASS  stat(path.c_str(), &st) == 0
  PASS  tmp_leftover_count(path) == 0
  PASS  st.st_size > 0
  PASS  loaded.profiles.size() == 1
  PASS  loaded.profiles[0].name == "test"

[R7 — power mode: output_offset > 0, finite outputs for all speeds]
  PASS  bad == 0

[R7 — directional weight blending at 0°, 45°, 90°]
  PASS  settings.data.flags.apply_directional_weight
  PASS  in.x ≈ 11.0  (11 ≈ 11)
  PASS  in.y ≈ 0.0  (0 ≈ 0)
  PASS  in.x ≈ 0.0  (0 ≈ 0)
  PASS  in.y ≈ 12.0  (12 ≈ 12)

[R9 — subpixel remainder: 1M iterations, no cumulative drift]
  PASS  actual_x ≈ expected_x  (1.7e+06 ≈ 1.7e+06)
  PASS  actual_y ≈ expected_y  (-300000 ≈ -300000)
  PASS  std::fabs(rx) < 1.0
  PASS  std::fabs(ry) < 1.0

[R9 — classic gain mode: output monotonically non-decreasing with speed]
  PASS  violations == 0

[R9 — natural gain mode: output/x+1 converges to args.limit]
  PASS  r ≈ 3.0  (2.9996 ≈ 3)
  PASS  r_low ≈ 1.0  (1.00005 ≈ 1)
  PASS  r_ng ≈ 3.0  (3 ≈ 3)
  PASS  r_ng_low ≈ 1.0  (1.0001 ≈ 1)

[P105 — classic: acceleration küçük-değer finite/monotonic/cap]
  PASS  std::isfinite(g1) && std::isfinite(g10) && std::isfinite(g100) && std::isfinite(g1e4)
  PASS  g1 >= 1.0
  PASS  g10 >= g1 && g100 >= g10 && g1e4 >= g100
  PASS  g1e4 <= 1.5 + 1e-9
  PASS  std::isfinite(g1) && std::isfinite(g10) && std::isfinite(g100) && std::isfinite(g1e4)
  PASS  g1 >= 1.0
  PASS  g10 >= g1 && g100 >= g10 && g1e4 >= g100
  PASS  g1e4 <= 1.5 + 1e-9
  PASS  std::isfinite(g1) && std::isfinite(g10) && std::isfinite(g100) && std::isfinite(g1e4)
  PASS  g1 >= 1.0
  PASS  g10 >= g1 && g100 >= g10 && g1e4 >= g100
  PASS  g1e4 <= 1.5 + 1e-9
  PASS  std::isfinite(g1) && std::isfinite(g10) && std::isfinite(g100) && std::isfinite(g1e4)
  PASS  g1 >= 1.0
  PASS  g10 >= g1 && g100 >= g10 && g1e4 >= g100
  PASS  g1e4 <= 1.5 + 1e-9
  PASS  std::isfinite(g1) && std::isfinite(g10) && std::isfinite(g100) && std::isfinite(g1e4)
  PASS  g1 >= 1.0
  PASS  g10 >= g1 && g100 >= g10 && g1e4 >= g100
  PASS  g1e4 <= 1.5 + 1e-9

[P105 — classic: smooth/sync_speed bağımsızlığı]
  PASS  r1 ≈ r0  (1.21 ≈ 1.21)

[P105 — natural: decay_rate × limit etkileşimi finite]
  PASS  std::isfinite(g1) && std::isfinite(g10) && std::isfinite(g100) && std::isfinite(g1e5) && std::isfinite(g1e8)
  PASS  g1e5 <= 1.0 + 1e-9
  PASS  g1e8 ≈ lim  (0.500025 ≈ 0.5)
  PASS  std::isfinite(g1) && std::isfinite(g10) && std::isfinite(g100) && std::isfinite(g1e5) && std::isfinite(g1e8)
  PASS  g10 >= g1 - 1e-12 && g100 >= g10 - 1e-12 && g1e5 >= g100 - 1e-12
  PASS  g1e5 <= lim + 0.01
  PASS  g1e8 ≈ lim  (1 ≈ 1)
  PASS  std::isfinite(g1) && std::isfinite(g10) && std::isfinite(g100) && std::isfinite(g1e5) && std::isfinite(g1e8)
  PASS  g10 >= g1 - 1e-12 && g100 >= g10 - 1e-12 && g1e5 >= g100 - 1e-12
  PASS  g1e5 <= lim + 0.01
  PASS  g1e8 ≈ lim  (1.49998 ≈ 1.5)
  PASS  std::isfinite(g1) && std::isfinite(g10) && std::isfinite(g100) && std::isfinite(g1e5) && std::isfinite(g1e8)
  PASS  g10 >= g1 - 1e-12 && g100 >= g10 - 1e-12 && g1e5 >= g100 - 1e-12
  PASS  g1e5 <= lim + 0.01
  PASS  g1e8 ≈ lim  (2.9996 ≈ 3)
  PASS  std::isfinite(g1) && std::isfinite(g10) && std::isfinite(g100) && std::isfinite(g1e5) && std::isfinite(g1e8)
  PASS  g1e5 <= 1.0 + 1e-9
  PASS  g1e8 ≈ lim  (0.5 ≈ 0.5)
  PASS  std::isfinite(g1) && std::isfinite(g10) && std::isfinite(g100) && std::isfinite(g1e5) && std::isfinite(g1e8)
  PASS  g10 >= g1 - 1e-12 && g100 >= g10 - 1e-12 && g1e5 >= g100 - 1e-12
  PASS  g1e5 <= lim + 0.01
  PASS  g1e8 ≈ lim  (1 ≈ 1)
  PASS  std::isfinite(g1) && std::isfinite(g10) && std::isfinite(g100) && std::isfinite(g1e5) && std::isfinite(g1e8)
  PASS  g10 >= g1 - 1e-12 && g100 >= g10 - 1e-12 && g1e5 >= g100 - 1e-12
  PASS  g1e5 <= lim + 0.01
  PASS  g1e8 ≈ lim  (1.5 ≈ 1.5)
  PASS  std::isfinite(g1) && std::isfinite(g10) && std::isfinite(g100) && std::isfinite(g1e5) && std::isfinite(g1e8)
  PASS  g10 >= g1 - 1e-12 && g100 >= g10 - 1e-12 && g1e5 >= g100 - 1e-12
  PASS  g1e5 <= lim + 0.01
  PASS  g1e8 ≈ lim  (3 ≈ 3)
  PASS  std::isfinite(g1) && std::isfinite(g10) && std::isfinite(g100) && std::isfinite(g1e5) && std::isfinite(g1e8)
  PASS  g1e5 <= 1.0 + 1e-9
  PASS  g1e8 ≈ lim  (0.5 ≈ 0.5)
  PASS  std::isfinite(g1) && std::isfinite(g10) && std::isfinite(g100) && std::isfinite(g1e5) && std::isfinite(g1e8)
  PASS  g10 >= g1 - 1e-12 && g100 >= g10 - 1e-12 && g1e5 >= g100 - 1e-12
  PASS  g1e5 <= lim + 0.01
  PASS  g1e8 ≈ lim  (1 ≈ 1)
  PASS  std::isfinite(g1) && std::isfinite(g10) && std::isfinite(g100) && std::isfinite(g1e5) && std::isfinite(g1e8)
  PASS  g10 >= g1 - 1e-12 && g100 >= g10 - 1e-12 && g1e5 >= g100 - 1e-12
  PASS  g1e5 <= lim + 0.01
  PASS  g1e8 ≈ lim  (1.5 ≈ 1.5)
  PASS  std::isfinite(g1) && std::isfinite(g10) && std::isfinite(g100) && std::isfinite(g1e5) && std::isfinite(g1e8)
  PASS  g10 >= g1 - 1e-12 && g100 >= g10 - 1e-12 && g1e5 >= g100 - 1e-12
  PASS  g1e5 <= lim + 0.01
  PASS  g1e8 ≈ lim  (3 ≈ 3)
  PASS  std::isfinite(g1) && std::isfinite(g10) && std::isfinite(g100) && std::isfinite(g1e5) && std::isfinite(g1e8)
  PASS  g1e5 <= 1.0 + 1e-9
  PASS  g1e8 ≈ lim  (0.5 ≈ 0.5)
  PASS  std::isfinite(g1) && std::isfinite(g10) && std::isfinite(g100) && std::isfinite(g1e5) && std::isfinite(g1e8)
  PASS  g10 >= g1 - 1e-12 && g100 >= g10 - 1e-12 && g1e5 >= g100 - 1e-12
  PASS  g1e5 <= lim + 0.01
  PASS  g1e8 ≈ lim  (1 ≈ 1)
  PASS  std::isfinite(g1) && std::isfinite(g10) && std::isfinite(g100) && std::isfinite(g1e5) && std::isfinite(g1e8)
  PASS  g10 >= g1 - 1e-12 && g100 >= g10 - 1e-12 && g1e5 >= g100 - 1e-12
  PASS  g1e5 <= lim + 0.01
  PASS  g1e8 ≈ lim  (1.5 ≈ 1.5)
  PASS  std::isfinite(g1) && std::isfinite(g10) && std::isfinite(g100) && std::isfinite(g1e5) && std::isfinite(g1e8)
  PASS  g10 >= g1 - 1e-12 && g100 >= g10 - 1e-12 && g1e5 >= g100 - 1e-12
  PASS  g1e5 <= lim + 0.01
  PASS  g1e8 ≈ lim  (3 ≈ 3)

[P105 — natural: decay_rate=0 kolu (flat) + limit<1 guard]
  PASS  n(10.0, args) ≈ 1.0  (1 ≈ 1)
  PASS  n(1e5, args) ≈ 1.0  (1 ≈ 1)

[P105 — natural: smooth/sync_speed bağımsızlığı]
  PASS  r1 ≈ r0  (1.44049 ≈ 1.44049)

[P105 — classic: exponent_classic 1..10 × input_offset × gain × cap.y]
  PASS  std::isfinite(g) && g > 0.0
  PASS  g <= cy + 1e-9
  PASS  g >= prev - 1e-9
  PASS  std::isfinite(g) && g > 0.0
  PASS  g <= cy + 1e-9
  PASS  g >= prev - 1e-9
  PASS  std::isfinite(g) && g > 0.0
  PASS  g <= cy + 1e-9
  PASS  g >= prev - 1e-9
  PASS  std::isfinite(g) && g > 0.0
  PASS  g <= cy + 1e-9
  PASS  g >= prev - 1e-9
  PASS  std::isfinite(g) && g > 0.0
  PASS  g <= cy + 1e-9
  PASS  g >= prev - 1e-9
  PASS  std::isfinite(g) && g > 0.0
  PASS  g <= cy + 1e-9
  PASS  g >= prev - 1e-9
  PASS  std::isfinite(g) && g > 0.0
  PASS  g <= cy + 1e-9
  PASS  g >= prev - 1e-9
  PASS  std::isfinite(g) && g > 0.0
  PASS  g <= cy + 1e-9
  PASS  g >= prev - 1e-9
  PASS  std::isfinite(g) && g > 0.0
  PASS  g <= cy + 1e-9
  PASS  g >= prev - 1e-9
  PASS  std::isfinite(g) && g > 0.0
  PASS  g <= cy + 1e-9
  PASS  g >= prev - 1e-9
  PASS  std::isfinite(g) && g > 0.0
  PASS  g <= cy + 1e-9
  PASS  g >= prev - 1e-9
  PASS  std::isfinite(g) && g > 0.0
  PASS  g <= cy + 1e-9
  PASS  g >= prev - 1e-9
  PASS  std::isfinite(g) && g > 0.0
  PASS  g <= cy + 1e-9
  PASS  g >= prev - 1e-9
  PASS  std::isfinite(g) && g > 0.0
  PASS  g <= cy + 1e-9
  PASS  g >= prev - 1e-9
  PASS  std::isfinite(g) && g > 0.0
  PASS  g <= cy + 1e-9
  PASS  g >= prev - 1e-9
  PASS  std::isfinite(g) && g > 0.0
  PASS  g <= cy + 1e-9
  PASS  g >= prev - 1e-9
  PASS  std::isfinite(g) && g > 0.0
  PASS  g <= cy + 1e-9
  PASS  g >= prev - 1e-9
  PASS  std::isfinite(g) && g > 0.0
  PASS  g <= cy + 1e-9
  PASS  g >= prev - 1e-9
  PASS  std::isfinite(g) && g > 0.0
  PASS  g <= cy + 1e-9
  PASS  g >= prev - 1e-9
  PASS  std::isfinite(g) && g > 0.0
  PASS  g <= cy + 1e-9
  PASS  g >= prev - 1e-9
  PASS  std::isfinite(g) && g > 0.0
  PASS  g <= cy + 1e-9
  PASS  g >= prev - 1e-9
  PASS  std::isfinite(g) && g > 0.0
  PASS  g <= cy + 1e-9
  PASS  g >= prev - 1e-9
  PASS  std::isfinite(g) && g > 0.0
  PASS  g <= cy + 1e-9
  PASS  g >= prev - 1e-9
  PASS  std::isfinite(g) && g > 0.0
  PASS  g <= cy + 1e-9
  PASS  g >= prev - 1e-9
  PASS  std::isfinite(g) && g > 0.0
  PASS  g <= cy + 1e-9
  PASS  g >= prev - 1e-9
  PASS  std::isfinite(g) && g > 0.0
  PASS  g <= cy + 1e-9
  PASS  g >= prev - 1e-9
  PASS  std::isfinite(g) && g > 0.0
  PASS  g <= cy + 1e-9
  PASS  g >= prev - 1e-9
  PASS  std::isfinite(g) && g > 0.0
  PASS  g <= cy + 1e-9
  PASS  g >= prev - 1e-9
  PASS  std::isfinite(g) && g > 0.0
  PASS  g <= cy + 1e-9
  PASS  g >= prev - 1e-9
  PASS  std::isfinite(g) && g > 0.0
  PASS  g <= cy + 1e-9
  PASS  g >= prev - 1e-9
  PASS  std::isfinite(g) && g > 0.0
  PASS  g <= cy + 1e-9
  PASS  g >= prev - 1e-9
  PASS  std::isfinite(g) && g > 0.0
  PASS  g <= cy + 1e-9
  PASS  g >= prev - 1e-9
  PASS  std::isfinite(g) && g > 0.0
  PASS  g <= cy + 1e-9
  PASS  g >= prev - 1e-9
  PASS  std::isfinite(g) && g > 0.0
  PASS  g <= cy + 1e-9
  PASS  g >= prev - 1e-9
  PASS  std::isfinite(g) && g > 0.0
  PASS  g <= cy + 1e-9
  PASS  g >= prev - 1e-9
  PASS  std::isfinite(g) && g > 0.0
  PASS  g <= cy + 1e-9
  PASS  g >= prev - 1e-9
  PASS  std::isfinite(g) && g > 0.0
  PASS  g <= cy + 1e-9
  PASS  g >= prev - 1e-9
  PASS  std::isfinite(g) && g > 0.0
  PASS  g <= cy + 1e-9
  PASS  g >= prev - 1e-9
  PASS  std::isfinite(g) && g > 0.0
  PASS  g <= cy + 1e-9
  PASS  g >= prev - 1e-9
  PASS  std::isfinite(g) && g > 0.0
  PASS  g <= cy + 1e-9
  PASS  g >= prev - 1e-9
  PASS  std::isfinite(g) && g > 0.0
  PASS  g <= cy + 1e-9
  PASS  g >= prev - 1e-9
  PASS  std::isfinite(g) && g > 0.0
  PASS  g <= cy + 1e-9
  PASS  g >= prev - 1e-9
  PASS  std::isfinite(g) && g > 0.0
  PASS  g <= cy + 1e-9
  PASS  g >= prev - 1e-9
  PASS  std::isfinite(g) && g > 0.0
  PASS  g <= cy + 1e-9
  PASS  g >= prev - 1e-9
  PASS  std::isfinite(g) && g > 0.0
  PASS  g <= cy + 1e-9
  PASS  g >= prev - 1e-9
  PASS  std::isfinite(g) && g > 0.0
  PASS  g <= cy + 1e-9
  PASS  g >= prev - 1e-9
  PASS  std::isfinite(g) && g > 0.0
  PASS  g <= cy + 1e-9
  PASS  g >= prev - 1e-9
  PASS  std::isfinite(g) && g > 0.0
  PASS  g <= cy + 1e-9
  PASS  g >= prev - 1e-9
  PASS  std::isfinite(g) && g > 0.0
  PASS  g <= cy + 1e-9
  PASS  g >= prev - 1e-9
  PASS  std::isfinite(g) && g > 0.0
  PASS  g <= cy + 1e-9
  PASS  g >= prev - 1e-9
  PASS  std::isfinite(g) && g > 0.0
  PASS  g <= cy + 1e-9
  PASS  g >= prev - 1e-9
  PASS  std::isfinite(g) && g > 0.0
  PASS  g <= cy + 1e-9
  PASS  g >= prev - 1e-9
  PASS  std::isfinite(g) && g > 0.0
  PASS  g <= cy + 1e-9
  PASS  g >= prev - 1e-9
  PASS  std::isfinite(g) && g > 0.0
  PASS  g <= cy + 1e-9
  PASS  g >= prev - 1e-9
  PASS  std::isfinite(g) && g > 0.0
  PASS  g <= cy + 1e-9
  PASS  g >= prev - 1e-9
  PASS  std::isfinite(g) && g > 0.0
  PASS  g <= cy + 1e-9
  PASS  g >= prev - 1e-9
  PASS  std::isfinite(g) && g > 0.0
  PASS  g <= cy + 1e-9
  PASS  g >= prev - 1e-9
  PASS  std::isfinite(g) && g > 0.0
  PASS  g <= cy + 1e-9
  PASS  g >= prev - 1e-9
  PASS  std::isfinite(g) && g > 0.0
  PASS  g <= cy + 1e-9
  PASS  g >= prev - 1e-9
  PASS  std::isfinite(g) && g > 0.0
  PASS  g <= cy + 1e-9
  PASS  g >= prev - 1e-9
  PASS  std::isfinite(g) && g > 0.0
  PASS  g <= cy + 1e-9
  PASS  g >= prev - 1e-9
  PASS  std::isfinite(g) && g > 0.0
  PASS  g <= cy + 1e-9
  PASS  g >= prev - 1e-9
  PASS  std::isfinite(g) && g > 0.0
  PASS  g <= cy + 1e-9
  PASS  g >= prev - 1e-9
  PASS  std::isfinite(g) && g > 0.0
  PASS  g <= cy + 1e-9
  PASS  g >= prev - 1e-9
  PASS  std::isfinite(g) && g > 0.0
  PASS  g <= cy + 1e-9
  PASS  g >= prev - 1e-9
  PASS  std::isfinite(g) && g > 0.0
  PASS  g <= cy + 1e-9
  PASS  g >= prev - 1e-9
  PASS  std::isfinite(g) && g > 0.0
  PASS  g <= cy + 1e-9
  PASS  g >= prev - 1e-9
  PASS  std::isfinite(g) && g > 0.0
  PASS  g <= cy + 1e-9
  PASS  g >= prev - 1e-9
  PASS  std::isfinite(g) && g > 0.0
  PASS  g <= cy + 1e-9
  PASS  g >= prev - 1e-9
  PASS  std::isfinite(g) && g > 0.0
  PASS  g <= cy + 1e-9
  PASS  g >= prev - 1e-9
  PASS  std::isfinite(g) && g > 0.0
  PASS  g <= cy + 1e-9
  PASS  g >= prev - 1e-9
  PASS  std::isfinite(g) && g > 0.0
  PASS  g <= cy + 1e-9
  PASS  g >= prev - 1e-9
  PASS  std::isfinite(g) && g > 0.0
  PASS  g <= cy + 1e-9
  PASS  g >= prev - 1e-9
  PASS  std::isfinite(g) && g > 0.0
  PASS  g <= cy + 1e-9
  PASS  g >= prev - 1e-9
  PASS  std::isfinite(g) && g > 0.0
  PASS  g <= cy + 1e-9
  PASS  g >= prev - 1e-9
  PASS  std::isfinite(g) && g > 0.0
  PASS  g <= cy + 1e-9
  PASS  g >= prev - 1e-9
  PASS  std::isfinite(g) && g > 0.0
  PASS  g <= cy + 1e-9
  PASS  g >= prev - 1e-9
  PASS  std::isfinite(g) && g > 0.0
  PASS  g <= cy + 1e-9
  PASS  g >= prev - 1e-9
  PASS  std::isfinite(g) && g > 0.0
  PASS  g <= cy + 1e-9
  PASS  g >= prev - 1e-9
  PASS  std::isfinite(g) && g > 0.0
  PASS  g <= cy + 1e-9
  PASS  g >= prev - 1e-9
  PASS  std::isfinite(g) && g > 0.0
  PASS  g <= cy + 1e-9
  PASS  g >= prev - 1e-9
  PASS  std::isfinite(g) && g > 0.0
  PASS  g <= cy + 1e-9
  PASS  g >= prev - 1e-9
  PASS  std::isfinite(g) && g > 0.0
  PASS  g <= cy + 1e-9
  PASS  g >= prev - 1e-9
  PASS  std::isfinite(g) && g > 0.0
  PASS  g <= cy + 1e-9
  PASS  g >= prev - 1e-9
  PASS  std::isfinite(g) && g > 0.0
  PASS  g <= cy + 1e-9
  PASS  g >= prev - 1e-9
  PASS  std::isfinite(g) && g > 0.0
  PASS  g <= cy + 1e-9
  PASS  g >= prev - 1e-9
  PASS  std::isfinite(g) && g > 0.0
  PASS  g <= cy + 1e-9
  PASS  g >= prev - 1e-9
  PASS  std::isfinite(g) && g > 0.0
  PASS  g <= cy + 1e-9
  PASS  g >= prev - 1e-9
  PASS  std::isfinite(g) && g > 0.0
  PASS  g <= cy + 1e-9
  PASS  g >= prev - 1e-9
  PASS  std::isfinite(g) && g > 0.0
  PASS  g <= cy + 1e-9
  PASS  g >= prev - 1e-9
  PASS  std::isfinite(g) && g > 0.0
  PASS  g <= cy + 1e-9
  PASS  g >= prev - 1e-9
  PASS  std::isfinite(g) && g > 0.0
  PASS  g <= cy + 1e-9
  PASS  g >= prev - 1e-9
  PASS  std::isfinite(g) && g > 0.0
  PASS  g <= cy + 1e-9
  PASS  g >= prev - 1e-9
  PASS  std::isfinite(g) && g > 0.0
  PASS  g <= cy + 1e-9
  PASS  g >= prev - 1e-9
  PASS  std::isfinite(g) && g > 0.0
  PASS  g <= cy + 1e-9
  PASS  g >= prev - 1e-9
  PASS  std::isfinite(g) && g > 0.0
  PASS  g <= cy + 1e-9
  PASS  g >= prev - 1e-9
  PASS  std::isfinite(g) && g > 0.0
  PASS  g <= cy + 1e-9
  PASS  g >= prev - 1e-9
  PASS  std::isfinite(g) && g > 0.0
  PASS  g <= cy + 1e-9
  PASS  g >= prev - 1e-9
  PASS  std::isfinite(g) && g > 0.0
  PASS  g <= cy + 1e-9
  PASS  g >= prev - 1e-9
  PASS  std::isfinite(g) && g > 0.0
  PASS  g <= cy + 1e-9
  PASS  g >= prev - 1e-9
  PASS  std::isfinite(g) && g > 0.0
  PASS  g <= cy + 1e-9
  PASS  g >= prev - 1e-9
  PASS  std::isfinite(g) && g > 0.0
  PASS  g <= cy + 1e-9
  PASS  g >= prev - 1e-9
  PASS  std::isfinite(g) && g > 0.0
  PASS  g <= cy + 1e-9
  PASS  g >= prev - 1e-9
  PASS  std::isfinite(g) && g > 0.0
  PASS  g <= cy + 1e-9
  PASS  g >= prev - 1e-9
  PASS  std::isfinite(g) && g > 0.0
  PASS  g <= cy + 1e-9
  PASS  g >= prev - 1e-9
  PASS  std::isfinite(g) && g > 0.0
  PASS  g <= cy + 1e-9
  PASS  g >= prev - 1e-9
  PASS  std::isfinite(g) && g > 0.0
  PASS  g <= cy + 1e-9
  PASS  g >= prev - 1e-9
  PASS  std::isfinite(g) && g > 0.0
  PASS  g <= cy + 1e-9
  PASS  g >= prev - 1e-9
  PASS  std::isfinite(g) && g > 0.0
  PASS  g <= cy + 1e-9
  PASS  g >= prev - 1e-9
  PASS  std::isfinite(g) && g > 0.0
  PASS  g <= cy + 1e-9
  PASS  g >= prev - 1e-9
  PASS  std::isfinite(g) && g > 0.0
  PASS  g <= cy + 1e-9
  PASS  g >= prev - 1e-9
  PASS  std::isfinite(g) && g > 0.0
  PASS  g <= cy + 1e-9
  PASS  g >= prev - 1e-9
  PASS  std::isfinite(g) && g > 0.0
  PASS  g <= cy + 1e-9
  PASS  g >= prev - 1e-9
  PASS  std::isfinite(g) && g > 0.0
  PASS  g <= cy + 1e-9
  PASS  g >= prev - 1e-9
  PASS  std::isfinite(g) && g > 0.0
  PASS  g <= cy + 1e-9
  PASS  g >= prev - 1e-9
  PASS  std::isfinite(g) && g > 0.0
  PASS  g <= cy + 1e-9
  PASS  g >= prev - 1e-9
  PASS  std::isfinite(g) && g > 0.0
  PASS  g <= cy + 1e-9
  PASS  g >= prev - 1e-9
  PASS  std::isfinite(g) && g > 0.0
  PASS  g <= cy + 1e-9
  PASS  g >= prev - 1e-9
  PASS  std::isfinite(g) && g > 0.0
  PASS  g <= cy + 1e-9
  PASS  g >= prev - 1e-9
  PASS  std::isfinite(g) && g > 0.0
  PASS  g <= cy + 1e-9
  PASS  g >= prev - 1e-9
  PASS  std::isfinite(g) && g > 0.0
  PASS  g <= cy + 1e-9
  PASS  g >= prev - 1e-9
  PASS  std::isfinite(g) && g > 0.0
  PASS  g <= cy + 1e-9
  PASS  g >= prev - 1e-9
  PASS  std::isfinite(g) && g > 0.0
  PASS  g <= cy + 1e-9
  PASS  g >= prev - 1e-9
  PASS  std::isfinite(g) && g > 0.0
  PASS  g <= cy + 1e-9
  PASS  g >= prev - 1e-9
  PASS  std::isfinite(g) && g > 0.0
  PASS  g <= cy + 1e-9
  PASS  g >= prev - 1e-9
  PASS  std::isfinite(g) && g > 0.0
  PASS  g <= cy + 1e-9
  PASS  g >= prev - 1e-9
  PASS  std::isfinite(g) && g > 0.0
  PASS  g <= cy + 1e-9
  PASS  g >= prev - 1e-9
  PASS  std::isfinite(g) && g > 0.0
  PASS  g <= cy + 1e-9
  PASS  g >= prev - 1e-9
  PASS  std::isfinite(g) && g > 0.0
  PASS  g <= cy + 1e-9
  PASS  g >= prev - 1e-9
  PASS  std::isfinite(g) && g > 0.0
  PASS  g <= cy + 1e-9
  PASS  g >= prev - 1e-9
  PASS  std::isfinite(g) && g > 0.0
  PASS  g <= cy + 1e-9
  PASS  g >= prev - 1e-9
  PASS  std::isfinite(g) && g > 0.0
  PASS  g <= cy + 1e-9
  PASS  g >= prev - 1e-9
  PASS  std::isfinite(g) && g > 0.0
  PASS  g <= cy + 1e-9
  PASS  g >= prev - 1e-9
  PASS  std::isfinite(g) && g > 0.0
  PASS  g <= cy + 1e-9
  PASS  g >= prev - 1e-9
  PASS  std::isfinite(g) && g > 0.0
  PASS  g <= cy + 1e-9
  PASS  g >= prev - 1e-9
  PASS  std::isfinite(g) && g > 0.0
  PASS  g <= cy + 1e-9
  PASS  g >= prev - 1e-9
  PASS  std::isfinite(g) && g > 0.0
  PASS  g <= cy + 1e-9
  PASS  g >= prev - 1e-9
  PASS  std::isfinite(g) && g > 0.0
  PASS  g <= cy + 1e-9
  PASS  g >= prev - 1e-9
  PASS  std::isfinite(g) && g > 0.0
  PASS  g <= cy + 1e-9
  PASS  g >= prev - 1e-9
  PASS  std::isfinite(g) && g > 0.0
  PASS  g <= cy + 1e-9
  PASS  g >= prev - 1e-9
  PASS  std::isfinite(g) && g > 0.0
  PASS  g <= cy + 1e-9
  PASS  g >= prev - 1e-9
  PASS  std::isfinite(g) && g > 0.0
  PASS  g <= cy + 1e-9
  PASS  g >= prev - 1e-9
  PASS  std::isfinite(g) && g > 0.0
  PASS  g <= cy + 1e-9
  PASS  g >= prev - 1e-9
  PASS  std::isfinite(g) && g > 0.0
  PASS  g <= cy + 1e-9
  PASS  g >= prev - 1e-9
  PASS  std::isfinite(g) && g > 0.0
  PASS  g <= cy + 1e-9
  PASS  g >= prev - 1e-9
  PASS  std::isfinite(g) && g > 0.0
  PASS  g <= cy + 1e-9
  PASS  g >= prev - 1e-9
  PASS  std::isfinite(g) && g > 0.0
  PASS  g <= cy + 1e-9
  PASS  g >= prev - 1e-9
  PASS  std::isfinite(g) && g > 0.0
  PASS  g <= cy + 1e-9
  PASS  g >= prev - 1e-9
  PASS  std::isfinite(g) && g > 0.0
  PASS  g <= cy + 1e-9
  PASS  g >= prev - 1e-9
  PASS  std::isfinite(g) && g > 0.0
  PASS  g <= cy + 1e-9
  PASS  g >= prev - 1e-9
  PASS  std::isfinite(g) && g > 0.0
  PASS  g <= cy + 1e-9
  PASS  g >= prev - 1e-9
  PASS  std::isfinite(g) && g > 0.0
  PASS  g <= cy + 1e-9
  PASS  g >= prev - 1e-9
  PASS  std::isfinite(g) && g > 0.0
  PASS  g <= cy + 1e-9
  PASS  g >= prev - 1e-9
  PASS  std::isfinite(g) && g > 0.0
  PASS  g <= cy + 1e-9
  PASS  g >= prev - 1e-9
  PASS  std::isfinite(g) && g > 0.0
  PASS  g <= cy + 1e-9
  PASS  g >= prev - 1e-9
  PASS  std::isfinite(g) && g > 0.0
  PASS  g <= cy + 1e-9
  PASS  g >= prev - 1e-9
  PASS  std::isfinite(g) && g > 0.0
  PASS  g <= cy + 1e-9
  PASS  g >= prev - 1e-9
  PASS  std::isfinite(g) && g > 0.0
  PASS  g <= cy + 1e-9
  PASS  g >= prev - 1e-9
  PASS  std::isfinite(g) && g > 0.0
  PASS  g <= cy + 1e-9
  PASS  g >= prev - 1e-9
  PASS  std::isfinite(g) && g > 0.0
  PASS  g <= cy + 1e-9
  PASS  g >= prev - 1e-9
  PASS  std::isfinite(g) && g > 0.0
  PASS  g <= cy + 1e-9
  PASS  g >= prev - 1e-9
  PASS  std::isfinite(g) && g > 0.0
  PASS  g <= cy + 1e-9
  PASS  g >= prev - 1e-9
  PASS  std::isfinite(g) && g > 0.0
  PASS  g <= cy + 1e-9
  PASS  g >= prev - 1e-9
  PASS  std::isfinite(g) && g > 0.0
  PASS  g <= cy + 1e-9
  PASS  g >= prev - 1e-9
  PASS  std::isfinite(g) && g > 0.0
  PASS  g <= cy + 1e-9
  PASS  g >= prev - 1e-9
  PASS  std::isfinite(g) && g > 0.0
  PASS  g <= cy + 1e-9
  PASS  g >= prev - 1e-9
  PASS  std::isfinite(g) && g > 0.0
  PASS  g <= cy + 1e-9
  PASS  g >= prev - 1e-9
  PASS  std::isfinite(g) && g > 0.0
  PASS  g <= cy + 1e-9
  PASS  g >= prev - 1e-9
  PASS  std::isfinite(g) && g > 0.0
  PASS  g <= cy + 1e-9
  PASS  g >= prev - 1e-9
  PASS  std::isfinite(g) && g > 0.0
  PASS  g <= cy + 1e-9
  PASS  g >= prev - 1e-9
  PASS  std::isfinite(g) && g > 0.0
  PASS  g <= cy + 1e-9
  PASS  g >= prev - 1e-9
  PASS  std::isfinite(g) && g > 0.0
  PASS  g <= cy + 1e-9
  PASS  g >= prev - 1e-9
  PASS  std::isfinite(g) && g > 0.0
  PASS  g <= cy + 1e-9
  PASS  g >= prev - 1e-9
  PASS  std::isfinite(g) && g > 0.0
  PASS  g <= cy + 1e-9
  PASS  g >= prev - 1e-9
  PASS  std::isfinite(g) && g > 0.0
  PASS  g <= cy + 1e-9
  PASS  g >= prev - 1e-9
  PASS  std::isfinite(g) && g > 0.0
  PASS  g <= cy + 1e-9
  PASS  g >= prev - 1e-9
  PASS  std::isfinite(g) && g > 0.0
  PASS  g <= cy + 1e-9
  PASS  g >= prev - 1e-9
  PASS  std::isfinite(g) && g > 0.0
  PASS  g <= cy + 1e-9
  PASS  g >= prev - 1e-9
  PASS  std::isfinite(g) && g > 0.0
  PASS  g <= cy + 1e-9
  PASS  g >= prev - 1e-9
  PASS  std::isfinite(g) && g > 0.0
  PASS  g <= cy + 1e-9
  PASS  g >= prev - 1e-9
  PASS  std::isfinite(g) && g > 0.0
  PASS  g <= cy + 1e-9
  PASS  g >= prev - 1e-9
  PASS  std::isfinite(g) && g > 0.0
  PASS  g <= cy + 1e-9
  PASS  g >= prev - 1e-9
  PASS  std::isfinite(g) && g > 0.0
  PASS  g <= cy + 1e-9
  PASS  g >= prev - 1e-9
  PASS  std::isfinite(g) && g > 0.0
  PASS  g <= cy + 1e-9
  PASS  g >= prev - 1e-9
  PASS  std::isfinite(g) && g > 0.0
  PASS  g <= cy + 1e-9
  PASS  g >= prev - 1e-9
  PASS  std::isfinite(g) && g > 0.0
  PASS  g <= cy + 1e-9
  PASS  g >= prev - 1e-9
  PASS  std::isfinite(g) && g > 0.0
  PASS  g <= cy + 1e-9
  PASS  g >= prev - 1e-9
  PASS  std::isfinite(g) && g > 0.0
  PASS  g <= cy + 1e-9
  PASS  g >= prev - 1e-9
  PASS  std::isfinite(g) && g > 0.0
  PASS  g <= cy + 1e-9
  PASS  g >= prev - 1e-9
  PASS  std::isfinite(g) && g > 0.0
  PASS  g <= cy + 1e-9
  PASS  g >= prev - 1e-9
  PASS  std::isfinite(g) && g > 0.0
  PASS  g <= cy + 1e-9
  PASS  g >= prev - 1e-9
  PASS  std::isfinite(g) && g > 0.0
  PASS  g <= cy + 1e-9
  PASS  g >= prev - 1e-9
  PASS  std::isfinite(g) && g > 0.0
  PASS  g <= cy + 1e-9
  PASS  g >= prev - 1e-9
  PASS  std::isfinite(g) && g > 0.0
  PASS  g <= cy + 1e-9
  PASS  g >= prev - 1e-9
  PASS  std::isfinite(g) && g > 0.0
  PASS  g <= cy + 1e-9
  PASS  g >= prev - 1e-9
  PASS  std::isfinite(g) && g > 0.0
  PASS  g <= cy + 1e-9
  PASS  g >= prev - 1e-9
  PASS  std::isfinite(g) && g > 0.0
  PASS  g <= cy + 1e-9
  PASS  g >= prev - 1e-9
  PASS  std::isfinite(g) && g > 0.0
  PASS  g <= cy + 1e-9
  PASS  g >= prev - 1e-9
  PASS  std::isfinite(g) && g > 0.0
  PASS  g <= cy + 1e-9
  PASS  g >= prev - 1e-9
  PASS  std::isfinite(g) && g > 0.0
  PASS  g <= cy + 1e-9
  PASS  g >= prev - 1e-9
  PASS  std::isfinite(g) && g > 0.0
  PASS  g <= cy + 1e-9
  PASS  g >= prev - 1e-9
  PASS  std::isfinite(g) && g > 0.0
  PASS  g <= cy + 1e-9
  PASS  g >= prev - 1e-9
  PASS  std::isfinite(g) && g > 0.0
  PASS  g <= cy + 1e-9
  PASS  g >= prev - 1e-9
  PASS  std::isfinite(g) && g > 0.0
  PASS  g <= cy + 1e-9
  PASS  g >= prev - 1e-9
  PASS  std::isfinite(g) && g > 0.0
  PASS  g <= cy + 1e-9
  PASS  g >= prev - 1e-9
  PASS  std::isfinite(g) && g > 0.0
  PASS  g <= cy + 1e-9
  PASS  g >= prev - 1e-9
  PASS  std::isfinite(g) && g > 0.0
  PASS  g <= cy + 1e-9
  PASS  g >= prev - 1e-9
  PASS  std::isfinite(g) && g > 0.0
  PASS  g <= cy + 1e-9
  PASS  g >= prev - 1e-9
  PASS  std::isfinite(g) && g > 0.0
  PASS  g <= cy + 1e-9
  PASS  g >= prev - 1e-9
  PASS  std::isfinite(g) && g > 0.0
  PASS  g <= cy + 1e-9
  PASS  g >= prev - 1e-9
  PASS  std::isfinite(g) && g > 0.0
  PASS  g <= cy + 1e-9
  PASS  g >= prev - 1e-9
  PASS  std::isfinite(g) && g > 0.0
  PASS  g <= cy + 1e-9
  PASS  g >= prev - 1e-9
  PASS  std::isfinite(g) && g > 0.0
  PASS  g <= cy + 1e-9
  PASS  g >= prev - 1e-9
  PASS  std::isfinite(g) && g > 0.0
  PASS  g <= cy + 1e-9
  PASS  g >= prev - 1e-9
  PASS  std::isfinite(g) && g > 0.0
  PASS  g <= cy + 1e-9
  PASS  g >= prev - 1e-9
  PASS  std::isfinite(g) && g > 0.0
  PASS  g <= cy + 1e-9
  PASS  g >= prev - 1e-9
  PASS  std::isfinite(g) && g > 0.0
  PASS  g <= cy + 1e-9
  PASS  g >= prev - 1e-9
  PASS  std::isfinite(g) && g > 0.0
  PASS  g <= cy + 1e-9
  PASS  g >= prev - 1e-9
  PASS  std::isfinite(g) && g > 0.0
  PASS  g <= cy + 1e-9
  PASS  g >= prev - 1e-9
  PASS  std::isfinite(g) && g > 0.0
  PASS  g <= cy + 1e-9
  PASS  g >= prev - 1e-9
  PASS  std::isfinite(g) && g > 0.0
  PASS  g <= cy + 1e-9
  PASS  g >= prev - 1e-9
  PASS  std::isfinite(g) && g > 0.0
  PASS  g <= cy + 1e-9
  PASS  g >= prev - 1e-9
  PASS  std::isfinite(g) && g > 0.0
  PASS  g <= cy + 1e-9
  PASS  g >= prev - 1e-9
  PASS  std::isfinite(g) && g > 0.0
  PASS  g <= cy + 1e-9
  PASS  g >= prev - 1e-9
  PASS  std::isfinite(g) && g > 0.0
  PASS  g <= cy + 1e-9
  PASS  g >= prev - 1e-9
  PASS  std::isfinite(g) && g > 0.0
  PASS  g <= cy + 1e-9
  PASS  g >= prev - 1e-9
  PASS  std::isfinite(g) && g > 0.0
  PASS  g <= cy + 1e-9
  PASS  g >= prev - 1e-9
  PASS  std::isfinite(g) && g > 0.0
  PASS  g <= cy + 1e-9
  PASS  g >= prev - 1e-9
  PASS  std::isfinite(g) && g > 0.0
  PASS  g <= cy + 1e-9
  PASS  g >= prev - 1e-9
  PASS  std::isfinite(g) && g > 0.0
  PASS  g <= cy + 1e-9
  PASS  g >= prev - 1e-9
  PASS  std::isfinite(g) && g > 0.0
  PASS  g <= cy + 1e-9
  PASS  g >= prev - 1e-9
  PASS  std::isfinite(g) && g > 0.0
  PASS  g <= cy + 1e-9
  PASS  g >= prev - 1e-9
  PASS  std::isfinite(g) && g > 0.0
  PASS  g <= cy + 1e-9
  PASS  g >= prev - 1e-9
  PASS  std::isfinite(g) && g > 0.0
  PASS  g <= cy + 1e-9
  PASS  g >= prev - 1e-9
  PASS  std::isfinite(g) && g > 0.0
  PASS  g <= cy + 1e-9
  PASS  g >= prev - 1e-9
  PASS  std::isfinite(g) && g > 0.0
  PASS  g <= cy + 1e-9
  PASS  g >= prev - 1e-9
  PASS  std::isfinite(g) && g > 0.0
  PASS  g <= cy + 1e-9
  PASS  g >= prev - 1e-9
  PASS  std::isfinite(g) && g > 0.0
  PASS  g <= cy + 1e-9
  PASS  g >= prev - 1e-9
  PASS  std::isfinite(g) && g > 0.0
  PASS  g <= cy + 1e-9
  PASS  g >= prev - 1e-9
  PASS  std::isfinite(g) && g > 0.0
  PASS  g <= cy + 1e-9
  PASS  g >= prev - 1e-9
  PASS  std::isfinite(g) && g > 0.0
  PASS  g <= cy + 1e-9
  PASS  g >= prev - 1e-9
  PASS  std::isfinite(g) && g > 0.0
  PASS  g <= cy + 1e-9
  PASS  g >= prev - 1e-9
  PASS  std::isfinite(g) && g > 0.0
  PASS  g <= cy + 1e-9
  PASS  g >= prev - 1e-9
  PASS  std::isfinite(g) && g > 0.0
  PASS  g <= cy + 1e-9
  PASS  g >= prev - 1e-9
  PASS  std::isfinite(g) && g > 0.0
  PASS  g <= cy + 1e-9
  PASS  g >= prev - 1e-9
  PASS  std::isfinite(g) && g > 0.0
  PASS  g <= cy + 1e-9
  PASS  g >= prev - 1e-9
  PASS  std::isfinite(g) && g > 0.0
  PASS  g <= cy + 1e-9
  PASS  g >= prev - 1e-9
  PASS  std::isfinite(g) && g > 0.0
  PASS  g <= cy + 1e-9
  PASS  g >= prev - 1e-9
  PASS  std::isfinite(g) && g > 0.0
  PASS  g <= cy + 1e-9
  PASS  g >= prev - 1e-9
  PASS  std::isfinite(g) && g > 0.0
  PASS  g <= cy + 1e-9
  PASS  g >= prev - 1e-9
  PASS  std::isfinite(g) && g > 0.0
  PASS  g <= cy + 1e-9
  PASS  g >= prev - 1e-9
  PASS  std::isfinite(g) && g > 0.0
  PASS  g <= cy + 1e-9
  PASS  g >= prev - 1e-9
  PASS  std::isfinite(g) && g > 0.0
  PASS  g <= cy + 1e-9
  PASS  g >= prev - 1e-9
  PASS  std::isfinite(g) && g > 0.0
  PASS  g <= cy + 1e-9
  PASS  g >= prev - 1e-9
  PASS  std::isfinite(g) && g > 0.0
  PASS  g <= cy + 1e-9
  PASS  g >= prev - 1e-9
  PASS  std::isfinite(g) && g > 0.0
  PASS  g <= cy + 1e-9
  PASS  g >= prev - 1e-9
  PASS  std::isfinite(g) && g > 0.0
  PASS  g <= cy + 1e-9
  PASS  g >= prev - 1e-9
  PASS  std::isfinite(g) && g > 0.0
  PASS  g <= cy + 1e-9
  PASS  g >= prev - 1e-9
  PASS  std::isfinite(g) && g > 0.0
  PASS  g <= cy + 1e-9
  PASS  g >= prev - 1e-9
  PASS  std::isfinite(g) && g > 0.0
  PASS  g <= cy + 1e-9
  PASS  g >= prev - 1e-9
  PASS  std::isfinite(g) && g > 0.0
  PASS  g <= cy + 1e-9
  PASS  g >= prev - 1e-9
  PASS  std::isfinite(g) && g > 0.0
  PASS  g <= cy + 1e-9
  PASS  g >= prev - 1e-9
  PASS  std::isfinite(g) && g > 0.0
  PASS  g <= cy + 1e-9
  PASS  g >= prev - 1e-9
  PASS  std::isfinite(g) && g > 0.0
  PASS  g <= cy + 1e-9
  PASS  g >= prev - 1e-9
  PASS  std::isfinite(g) && g > 0.0
  PASS  g <= cy + 1e-9
  PASS  g >= prev - 1e-9
  PASS  std::isfinite(g) && g > 0.0
  PASS  g <= cy + 1e-9
  PASS  g >= prev - 1e-9
  PASS  std::isfinite(g) && g > 0.0
  PASS  g <= cy + 1e-9
  PASS  g >= prev - 1e-9
  PASS  std::isfinite(g) && g > 0.0
  PASS  g <= cy + 1e-9
  PASS  g >= prev - 1e-9
  PASS  std::isfinite(g) && g > 0.0
  PASS  g <= cy + 1e-9
  PASS  g >= prev - 1e-9
  PASS  std::isfinite(g) && g > 0.0
  PASS  g <= cy + 1e-9
  PASS  g >= prev - 1e-9
  PASS  std::isfinite(g) && g > 0.0
  PASS  g <= cy + 1e-9
  PASS  g >= prev - 1e-9
  PASS  std::isfinite(g) && g > 0.0
  PASS  g <= cy + 1e-9
  PASS  g >= prev - 1e-9
  PASS  std::isfinite(g) && g > 0.0
  PASS  g <= cy + 1e-9
  PASS  g >= prev - 1e-9
  PASS  std::isfinite(g) && g > 0.0
  PASS  g <= cy + 1e-9
  PASS  g >= prev - 1e-9
  PASS  std::isfinite(g) && g > 0.0
  PASS  g <= cy + 1e-9
  PASS  g >= prev - 1e-9
  PASS  std::isfinite(g) && g > 0.0
  PASS  g <= cy + 1e-9
  PASS  g >= prev - 1e-9
  PASS  std::isfinite(g) && g > 0.0
  PASS  g <= cy + 1e-9
  PASS  g >= prev - 1e-9
  PASS  std::isfinite(g) && g > 0.0
  PASS  g <= cy + 1e-9
  PASS  g >= prev - 1e-9
  PASS  std::isfinite(g) && g > 0.0
  PASS  g <= cy + 1e-9
  PASS  g >= prev - 1e-9
  PASS  std::isfinite(g) && g > 0.0
  PASS  g <= cy + 1e-9
  PASS  g >= prev - 1e-9
  PASS  std::isfinite(g) && g > 0.0
  PASS  g <= cy + 1e-9
  PASS  g >= prev - 1e-9
  PASS  std::isfinite(g) && g > 0.0
  PASS  g <= cy + 1e-9
  PASS  g >= prev - 1e-9
  PASS  std::isfinite(g) && g > 0.0
  PASS  g <= cy + 1e-9
  PASS  g >= prev - 1e-9
  PASS  std::isfinite(g) && g > 0.0
  PASS  g <= cy + 1e-9
  PASS  g >= prev - 1e-9
  PASS  std::isfinite(g) && g > 0.0
  PASS  g <= cy + 1e-9
  PASS  g >= prev - 1e-9
  PASS  std::isfinite(g) && g > 0.0
  PASS  g <= cy + 1e-9
  PASS  g >= prev - 1e-9
  PASS  std::isfinite(g) && g > 0.0
  PASS  g <= cy + 1e-9
  PASS  g >= prev - 1e-9
  PASS  std::isfinite(g) && g > 0.0
  PASS  g <= cy + 1e-9
  PASS  g >= prev - 1e-9
  PASS  std::isfinite(g) && g > 0.0
  PASS  g <= cy + 1e-9
  PASS  g >= prev - 1e-9
  PASS  std::isfinite(g) && g > 0.0
  PASS  g <= cy + 1e-9
  PASS  g >= prev - 1e-9
  PASS  std::isfinite(g) && g > 0.0
  PASS  g <= cy + 1e-9
  PASS  g >= prev - 1e-9
  PASS  std::isfinite(g) && g > 0.0
  PASS  g <= cy + 1e-9
  PASS  g >= prev - 1e-9
  PASS  std::isfinite(g) && g > 0.0
  PASS  g <= cy + 1e-9
  PASS  g >= prev - 1e-9
  PASS  std::isfinite(g) && g > 0.0
  PASS  g <= cy + 1e-9
  PASS  g >= prev - 1e-9
  PASS  std::isfinite(g) && g > 0.0
  PASS  g <= cy + 1e-9
  PASS  g >= prev - 1e-9
  PASS  std::isfinite(g) && g > 0.0
  PASS  g <= cy + 1e-9
  PASS  g >= prev - 1e-9
  PASS  std::isfinite(g) && g > 0.0
  PASS  g <= cy + 1e-9
  PASS  g >= prev - 1e-9
  PASS  std::isfinite(g) && g > 0.0
  PASS  g <= cy + 1e-9
  PASS  g >= prev - 1e-9
  PASS  std::isfinite(g) && g > 0.0
  PASS  g <= cy + 1e-9
  PASS  g >= prev - 1e-9
  PASS  std::isfinite(g) && g > 0.0
  PASS  g <= cy + 1e-9
  PASS  g >= prev - 1e-9
  PASS  std::isfinite(g) && g > 0.0
  PASS  g <= cy + 1e-9
  PASS  g >= prev - 1e-9
  PASS  std::isfinite(g) && g > 0.0
  PASS  g <= cy + 1e-9
  PASS  g >= prev - 1e-9
  PASS  std::isfinite(g) && g > 0.0
  PASS  g <= cy + 1e-9
  PASS  g >= prev - 1e-9
  PASS  std::isfinite(g) && g > 0.0
  PASS  g <= cy + 1e-9
  PASS  g >= prev - 1e-9
  PASS  std::isfinite(g) && g > 0.0
  PASS  g <= cy + 1e-9
  PASS  g >= prev - 1e-9
  PASS  std::isfinite(g) && g > 0.0
  PASS  g <= cy + 1e-9
  PASS  g >= prev - 1e-9
  PASS  std::isfinite(g) && g > 0.0
  PASS  g <= cy + 1e-9
  PASS  g >= prev - 1e-9
  PASS  std::isfinite(g) && g > 0.0
  PASS  g <= cy + 1e-9
  PASS  g >= prev - 1e-9
  PASS  std::isfinite(g) && g > 0.0
  PASS  g <= cy + 1e-9
  PASS  g >= prev - 1e-9
  PASS  std::isfinite(g) && g > 0.0
  PASS  g <= cy + 1e-9
  PASS  g >= prev - 1e-9
  PASS  std::isfinite(g) && g > 0.0
  PASS  g <= cy + 1e-9
  PASS  g >= prev - 1e-9
  PASS  std::isfinite(g) && g > 0.0
  PASS  g <= cy + 1e-9
  PASS  g >= prev - 1e-9
  PASS  std::isfinite(g) && g > 0.0
  PASS  g <= cy + 1e-9
  PASS  g >= prev - 1e-9
  PASS  std::isfinite(g) && g > 0.0
  PASS  g <= cy + 1e-9
  PASS  g >= prev - 1e-9
  PASS  std::isfinite(g) && g > 0.0
  PASS  g <= cy + 1e-9
  PASS  g >= prev - 1e-9
  PASS  std::isfinite(g) && g > 0.0
  PASS  g <= cy + 1e-9
  PASS  g >= prev - 1e-9
  PASS  std::isfinite(g) && g > 0.0
  PASS  g <= cy + 1e-9
  PASS  g >= prev - 1e-9
  PASS  std::isfinite(g) && g > 0.0
  PASS  g <= cy + 1e-9
  PASS  g >= prev - 1e-9
  PASS  std::isfinite(g) && g > 0.0
  PASS  g <= cy + 1e-9
  PASS  g >= prev - 1e-9
  PASS  std::isfinite(g) && g > 0.0
  PASS  g <= cy + 1e-9
  PASS  g >= prev - 1e-9
  PASS  std::isfinite(g) && g > 0.0
  PASS  g <= cy + 1e-9
  PASS  g >= prev - 1e-9
  PASS  std::isfinite(g) && g > 0.0
  PASS  g <= cy + 1e-9
  PASS  g >= prev - 1e-9
  PASS  std::isfinite(g) && g > 0.0
  PASS  g <= cy + 1e-9
  PASS  g >= prev - 1e-9
  PASS  std::isfinite(g) && g > 0.0
  PASS  g <= cy + 1e-9
  PASS  g >= prev - 1e-9
  PASS  std::isfinite(g) && g > 0.0
  PASS  g <= cy + 1e-9
  PASS  g >= prev - 1e-9
  PASS  std::isfinite(g) && g > 0.0
  PASS  g <= cy + 1e-9
  PASS  g >= prev - 1e-9
  PASS  std::isfinite(g) && g > 0.0
  PASS  g <= cy + 1e-9
  PASS  g >= prev - 1e-9
  PASS  std::isfinite(g) && g > 0.0
  PASS  g <= cy + 1e-9
  PASS  g >= prev - 1e-9
  PASS  std::isfinite(g) && g > 0.0
  PASS  g <= cy + 1e-9
  PASS  g >= prev - 1e-9
  PASS  std::isfinite(g) && g > 0.0
  PASS  g <= cy + 1e-9
  PASS  g >= prev - 1e-9
  PASS  std::isfinite(g) && g > 0.0
  PASS  g <= cy + 1e-9
  PASS  g >= prev - 1e-9
  PASS  std::isfinite(g) && g > 0.0
  PASS  g <= cy + 1e-9
  PASS  g >= prev - 1e-9
  PASS  std::isfinite(g) && g > 0.0
  PASS  g <= cy + 1e-9
  PASS  g >= prev - 1e-9
  PASS  std::isfinite(g) && g > 0.0
  PASS  g <= cy + 1e-9
  PASS  g >= prev - 1e-9
  PASS  std::isfinite(g) && g > 0.0
  PASS  g <= cy + 1e-9
  PASS  g >= prev - 1e-9
  PASS  std::isfinite(g) && g > 0.0
  PASS  g <= cy + 1e-9
  PASS  g >= prev - 1e-9
  PASS  std::isfinite(g) && g > 0.0
  PASS  g <= cy + 1e-9
  PASS  g >= prev - 1e-9
  PASS  std::isfinite(g) && g > 0.0
  PASS  g <= cy + 1e-9
  PASS  g >= prev - 1e-9
  PASS  std::isfinite(g) && g > 0.0
  PASS  g <= cy + 1e-9
  PASS  g >= prev - 1e-9
  PASS  std::isfinite(g) && g > 0.0
  PASS  g <= cy + 1e-9
  PASS  g >= prev - 1e-9
  PASS  std::isfinite(g) && g > 0.0
  PASS  g <= cy + 1e-9
  PASS  g >= prev - 1e-9
  PASS  std::isfinite(g) && g > 0.0
  PASS  g <= cy + 1e-9
  PASS  g >= prev - 1e-9
  PASS  std::isfinite(g) && g > 0.0
  PASS  g <= cy + 1e-9
  PASS  g >= prev - 1e-9
  PASS  std::isfinite(g) && g > 0.0
  PASS  g <= cy + 1e-9
  PASS  g >= prev - 1e-9
  PASS  std::isfinite(g) && g > 0.0
  PASS  g <= cy + 1e-9
  PASS  g >= prev - 1e-9
  PASS  std::isfinite(g) && g > 0.0
  PASS  g <= cy + 1e-9
  PASS  g >= prev - 1e-9
  PASS  std::isfinite(g) && g > 0.0
  PASS  g <= cy + 1e-9
  PASS  g >= prev - 1e-9
  PASS  std::isfinite(g) && g > 0.0
  PASS  g <= cy + 1e-9
  PASS  g >= prev - 1e-9
  PASS  std::isfinite(g) && g > 0.0
  PASS  g <= cy + 1e-9
  PASS  g >= prev - 1e-9
  PASS  std::isfinite(g) && g > 0.0
  PASS  g <= cy + 1e-9
  PASS  g >= prev - 1e-9
  PASS  std::isfinite(g) && g > 0.0
  PASS  g <= cy + 1e-9
  PASS  g >= prev - 1e-9
  PASS  std::isfinite(g) && g > 0.0
  PASS  g <= cy + 1e-9
  PASS  g >= prev - 1e-9
  PASS  std::isfinite(g) && g > 0.0
  PASS  g <= cy + 1e-9
  PASS  g >= prev - 1e-9
  PASS  std::isfinite(g) && g > 0.0
  PASS  g <= cy + 1e-9
  PASS  g >= prev - 1e-9
  PASS  std::isfinite(g) && g > 0.0
  PASS  g <= cy + 1e-9
  PASS  g >= prev - 1e-9
  PASS  std::isfinite(g) && g > 0.0
  PASS  g <= cy + 1e-9
  PASS  g >= prev - 1e-9
  PASS  std::isfinite(g) && g > 0.0
  PASS  g <= cy + 1e-9
  PASS  g >= prev - 1e-9
  PASS  std::isfinite(g) && g > 0.0
  PASS  g <= cy + 1e-9
  PASS  g >= prev - 1e-9
  PASS  std::isfinite(g) && g > 0.0
  PASS  g <= cy + 1e-9
  PASS  g >= prev - 1e-9
  PASS  std::isfinite(g) && g > 0.0
  PASS  g <= cy + 1e-9
  PASS  g >= prev - 1e-9
  PASS  std::isfinite(g) && g > 0.0
  PASS  g <= cy + 1e-9
  PASS  g >= prev - 1e-9
  PASS  std::isfinite(g) && g > 0.0
  PASS  g <= cy + 1e-9
  PASS  g >= prev - 1e-9
  PASS  std::isfinite(g) && g > 0.0
  PASS  g <= cy + 1e-9
  PASS  g >= prev - 1e-9
  PASS  std::isfinite(g) && g > 0.0
  PASS  g <= cy + 1e-9
  PASS  g >= prev - 1e-9
  PASS  std::isfinite(g) && g > 0.0
  PASS  g <= cy + 1e-9
  PASS  g >= prev - 1e-9
  PASS  std::isfinite(g) && g > 0.0
  PASS  g <= cy + 1e-9
  PASS  g >= prev - 1e-9
  PASS  std::isfinite(g) && g > 0.0
  PASS  g <= cy + 1e-9
  PASS  g >= prev - 1e-9
  PASS  std::isfinite(g) && g > 0.0
  PASS  g <= cy + 1e-9
  PASS  g >= prev - 1e-9
  PASS  std::isfinite(g) && g > 0.0
  PASS  g <= cy + 1e-9
  PASS  g >= prev - 1e-9
  PASS  std::isfinite(g) && g > 0.0
  PASS  g <= cy + 1e-9
  PASS  g >= prev - 1e-9
  PASS  std::isfinite(g) && g > 0.0
  PASS  g <= cy + 1e-9
  PASS  g >= prev - 1e-9
  PASS  std::isfinite(g) && g > 0.0
  PASS  g <= cy + 1e-9
  PASS  g >= prev - 1e-9
  PASS  std::isfinite(g) && g > 0.0
  PASS  g <= cy + 1e-9
  PASS  g >= prev - 1e-9
  PASS  std::isfinite(g) && g > 0.0
  PASS  g <= cy + 1e-9
  PASS  g >= prev - 1e-9
  PASS  std::isfinite(g) && g > 0.0
  PASS  g <= cy + 1e-9
  PASS  g >= prev - 1e-9
  PASS  std::isfinite(g) && g > 0.0
  PASS  g <= cy + 1e-9
  PASS  g >= prev - 1e-9
  PASS  std::isfinite(g) && g > 0.0
  PASS  g <= cy + 1e-9
  PASS  g >= prev - 1e-9
  PASS  std::isfinite(g) && g > 0.0
  PASS  g <= cy + 1e-9
  PASS  g >= prev - 1e-9
  PASS  std::isfinite(g) && g > 0.0
  PASS  g <= cy + 1e-9
  PASS  g >= prev - 1e-9
  PASS  std::isfinite(g) && g > 0.0
  PASS  g <= cy + 1e-9
  PASS  g >= prev - 1e-9
  PASS  std::isfinite(g) && g > 0.0
  PASS  g <= cy + 1e-9
  PASS  g >= prev - 1e-9
  PASS  std::isfinite(g) && g > 0.0
  PASS  g <= cy + 1e-9
  PASS  g >= prev - 1e-9
  PASS  std::isfinite(g) && g > 0.0
  PASS  g <= cy + 1e-9
  PASS  g >= prev - 1e-9
  PASS  std::isfinite(g) && g > 0.0
  PASS  g <= cy + 1e-9
  PASS  g >= prev - 1e-9
  PASS  std::isfinite(g) && g > 0.0
  PASS  g <= cy + 1e-9
  PASS  g >= prev - 1e-9
  PASS  std::isfinite(g) && g > 0.0
  PASS  g <= cy + 1e-9
  PASS  g >= prev - 1e-9
  PASS  std::isfinite(g) && g > 0.0
  PASS  g <= cy + 1e-9
  PASS  g >= prev - 1e-9
  PASS  std::isfinite(g) && g > 0.0
  PASS  g <= cy + 1e-9
  PASS  g >= prev - 1e-9
  PASS  std::isfinite(g) && g > 0.0
  PASS  g <= cy + 1e-9
  PASS  g >= prev - 1e-9
  PASS  std::isfinite(g) && g > 0.0
  PASS  g <= cy + 1e-9
  PASS  g >= prev - 1e-9
  PASS  std::isfinite(g) && g > 0.0
  PASS  g <= cy + 1e-9
  PASS  g >= prev - 1e-9
  PASS  std::isfinite(g) && g > 0.0
  PASS  g <= cy + 1e-9
  PASS  g >= prev - 1e-9
  PASS  std::isfinite(g) && g > 0.0
  PASS  g <= cy + 1e-9
  PASS  g >= prev - 1e-9
  PASS  std::isfinite(g) && g > 0.0
  PASS  g <= cy + 1e-9
  PASS  g >= prev - 1e-9
  PASS  std::isfinite(g) && g > 0.0
  PASS  g <= cy + 1e-9
  PASS  g >= prev - 1e-9
  PASS  std::isfinite(g) && g > 0.0
  PASS  g <= cy + 1e-9
  PASS  g >= prev - 1e-9
  PASS  std::isfinite(g) && g > 0.0
  PASS  g <= cy + 1e-9
  PASS  g >= prev - 1e-9
  PASS  std::isfinite(g) && g > 0.0
  PASS  g <= cy + 1e-9
  PASS  g >= prev - 1e-9
  PASS  std::isfinite(g) && g > 0.0
  PASS  g <= cy + 1e-9
  PASS  g >= prev - 1e-9
  PASS  std::isfinite(g) && g > 0.0
  PASS  g <= cy + 1e-9
  PASS  g >= prev - 1e-9
  PASS  std::isfinite(g) && g > 0.0
  PASS  g <= cy + 1e-9
  PASS  g >= prev - 1e-9
  PASS  std::isfinite(g) && g > 0.0
  PASS  g <= cy + 1e-9
  PASS  g >= prev - 1e-9
  PASS  std::isfinite(g) && g > 0.0
  PASS  g <= cy + 1e-9
  PASS  g >= prev - 1e-9
  PASS  std::isfinite(g) && g > 0.0
  PASS  g <= cy + 1e-9
  PASS  g >= prev - 1e-9
  PASS  std::isfinite(g) && g > 0.0
  PASS  g <= cy + 1e-9
  PASS  g >= prev - 1e-9
  PASS  std::isfinite(g) && g > 0.0
  PASS  g <= cy + 1e-9
  PASS  g >= prev - 1e-9
  PASS  std::isfinite(g) && g > 0.0
  PASS  g <= cy + 1e-9
  PASS  g >= prev - 1e-9
  PASS  std::isfinite(g) && g > 0.0
  PASS  g <= cy + 1e-9
  PASS  g >= prev - 1e-9
  PASS  std::isfinite(g) && g > 0.0
  PASS  g <= cy + 1e-9
  PASS  g >= prev - 1e-9
  PASS  std::isfinite(g) && g > 0.0
  PASS  g <= cy + 1e-9
  PASS  g >= prev - 1e-9
  PASS  std::isfinite(g) && g > 0.0
  PASS  g <= cy + 1e-9
  PASS  g >= prev - 1e-9
  PASS  std::isfinite(g) && g > 0.0
  PASS  g <= cy + 1e-9
  PASS  g >= prev - 1e-9
  PASS  std::isfinite(g) && g > 0.0
  PASS  g <= cy + 1e-9
  PASS  g >= prev - 1e-9
  PASS  std::isfinite(g) && g > 0.0
  PASS  g <= cy + 1e-9
  PASS  g >= prev - 1e-9
  PASS  std::isfinite(g) && g > 0.0
  PASS  g <= cy + 1e-9
  PASS  g >= prev - 1e-9
  PASS  std::isfinite(g) && g > 0.0
  PASS  g <= cy + 1e-9
  PASS  g >= prev - 1e-9
  PASS  std::isfinite(g) && g > 0.0
  PASS  g <= cy + 1e-9
  PASS  g >= prev - 1e-9
  PASS  std::isfinite(g) && g > 0.0
  PASS  g <= cy + 1e-9
  PASS  g >= prev - 1e-9
  PASS  std::isfinite(g) && g > 0.0
  PASS  g <= cy + 1e-9
  PASS  g >= prev - 1e-9
  PASS  std::isfinite(g) && g > 0.0
  PASS  g <= cy + 1e-9
  PASS  g >= prev - 1e-9
  PASS  std::isfinite(g) && g > 0.0
  PASS  g <= cy + 1e-9
  PASS  g >= prev - 1e-9
  PASS  std::isfinite(g) && g > 0.0
  PASS  g <= cy + 1e-9
  PASS  g >= prev - 1e-9
  PASS  std::isfinite(g) && g > 0.0
  PASS  g <= cy + 1e-9
  PASS  g >= prev - 1e-9
  PASS  std::isfinite(g) && g > 0.0
  PASS  g <= cy + 1e-9
  PASS  g >= prev - 1e-9
  PASS  std::isfinite(g) && g > 0.0
  PASS  g <= cy + 1e-9
  PASS  g >= prev - 1e-9
  PASS  std::isfinite(g) && g > 0.0
  PASS  g <= cy + 1e-9
  PASS  g >= prev - 1e-9
  PASS  std::isfinite(g) && g > 0.0
  PASS  g <= cy + 1e-9
  PASS  g >= prev - 1e-9
  PASS  std::isfinite(g) && g > 0.0
  PASS  g <= cy + 1e-9
  PASS  g >= prev - 1e-9
  PASS  std::isfinite(g) && g > 0.0
  PASS  g <= cy + 1e-9
  PASS  g >= prev - 1e-9
  PASS  std::isfinite(g) && g > 0.0
  PASS  g <= cy + 1e-9
  PASS  g >= prev - 1e-9
  PASS  std::isfinite(g) && g > 0.0
  PASS  g <= cy + 1e-9
  PASS  g >= prev - 1e-9
  PASS  std::isfinite(g) && g > 0.0
  PASS  g <= cy + 1e-9
  PASS  g >= prev - 1e-9
  PASS  std::isfinite(g) && g > 0.0
  PASS  g <= cy + 1e-9
  PASS  g >= prev - 1e-9
  PASS  std::isfinite(g) && g > 0.0
  PASS  g <= cy + 1e-9
  PASS  g >= prev - 1e-9
  PASS  std::isfinite(g) && g > 0.0
  PASS  g <= cy + 1e-9
  PASS  g >= prev - 1e-9
  PASS  std::isfinite(g) && g > 0.0
  PASS  g <= cy + 1e-9
  PASS  g >= prev - 1e-9
  PASS  std::isfinite(g) && g > 0.0
  PASS  g <= cy + 1e-9
  PASS  g >= prev - 1e-9
  PASS  std::isfinite(g) && g > 0.0
  PASS  g <= cy + 1e-9
  PASS  g >= prev - 1e-9
  PASS  std::isfinite(g) && g > 0.0
  PASS  g <= cy + 1e-9
  PASS  g >= prev - 1e-9
  PASS  std::isfinite(g) && g > 0.0
  PASS  g <= cy + 1e-9
  PASS  g >= prev - 1e-9
  PASS  std::isfinite(g) && g > 0.0
  PASS  g <= cy + 1e-9
  PASS  g >= prev - 1e-9
  PASS  std::isfinite(g) && g > 0.0
  PASS  g <= cy + 1e-9
  PASS  g >= prev - 1e-9
  PASS  std::isfinite(g) && g > 0.0
  PASS  g <= cy + 1e-9
  PASS  g >= prev - 1e-9
  PASS  std::isfinite(g) && g > 0.0
  PASS  g <= cy + 1e-9
  PASS  g >= prev - 1e-9
  PASS  std::isfinite(g) && g > 0.0
  PASS  g <= cy + 1e-9
  PASS  g >= prev - 1e-9
  PASS  std::isfinite(g) && g > 0.0
  PASS  g <= cy + 1e-9
  PASS  g >= prev - 1e-9
  PASS  std::isfinite(g) && g > 0.0
  PASS  g <= cy + 1e-9
  PASS  g >= prev - 1e-9
  PASS  std::isfinite(g) && g > 0.0
  PASS  g <= cy + 1e-9
  PASS  g >= prev - 1e-9
  PASS  std::isfinite(g) && g > 0.0
  PASS  g <= cy + 1e-9
  PASS  g >= prev - 1e-9
  PASS  std::isfinite(g) && g > 0.0
  PASS  g <= cy + 1e-9
  PASS  g >= prev - 1e-9
  PASS  std::isfinite(g) && g > 0.0
  PASS  g <= cy + 1e-9
  PASS  g >= prev - 1e-9
  PASS  std::isfinite(g) && g > 0.0
  PASS  g <= cy + 1e-9
  PASS  g >= prev - 1e-9
  PASS  std::isfinite(g) && g > 0.0
  PASS  g <= cy + 1e-9
  PASS  g >= prev - 1e-9
  PASS  std::isfinite(g) && g > 0.0
  PASS  g <= cy + 1e-9
  PASS  g >= prev - 1e-9
  PASS  std::isfinite(g) && g > 0.0
  PASS  g <= cy + 1e-9
  PASS  g >= prev - 1e-9
  PASS  std::isfinite(g) && g > 0.0
  PASS  g <= cy + 1e-9
  PASS  g >= prev - 1e-9
  PASS  std::isfinite(g) && g > 0.0
  PASS  g <= cy + 1e-9
  PASS  g >= prev - 1e-9
  PASS  std::isfinite(g) && g > 0.0
  PASS  g <= cy + 1e-9
  PASS  g >= prev - 1e-9
  PASS  std::isfinite(g) && g > 0.0
  PASS  g <= cy + 1e-9
  PASS  g >= prev - 1e-9
  PASS  std::isfinite(g) && g > 0.0
  PASS  g <= cy + 1e-9
  PASS  g >= prev - 1e-9
  PASS  std::isfinite(g) && g > 0.0
  PASS  g <= cy + 1e-9
  PASS  g >= prev - 1e-9
  PASS  std::isfinite(g) && g > 0.0
  PASS  g <= cy + 1e-9
  PASS  g >= prev - 1e-9
  PASS  std::isfinite(g) && g > 0.0
  PASS  g <= cy + 1e-9
  PASS  g >= prev - 1e-9
  PASS  std::isfinite(g) && g > 0.0
  PASS  g <= cy + 1e-9
  PASS  g >= prev - 1e-9
  PASS  std::isfinite(g) && g > 0.0
  PASS  g <= cy + 1e-9
  PASS  g >= prev - 1e-9
  PASS  std::isfinite(g) && g > 0.0
  PASS  g <= cy + 1e-9
  PASS  g >= prev - 1e-9
  PASS  std::isfinite(g) && g > 0.0
  PASS  g <= cy + 1e-9
  PASS  g >= prev - 1e-9
  PASS  std::isfinite(g) && g > 0.0
  PASS  g <= cy + 1e-9
  PASS  g >= prev - 1e-9
  PASS  std::isfinite(g) && g > 0.0
  PASS  g <= cy + 1e-9
  PASS  g >= prev - 1e-9
  PASS  std::isfinite(g) && g > 0.0
  PASS  g <= cy + 1e-9
  PASS  g >= prev - 1e-9
  PASS  std::isfinite(g) && g > 0.0
  PASS  g <= cy + 1e-9
  PASS  g >= prev - 1e-9
  PASS  std::isfinite(g) && g > 0.0
  PASS  g <= cy + 1e-9
  PASS  g >= prev - 1e-9
  PASS  std::isfinite(g) && g > 0.0
  PASS  g <= cy + 1e-9
  PASS  g >= prev - 1e-9
  PASS  std::isfinite(g) && g > 0.0
  PASS  g <= cy + 1e-9
  PASS  g >= prev - 1e-9
  PASS  std::isfinite(g) && g > 0.0
  PASS  g <= cy + 1e-9
  PASS  g >= prev - 1e-9
  PASS  std::isfinite(g) && g > 0.0
  PASS  g <= cy + 1e-9
  PASS  g >= prev - 1e-9
  PASS  std::isfinite(g) && g > 0.0
  PASS  g <= cy + 1e-9
  PASS  g >= prev - 1e-9
  PASS  std::isfinite(g) && g > 0.0
  PASS  g <= cy + 1e-9
  PASS  g >= prev - 1e-9
  PASS  std::isfinite(g) && g > 0.0
  PASS  g <= cy + 1e-9
  PASS  g >= prev - 1e-9
  PASS  std::isfinite(g) && g > 0.0
  PASS  g <= cy + 1e-9
  PASS  g >= prev - 1e-9
  PASS  std::isfinite(g) && g > 0.0
  PASS  g <= cy + 1e-9
  PASS  g >= prev - 1e-9
  PASS  std::isfinite(g) && g > 0.0
  PASS  g <= cy + 1e-9
  PASS  g >= prev - 1e-9
  PASS  std::isfinite(g) && g > 0.0
  PASS  g <= cy + 1e-9
  PASS  g >= prev - 1e-9
  PASS  std::isfinite(g) && g > 0.0
  PASS  g <= cy + 1e-9
  PASS  g >= prev - 1e-9
  PASS  std::isfinite(g) && g > 0.0
  PASS  g <= cy + 1e-9
  PASS  g >= prev - 1e-9
  PASS  std::isfinite(g) && g > 0.0
  PASS  g <= cy + 1e-9
  PASS  g >= prev - 1e-9
  PASS  std::isfinite(g) && g > 0.0
  PASS  g <= cy + 1e-9
  PASS  g >= prev - 1e-9
  PASS  std::isfinite(g) && g > 0.0
  PASS  g <= cy + 1e-9
  PASS  g >= prev - 1e-9
  PASS  std::isfinite(g) && g > 0.0
  PASS  g <= cy + 1e-9
  PASS  g >= prev - 1e-9
  PASS  std::isfinite(g) && g > 0.0
  PASS  g <= cy + 1e-9
  PASS  g >= prev - 1e-9
  PASS  std::isfinite(g) && g > 0.0
  PASS  g <= cy + 1e-9
  PASS  g >= prev - 1e-9
  PASS  std::isfinite(g) && g > 0.0
  PASS  g <= cy + 1e-9
  PASS  g >= prev - 1e-9
  PASS  std::isfinite(g) && g > 0.0
  PASS  g <= cy + 1e-9
  PASS  g >= prev - 1e-9
  PASS  std::isfinite(g) && g > 0.0
  PASS  g <= cy + 1e-9
  PASS  g >= prev - 1e-9
  PASS  std::isfinite(g) && g > 0.0
  PASS  g <= cy + 1e-9
  PASS  g >= prev - 1e-9
  PASS  std::isfinite(g) && g > 0.0
  PASS  g <= cy + 1e-9
  PASS  g >= prev - 1e-9
  PASS  std::isfinite(g) && g > 0.0
  PASS  g <= cy + 1e-9
  PASS  g >= prev - 1e-9
  PASS  std::isfinite(g) && g > 0.0
  PASS  g <= cy + 1e-9
  PASS  g >= prev - 1e-9
  PASS  std::isfinite(g) && g > 0.0
  PASS  g <= cy + 1e-9
  PASS  g >= prev - 1e-9
  PASS  std::isfinite(g) && g > 0.0
  PASS  g <= cy + 1e-9
  PASS  g >= prev - 1e-9
  PASS  std::isfinite(g) && g > 0.0
  PASS  g <= cy + 1e-9
  PASS  g >= prev - 1e-9
  PASS  std::isfinite(g) && g > 0.0
  PASS  g <= cy + 1e-9
  PASS  g >= prev - 1e-9
  PASS  std::isfinite(g) && g > 0.0
  PASS  g <= cy + 1e-9
  PASS  g >= prev - 1e-9
  PASS  std::isfinite(g) && g > 0.0
  PASS  g <= cy + 1e-9
  PASS  g >= prev - 1e-9
  PASS  std::isfinite(g) && g > 0.0
  PASS  g <= cy + 1e-9
  PASS  g >= prev - 1e-9
  PASS  std::isfinite(g) && g > 0.0
  PASS  g <= cy + 1e-9
  PASS  g >= prev - 1e-9
  PASS  std::isfinite(g) && g > 0.0
  PASS  g <= cy + 1e-9
  PASS  g >= prev - 1e-9
  PASS  std::isfinite(g) && g > 0.0
  PASS  g <= cy + 1e-9
  PASS  g >= prev - 1e-9
  PASS  std::isfinite(g) && g > 0.0
  PASS  g <= cy + 1e-9
  PASS  g >= prev - 1e-9
  PASS  std::isfinite(g) && g > 0.0
  PASS  g <= cy + 1e-9
  PASS  g >= prev - 1e-9
  PASS  std::isfinite(g) && g > 0.0
  PASS  g <= cy + 1e-9
  PASS  g >= prev - 1e-9
  PASS  std::isfinite(g) && g > 0.0
  PASS  g <= cy + 1e-9
  PASS  g >= prev - 1e-9
  PASS  std::isfinite(g) && g > 0.0
  PASS  g <= cy + 1e-9
  PASS  g >= prev - 1e-9
  PASS  std::isfinite(g) && g > 0.0
  PASS  g <= cy + 1e-9
  PASS  g >= prev - 1e-9
  PASS  std::isfinite(g) && g > 0.0
  PASS  g <= cy + 1e-9
  PASS  g >= prev - 1e-9
  PASS  std::isfinite(g) && g > 0.0
  PASS  g <= cy + 1e-9
  PASS  g >= prev - 1e-9
  PASS  std::isfinite(g) && g > 0.0
  PASS  g <= cy + 1e-9
  PASS  g >= prev - 1e-9
  PASS  std::isfinite(g) && g > 0.0
  PASS  g <= cy + 1e-9
  PASS  g >= prev - 1e-9
  PASS  std::isfinite(g) && g > 0.0
  PASS  g <= cy + 1e-9
  PASS  g >= prev - 1e-9
  PASS  std::isfinite(g) && g > 0.0
  PASS  g <= cy + 1e-9
  PASS  g >= prev - 1e-9
  PASS  std::isfinite(g) && g > 0.0
  PASS  g <= cy + 1e-9
  PASS  g >= prev - 1e-9
  PASS  std::isfinite(g) && g > 0.0
  PASS  g <= cy + 1e-9
  PASS  g >= prev - 1e-9
  PASS  std::isfinite(g) && g > 0.0
  PASS  g <= cy + 1e-9
  PASS  g >= prev - 1e-9
  PASS  std::isfinite(g) && g > 0.0
  PASS  g <= cy + 1e-9
  PASS  g >= prev - 1e-9
  PASS  std::isfinite(g) && g > 0.0
  PASS  g <= cy + 1e-9
  PASS  g >= prev - 1e-9
  PASS  std::isfinite(g) && g > 0.0
  PASS  g <= cy + 1e-9
  PASS  g >= prev - 1e-9
  PASS  std::isfinite(g) && g > 0.0
  PASS  g <= cy + 1e-9
  PASS  g >= prev - 1e-9
  PASS  std::isfinite(g) && g > 0.0
  PASS  g <= cy + 1e-9
  PASS  g >= prev - 1e-9
  PASS  std::isfinite(g) && g > 0.0
  PASS  g <= cy + 1e-9
  PASS  g >= prev - 1e-9
  PASS  std::isfinite(g) && g > 0.0
  PASS  g <= cy + 1e-9
  PASS  g >= prev - 1e-9
  PASS  std::isfinite(g) && g > 0.0
  PASS  g <= cy + 1e-9
  PASS  g >= prev - 1e-9
  PASS  std::isfinite(g) && g > 0.0
  PASS  g <= cy + 1e-9
  PASS  g >= prev - 1e-9
  PASS  std::isfinite(g) && g > 0.0
  PASS  g <= cy + 1e-9
  PASS  g >= prev - 1e-9
  PASS  std::isfinite(g) && g > 0.0
  PASS  g <= cy + 1e-9
  PASS  g >= prev - 1e-9
  PASS  std::isfinite(g) && g > 0.0
  PASS  g <= cy + 1e-9
  PASS  g >= prev - 1e-9
  PASS  std::isfinite(g) && g > 0.0
  PASS  g <= cy + 1e-9
  PASS  g >= prev - 1e-9
  PASS  std::isfinite(g) && g > 0.0
  PASS  g <= cy + 1e-9
  PASS  g >= prev - 1e-9
  PASS  std::isfinite(g) && g > 0.0
  PASS  g <= cy + 1e-9
  PASS  g >= prev - 1e-9
  PASS  std::isfinite(g) && g > 0.0
  PASS  g <= cy + 1e-9
  PASS  g >= prev - 1e-9
  PASS  std::isfinite(g) && g > 0.0
  PASS  g <= cy + 1e-9
  PASS  g >= prev - 1e-9
  PASS  std::isfinite(g) && g > 0.0
  PASS  g <= cy + 1e-9
  PASS  g >= prev - 1e-9
  PASS  std::isfinite(g) && g > 0.0
  PASS  g <= cy + 1e-9
  PASS  g >= prev - 1e-9
  PASS  std::isfinite(g) && g > 0.0
  PASS  g <= cy + 1e-9
  PASS  g >= prev - 1e-9
  PASS  std::isfinite(g) && g > 0.0
  PASS  g <= cy + 1e-9
  PASS  g >= prev - 1e-9
  PASS  std::isfinite(g) && g > 0.0
  PASS  g <= cy + 1e-9
  PASS  g >= prev - 1e-9
  PASS  std::isfinite(g) && g > 0.0
  PASS  g <= cy + 1e-9
  PASS  g >= prev - 1e-9
  PASS  std::isfinite(g) && g > 0.0
  PASS  g <= cy + 1e-9
  PASS  g >= prev - 1e-9
  PASS  std::isfinite(g) && g > 0.0
  PASS  g <= cy + 1e-9
  PASS  g >= prev - 1e-9
  PASS  std::isfinite(g) && g > 0.0
  PASS  g <= cy + 1e-9
  PASS  g >= prev - 1e-9
  PASS  std::isfinite(g) && g > 0.0
  PASS  g <= cy + 1e-9
  PASS  g >= prev - 1e-9
  PASS  std::isfinite(g) && g > 0.0
  PASS  g <= cy + 1e-9
  PASS  g >= prev - 1e-9
  PASS  std::isfinite(g) && g > 0.0
  PASS  g <= cy + 1e-9
  PASS  g >= prev - 1e-9
  PASS  std::isfinite(g) && g > 0.0
  PASS  g <= cy + 1e-9
  PASS  g >= prev - 1e-9
  PASS  std::isfinite(g) && g > 0.0
  PASS  g <= cy + 1e-9
  PASS  g >= prev - 1e-9
  PASS  std::isfinite(g) && g > 0.0
  PASS  g <= cy + 1e-9
  PASS  g >= prev - 1e-9
  PASS  std::isfinite(g) && g > 0.0
  PASS  g <= cy + 1e-9
  PASS  g >= prev - 1e-9
  PASS  std::isfinite(g) && g > 0.0
  PASS  g <= cy + 1e-9
  PASS  g >= prev - 1e-9
  PASS  std::isfinite(g) && g > 0.0
  PASS  g <= cy + 1e-9
  PASS  g >= prev - 1e-9
  PASS  std::isfinite(g) && g > 0.0
  PASS  g <= cy + 1e-9
  PASS  g >= prev - 1e-9
  PASS  std::isfinite(g) && g > 0.0
  PASS  g <= cy + 1e-9
  PASS  g >= prev - 1e-9
  PASS  std::isfinite(g) && g > 0.0
  PASS  g <= cy + 1e-9
  PASS  g >= prev - 1e-9
  PASS  std::isfinite(g) && g > 0.0
  PASS  g <= cy + 1e-9
  PASS  g >= prev - 1e-9
  PASS  std::isfinite(g) && g > 0.0
  PASS  g <= cy + 1e-9
  PASS  g >= prev - 1e-9
  PASS  std::isfinite(g) && g > 0.0
  PASS  g <= cy + 1e-9
  PASS  g >= prev - 1e-9
  PASS  std::isfinite(g) && g > 0.0
  PASS  g <= cy + 1e-9
  PASS  g >= prev - 1e-9
  PASS  std::isfinite(g) && g > 0.0
  PASS  g <= cy + 1e-9
  PASS  g >= prev - 1e-9
  PASS  std::isfinite(g) && g > 0.0
  PASS  g <= cy + 1e-9
  PASS  g >= prev - 1e-9
  PASS  std::isfinite(g) && g > 0.0
  PASS  g <= cy + 1e-9
  PASS  g >= prev - 1e-9
  PASS  std::isfinite(g) && g > 0.0
  PASS  g <= cy + 1e-9
  PASS  g >= prev - 1e-9
  PASS  std::isfinite(g) && g > 0.0
  PASS  g <= cy + 1e-9
  PASS  g >= prev - 1e-9
  PASS  std::isfinite(g) && g > 0.0
  PASS  g <= cy + 1e-9
  PASS  g >= prev - 1e-9
  PASS  std::isfinite(g) && g > 0.0
  PASS  g <= cy + 1e-9
  PASS  g >= prev - 1e-9
  PASS  std::isfinite(g) && g > 0.0
  PASS  g <= cy + 1e-9
  PASS  g >= prev - 1e-9
  PASS  std::isfinite(g) && g > 0.0
  PASS  g <= cy + 1e-9
  PASS  g >= prev - 1e-9
  PASS  std::isfinite(g) && g > 0.0
  PASS  g <= cy + 1e-9
  PASS  g >= prev - 1e-9
  PASS  std::isfinite(g) && g > 0.0
  PASS  g <= cy + 1e-9
  PASS  g >= prev - 1e-9
  PASS  std::isfinite(g) && g > 0.0
  PASS  g <= cy + 1e-9
  PASS  g >= prev - 1e-9
  PASS  std::isfinite(g) && g > 0.0
  PASS  g <= cy + 1e-9
  PASS  g >= prev - 1e-9
  PASS  std::isfinite(g) && g > 0.0
  PASS  g <= cy + 1e-9
  PASS  g >= prev - 1e-9
  PASS  std::isfinite(g) && g > 0.0
  PASS  g <= cy + 1e-9
  PASS  g >= prev - 1e-9
  PASS  std::isfinite(g) && g > 0.0
  PASS  g <= cy + 1e-9
  PASS  g >= prev - 1e-9
  PASS  std::isfinite(g) && g > 0.0
  PASS  g <= cy + 1e-9
  PASS  g >= prev - 1e-9
  PASS  std::isfinite(g) && g > 0.0
  PASS  g <= cy + 1e-9
  PASS  g >= prev - 1e-9
  PASS  std::isfinite(g) && g > 0.0
  PASS  g <= cy + 1e-9
  PASS  g >= prev - 1e-9
  PASS  std::isfinite(g) && g > 0.0
  PASS  g <= cy + 1e-9
  PASS  g >= prev - 1e-9
  PASS  std::isfinite(g) && g > 0.0
  PASS  g <= cy + 1e-9
  PASS  g >= prev - 1e-9
  PASS  std::isfinite(g) && g > 0.0
  PASS  g <= cy + 1e-9
  PASS  g >= prev - 1e-9
  PASS  std::isfinite(g) && g > 0.0
  PASS  g <= cy + 1e-9
  PASS  g >= prev - 1e-9
  PASS  std::isfinite(g) && g > 0.0
  PASS  g <= cy + 1e-9
  PASS  g >= prev - 1e-9
  PASS  std::isfinite(g) && g > 0.0
  PASS  g <= cy + 1e-9
  PASS  g >= prev - 1e-9
  PASS  std::isfinite(g) && g > 0.0
  PASS  g <= cy + 1e-9
  PASS  g >= prev - 1e-9
  PASS  std::isfinite(g) && g > 0.0
  PASS  g <= cy + 1e-9
  PASS  g >= prev - 1e-9
  PASS  std::isfinite(g) && g > 0.0
  PASS  g <= cy + 1e-9
  PASS  g >= prev - 1e-9
  PASS  std::isfinite(g) && g > 0.0
  PASS  g <= cy + 1e-9
  PASS  g >= prev - 1e-9
  PASS  std::isfinite(g) && g > 0.0
  PASS  g <= cy + 1e-9
  PASS  g >= prev - 1e-9
  PASS  std::isfinite(g) && g > 0.0
  PASS  g <= cy + 1e-9
  PASS  g >= prev - 1e-9
  PASS  std::isfinite(g) && g > 0.0
  PASS  g <= cy + 1e-9
  PASS  g >= prev - 1e-9
  PASS  std::isfinite(g) && g > 0.0
  PASS  g <= cy + 1e-9
  PASS  g >= prev - 1e-9
  PASS  std::isfinite(g) && g > 0.0
  PASS  g <= cy + 1e-9
  PASS  g >= prev - 1e-9
  PASS  std::isfinite(g) && g > 0.0
  PASS  g <= cy + 1e-9
  PASS  g >= prev - 1e-9
  PASS  std::isfinite(g) && g > 0.0
  PASS  g <= cy + 1e-9
  PASS  g >= prev - 1e-9
  PASS  std::isfinite(g) && g > 0.0
  PASS  g <= cy + 1e-9
  PASS  g >= prev - 1e-9
  PASS  std::isfinite(g) && g > 0.0
  PASS  g <= cy + 1e-9
  PASS  g >= prev - 1e-9
  PASS  std::isfinite(g) && g > 0.0
  PASS  g <= cy + 1e-9
  PASS  g >= prev - 1e-9
  PASS  std::isfinite(g) && g > 0.0
  PASS  g <= cy + 1e-9
  PASS  g >= prev - 1e-9
  PASS  std::isfinite(g) && g > 0.0
  PASS  g <= cy + 1e-9
  PASS  g >= prev - 1e-9
  PASS  std::isfinite(g) && g > 0.0
  PASS  g <= cy + 1e-9
  PASS  g >= prev - 1e-9
  PASS  std::isfinite(g) && g > 0.0
  PASS  g <= cy + 1e-9
  PASS  g >= prev - 1e-9
  PASS  std::isfinite(g) && g > 0.0
  PASS  g <= cy + 1e-9
  PASS  g >= prev - 1e-9
  PASS  std::isfinite(g) && g > 0.0
  PASS  g <= cy + 1e-9
  PASS  g >= prev - 1e-9
  PASS  std::isfinite(g) && g > 0.0
  PASS  g <= cy + 1e-9
  PASS  g >= prev - 1e-9
  PASS  std::isfinite(g) && g > 0.0
  PASS  g <= cy + 1e-9
  PASS  g >= prev - 1e-9
  PASS  std::isfinite(g) && g > 0.0
  PASS  g <= cy + 1e-9
  PASS  g >= prev - 1e-9
  PASS  std::isfinite(g) && g > 0.0
  PASS  g <= cy + 1e-9
  PASS  g >= prev - 1e-9
  PASS  std::isfinite(g) && g > 0.0
  PASS  g <= cy + 1e-9
  PASS  g >= prev - 1e-9
  PASS  std::isfinite(g) && g > 0.0
  PASS  g <= cy + 1e-9
  PASS  g >= prev - 1e-9
  PASS  std::isfinite(g) && g > 0.0
  PASS  g <= cy + 1e-9
  PASS  g >= prev - 1e-9
  PASS  std::isfinite(g) && g > 0.0
  PASS  g <= cy + 1e-9
  PASS  g >= prev - 1e-9
  PASS  std::isfinite(g) && g > 0.0
  PASS  g <= cy + 1e-9
  PASS  g >= prev - 1e-9
  PASS  std::isfinite(g) && g > 0.0
  PASS  g <= cy + 1e-9
  PASS  g >= prev - 1e-9
  PASS  std::isfinite(g) && g > 0.0
  PASS  g <= cy + 1e-9
  PASS  g >= prev - 1e-9
  PASS  std::isfinite(g) && g > 0.0
  PASS  g <= cy + 1e-9
  PASS  g >= prev - 1e-9
  PASS  std::isfinite(g) && g > 0.0
  PASS  g <= cy + 1e-9
  PASS  g >= prev - 1e-9
  PASS  std::isfinite(g) && g > 0.0
  PASS  g <= cy + 1e-9
  PASS  g >= prev - 1e-9
  PASS  std::isfinite(g) && g > 0.0
  PASS  g <= cy + 1e-9
  PASS  g >= prev - 1e-9
  PASS  std::isfinite(g) && g > 0.0
  PASS  g <= cy + 1e-9
  PASS  g >= prev - 1e-9
  PASS  std::isfinite(g) && g > 0.0
  PASS  g <= cy + 1e-9
  PASS  g >= prev - 1e-9
  PASS  std::isfinite(g) && g > 0.0
  PASS  g <= cy + 1e-9
  PASS  g >= prev - 1e-9
  PASS  std::isfinite(g) && g > 0.0
  PASS  g <= cy + 1e-9
  PASS  g >= prev - 1e-9
  PASS  std::isfinite(g) && g > 0.0
  PASS  g <= cy + 1e-9
  PASS  g >= prev - 1e-9
  PASS  std::isfinite(g) && g > 0.0
  PASS  g <= cy + 1e-9
  PASS  g >= prev - 1e-9
  PASS  std::isfinite(g) && g > 0.0
  PASS  g <= cy + 1e-9
  PASS  g >= prev - 1e-9
  PASS  std::isfinite(g) && g > 0.0
  PASS  g <= cy + 1e-9
  PASS  g >= prev - 1e-9
  PASS  std::isfinite(g) && g > 0.0
  PASS  g <= cy + 1e-9
  PASS  g >= prev - 1e-9
  PASS  std::isfinite(g) && g > 0.0
  PASS  g <= cy + 1e-9
  PASS  g >= prev - 1e-9
  PASS  std::isfinite(g) && g > 0.0
  PASS  g <= cy + 1e-9
  PASS  g >= prev - 1e-9
  PASS  std::isfinite(g) && g > 0.0
  PASS  g <= cy + 1e-9
  PASS  g >= prev - 1e-9
  PASS  std::isfinite(g) && g > 0.0
  PASS  g <= cy + 1e-9
  PASS  g >= prev - 1e-9
  PASS  std::isfinite(g) && g > 0.0
  PASS  g <= cy + 1e-9
  PASS  g >= prev - 1e-9
  PASS  std::isfinite(g) && g > 0.0
  PASS  g <= cy + 1e-9
  PASS  g >= prev - 1e-9
  PASS  std::isfinite(g) && g > 0.0
  PASS  g <= cy + 1e-9
  PASS  g >= prev - 1e-9
  PASS  std::isfinite(g) && g > 0.0
  PASS  g <= cy + 1e-9
  PASS  g >= prev - 1e-9
  PASS  std::isfinite(g) && g > 0.0
  PASS  g <= cy + 1e-9
  PASS  g >= prev - 1e-9
  PASS  std::isfinite(g) && g > 0.0
  PASS  g <= cy + 1e-9
  PASS  g >= prev - 1e-9
  PASS  std::isfinite(g) && g > 0.0
  PASS  g <= cy + 1e-9
  PASS  g >= prev - 1e-9
  PASS  std::isfinite(g) && g > 0.0
  PASS  g <= cy + 1e-9
  PASS  g >= prev - 1e-9
  PASS  std::isfinite(g) && g > 0.0
  PASS  g <= cy + 1e-9
  PASS  g >= prev - 1e-9
  PASS  std::isfinite(g) && g > 0.0
  PASS  g <= cy + 1e-9
  PASS  g >= prev - 1e-9
  PASS  std::isfinite(g) && g > 0.0
  PASS  g <= cy + 1e-9
  PASS  g >= prev - 1e-9
  PASS  std::isfinite(g) && g > 0.0
  PASS  g <= cy + 1e-9
  PASS  g >= prev - 1e-9
  PASS  std::isfinite(g) && g > 0.0
  PASS  g <= cy + 1e-9
  PASS  g >= prev - 1e-9
  PASS  std::isfinite(g) && g > 0.0
  PASS  g <= cy + 1e-9
  PASS  g >= prev - 1e-9
  PASS  std::isfinite(g) && g > 0.0
  PASS  g <= cy + 1e-9
  PASS  g >= prev - 1e-9
  PASS  std::isfinite(g) && g > 0.0
  PASS  g <= cy + 1e-9
  PASS  g >= prev - 1e-9
  PASS  std::isfinite(g) && g > 0.0
  PASS  g <= cy + 1e-9
  PASS  g >= prev - 1e-9
  PASS  std::isfinite(g) && g > 0.0
  PASS  g <= cy + 1e-9
  PASS  g >= prev - 1e-9
  PASS  std::isfinite(g) && g > 0.0
  PASS  g <= cy + 1e-9
  PASS  g >= prev - 1e-9
  PASS  std::isfinite(g) && g > 0.0
  PASS  g <= cy + 1e-9
  PASS  g >= prev - 1e-9
  PASS  std::isfinite(g) && g > 0.0
  PASS  g <= cy + 1e-9
  PASS  g >= prev - 1e-9
  PASS  std::isfinite(g) && g > 0.0
  PASS  g <= cy + 1e-9
  PASS  g >= prev - 1e-9
  PASS  std::isfinite(g) && g > 0.0
  PASS  g <= cy + 1e-9
  PASS  g >= prev - 1e-9
  PASS  std::isfinite(g) && g > 0.0
  PASS  g <= cy + 1e-9
  PASS  g >= prev - 1e-9
  PASS  std::isfinite(g) && g > 0.0
  PASS  g <= cy + 1e-9
  PASS  g >= prev - 1e-9
  PASS  std::isfinite(g) && g > 0.0
  PASS  g <= cy + 1e-9
  PASS  g >= prev - 1e-9
  PASS  std::isfinite(g) && g > 0.0
  PASS  g <= cy + 1e-9
  PASS  g >= prev - 1e-9
  PASS  std::isfinite(g) && g > 0.0
  PASS  g <= cy + 1e-9
  PASS  g >= prev - 1e-9
  PASS  std::isfinite(g) && g > 0.0
  PASS  g <= cy + 1e-9
  PASS  g >= prev - 1e-9
  PASS  std::isfinite(g) && g > 0.0
  PASS  g <= cy + 1e-9
  PASS  g >= prev - 1e-9
  PASS  std::isfinite(g) && g > 0.0
  PASS  g <= cy + 1e-9
  PASS  g >= prev - 1e-9
  PASS  std::isfinite(g) && g > 0.0
  PASS  g <= cy + 1e-9
  PASS  g >= prev - 1e-9
  PASS  std::isfinite(g) && g > 0.0
  PASS  g <= cy + 1e-9
  PASS  g >= prev - 1e-9
  PASS  std::isfinite(g) && g > 0.0
  PASS  g <= cy + 1e-9
  PASS  g >= prev - 1e-9
  PASS  std::isfinite(g) && g > 0.0
  PASS  g <= cy + 1e-9
  PASS  g >= prev - 1e-9
  PASS  std::isfinite(g) && g > 0.0
  PASS  g <= cy + 1e-9
  PASS  g >= prev - 1e-9
  PASS  std::isfinite(g) && g > 0.0
  PASS  g <= cy + 1e-9
  PASS  g >= prev - 1e-9
  PASS  std::isfinite(g) && g > 0.0
  PASS  g <= cy + 1e-9
  PASS  g >= prev - 1e-9
  PASS  std::isfinite(g) && g > 0.0
  PASS  g <= cy + 1e-9
  PASS  g >= prev - 1e-9
  PASS  std::isfinite(g) && g > 0.0
  PASS  g <= cy + 1e-9
  PASS  g >= prev - 1e-9
  PASS  std::isfinite(g) && g > 0.0
  PASS  g <= cy + 1e-9
  PASS  g >= prev - 1e-9
  PASS  std::isfinite(g) && g > 0.0
  PASS  g <= cy + 1e-9
  PASS  g >= prev - 1e-9
  PASS  std::isfinite(g) && g > 0.0
  PASS  g <= cy + 1e-9
  PASS  g >= prev - 1e-9
  PASS  std::isfinite(g) && g > 0.0
  PASS  g <= cy + 1e-9
  PASS  g >= prev - 1e-9
  PASS  std::isfinite(g) && g > 0.0
  PASS  g <= cy + 1e-9
  PASS  g >= prev - 1e-9
  PASS  std::isfinite(g) && g > 0.0
  PASS  g <= cy + 1e-9
  PASS  g >= prev - 1e-9
  PASS  std::isfinite(g) && g > 0.0
  PASS  g <= cy + 1e-9
  PASS  g >= prev - 1e-9
  PASS  std::isfinite(g) && g > 0.0
  PASS  g <= cy + 1e-9
  PASS  g >= prev - 1e-9
  PASS  std::isfinite(g) && g > 0.0
  PASS  g <= cy + 1e-9
  PASS  g >= prev - 1e-9
  PASS  std::isfinite(g) && g > 0.0
  PASS  g <= cy + 1e-9
  PASS  g >= prev - 1e-9
  PASS  std::isfinite(g) && g > 0.0
  PASS  g <= cy + 1e-9
  PASS  g >= prev - 1e-9
  PASS  std::isfinite(g) && g > 0.0
  PASS  g <= cy + 1e-9
  PASS  g >= prev - 1e-9
  PASS  std::isfinite(g) && g > 0.0
  PASS  g <= cy + 1e-9
  PASS  g >= prev - 1e-9
  PASS  std::isfinite(g) && g > 0.0
  PASS  g <= cy + 1e-9
  PASS  g >= prev - 1e-9
  PASS  std::isfinite(g) && g > 0.0
  PASS  g <= cy + 1e-9
  PASS  g >= prev - 1e-9
  PASS  std::isfinite(g) && g > 0.0
  PASS  g <= cy + 1e-9
  PASS  g >= prev - 1e-9
  PASS  std::isfinite(g) && g > 0.0
  PASS  g <= cy + 1e-9
  PASS  g >= prev - 1e-9
  PASS  std::isfinite(g) && g > 0.0
  PASS  g <= cy + 1e-9
  PASS  g >= prev - 1e-9
  PASS  std::isfinite(g) && g > 0.0
  PASS  g <= cy + 1e-9
  PASS  g >= prev - 1e-9
  PASS  std::isfinite(g) && g > 0.0
  PASS  g <= cy + 1e-9
  PASS  g >= prev - 1e-9
  PASS  std::isfinite(g) && g > 0.0
  PASS  g <= cy + 1e-9
  PASS  g >= prev - 1e-9
  PASS  std::isfinite(g) && g > 0.0
  PASS  g <= cy + 1e-9
  PASS  g >= prev - 1e-9
  PASS  std::isfinite(g) && g > 0.0
  PASS  g <= cy + 1e-9
  PASS  g >= prev - 1e-9
  PASS  std::isfinite(g) && g > 0.0
  PASS  g <= cy + 1e-9
  PASS  g >= prev - 1e-9
  PASS  std::isfinite(g) && g > 0.0
  PASS  g <= cy + 1e-9
  PASS  g >= prev - 1e-9
  PASS  std::isfinite(g) && g > 0.0
  PASS  g <= cy + 1e-9
  PASS  g >= prev - 1e-9
  PASS  std::isfinite(g) && g > 0.0
  PASS  g <= cy + 1e-9
  PASS  g >= prev - 1e-9
  PASS  std::isfinite(g) && g > 0.0
  PASS  g <= cy + 1e-9
  PASS  g >= prev - 1e-9
  PASS  std::isfinite(g) && g > 0.0
  PASS  g <= cy + 1e-9
  PASS  g >= prev - 1e-9
  PASS  std::isfinite(g) && g > 0.0
  PASS  g <= cy + 1e-9
  PASS  g >= prev - 1e-9
  PASS  std::isfinite(g) && g > 0.0
  PASS  g <= cy + 1e-9
  PASS  g >= prev - 1e-9
  PASS  std::isfinite(g) && g > 0.0
  PASS  g <= cy + 1e-9
  PASS  g >= prev - 1e-9
  PASS  std::isfinite(g) && g > 0.0
  PASS  g <= cy + 1e-9
  PASS  g >= prev - 1e-9
  PASS  std::isfinite(g) && g > 0.0
  PASS  g <= cy + 1e-9
  PASS  g >= prev - 1e-9
  PASS  std::isfinite(g) && g > 0.0
  PASS  g <= cy + 1e-9
  PASS  g >= prev - 1e-9
  PASS  std::isfinite(g) && g > 0.0
  PASS  g <= cy + 1e-9
  PASS  g >= prev - 1e-9
  PASS  std::isfinite(g) && g > 0.0
  PASS  g <= cy + 1e-9
  PASS  g >= prev - 1e-9
  PASS  std::isfinite(g) && g > 0.0
  PASS  g <= cy + 1e-9
  PASS  g >= prev - 1e-9
  PASS  std::isfinite(g) && g > 0.0
  PASS  g <= cy + 1e-9
  PASS  g >= prev - 1e-9
  PASS  std::isfinite(g) && g > 0.0
  PASS  g <= cy + 1e-9
  PASS  g >= prev - 1e-9
  PASS  std::isfinite(g) && g > 0.0
  PASS  g <= cy + 1e-9
  PASS  g >= prev - 1e-9
  PASS  std::isfinite(g) && g > 0.0
  PASS  g <= cy + 1e-9
  PASS  g >= prev - 1e-9
  PASS  std::isfinite(g) && g > 0.0
  PASS  g <= cy + 1e-9
  PASS  g >= prev - 1e-9
  PASS  std::isfinite(g) && g > 0.0
  PASS  g <= cy + 1e-9
  PASS  g >= prev - 1e-9
  PASS  std::isfinite(g) && g > 0.0
  PASS  g <= cy + 1e-9
  PASS  g >= prev - 1e-9
  PASS  std::isfinite(g) && g > 0.0
  PASS  g <= cy + 1e-9
  PASS  g >= prev - 1e-9
  PASS  std::isfinite(g) && g > 0.0
  PASS  g <= cy + 1e-9
  PASS  g >= prev - 1e-9
  PASS  std::isfinite(g) && g > 0.0
  PASS  g <= cy + 1e-9
  PASS  g >= prev - 1e-9
  PASS  std::isfinite(g) && g > 0.0
  PASS  g <= cy + 1e-9
  PASS  g >= prev - 1e-9
  PASS  std::isfinite(g) && g > 0.0
  PASS  g <= cy + 1e-9
  PASS  g >= prev - 1e-9
  PASS  std::isfinite(g) && g > 0.0
  PASS  g <= cy + 1e-9
  PASS  g >= prev - 1e-9
  PASS  std::isfinite(g) && g > 0.0
  PASS  g <= cy + 1e-9
  PASS  g >= prev - 1e-9
  PASS  std::isfinite(g) && g > 0.0
  PASS  g <= cy + 1e-9
  PASS  g >= prev - 1e-9
  PASS  std::isfinite(g) && g > 0.0
  PASS  g <= cy + 1e-9
  PASS  g >= prev - 1e-9
  PASS  std::isfinite(g) && g > 0.0
  PASS  g <= cy + 1e-9
  PASS  g >= prev - 1e-9
  PASS  std::isfinite(g) && g > 0.0
  PASS  g <= cy + 1e-9
  PASS  g >= prev - 1e-9
  PASS  std::isfinite(g) && g > 0.0
  PASS  g <= cy + 1e-9
  PASS  g >= prev - 1e-9
  PASS  std::isfinite(g) && g > 0.0
  PASS  g <= cy + 1e-9
  PASS  g >= prev - 1e-9
  PASS  std::isfinite(g) && g > 0.0
  PASS  g <= cy + 1e-9
  PASS  g >= prev - 1e-9
  PASS  std::isfinite(g) && g > 0.0
  PASS  g <= cy + 1e-9
  PASS  g >= prev - 1e-9
  PASS  std::isfinite(g) && g > 0.0
  PASS  g <= cy + 1e-9
  PASS  g >= prev - 1e-9
  PASS  std::isfinite(g) && g > 0.0
  PASS  g <= cy + 1e-9
  PASS  g >= prev - 1e-9
  PASS  std::isfinite(g) && g > 0.0
  PASS  g <= cy + 1e-9
  PASS  g >= prev - 1e-9
  PASS  std::isfinite(g) && g > 0.0
  PASS  g <= cy + 1e-9
  PASS  g >= prev - 1e-9
  PASS  std::isfinite(g) && g > 0.0
  PASS  g <= cy + 1e-9
  PASS  g >= prev - 1e-9
  PASS  std::isfinite(g) && g > 0.0
  PASS  g <= cy + 1e-9
  PASS  g >= prev - 1e-9
  PASS  std::isfinite(g) && g > 0.0
  PASS  g <= cy + 1e-9
  PASS  g >= prev - 1e-9
  PASS  std::isfinite(g) && g > 0.0
  PASS  g <= cy + 1e-9
  PASS  g >= prev - 1e-9
  PASS  std::isfinite(g) && g > 0.0
  PASS  g <= cy + 1e-9
  PASS  g >= prev - 1e-9
  PASS  std::isfinite(g) && g > 0.0
  PASS  g <= cy + 1e-9
  PASS  g >= prev - 1e-9
  PASS  std::isfinite(g) && g > 0.0
  PASS  g <= cy + 1e-9
  PASS  g >= prev - 1e-9
  PASS  std::isfinite(g) && g > 0.0
  PASS  g <= cy + 1e-9
  PASS  g >= prev - 1e-9
  PASS  std::isfinite(g) && g > 0.0
  PASS  g <= cy + 1e-9
  PASS  g >= prev - 1e-9
  PASS  std::isfinite(g) && g > 0.0
  PASS  g <= cy + 1e-9
  PASS  g >= prev - 1e-9
  PASS  std::isfinite(g) && g > 0.0
  PASS  g <= cy + 1e-9
  PASS  g >= prev - 1e-9
  PASS  std::isfinite(g) && g > 0.0
  PASS  g <= cy + 1e-9
  PASS  g >= prev - 1e-9
  PASS  std::isfinite(g) && g > 0.0
  PASS  g <= cy + 1e-9
  PASS  g >= prev - 1e-9
  PASS  std::isfinite(g) && g > 0.0
  PASS  g <= cy + 1e-9
  PASS  g >= prev - 1e-9
  PASS  std::isfinite(g) && g > 0.0
  PASS  g <= cy + 1e-9
  PASS  g >= prev - 1e-9
  PASS  std::isfinite(g) && g > 0.0
  PASS  g <= cy + 1e-9
  PASS  g >= prev - 1e-9
  PASS  std::isfinite(g) && g > 0.0
  PASS  g <= cy + 1e-9
  PASS  g >= prev - 1e-9
  PASS  std::isfinite(g) && g > 0.0
  PASS  g <= cy + 1e-9
  PASS  g >= prev - 1e-9
  PASS  std::isfinite(g) && g > 0.0
  PASS  g <= cy + 1e-9
  PASS  g >= prev - 1e-9
  PASS  std::isfinite(g) && g > 0.0
  PASS  g <= cy + 1e-9
  PASS  g >= prev - 1e-9
  PASS  std::isfinite(g) && g > 0.0
  PASS  g <= cy + 1e-9
  PASS  g >= prev - 1e-9
  PASS  std::isfinite(g) && g > 0.0
  PASS  g <= cy + 1e-9
  PASS  g >= prev - 1e-9
  PASS  std::isfinite(g) && g > 0.0
  PASS  g <= cy + 1e-9
  PASS  g >= prev - 1e-9
  PASS  std::isfinite(g) && g > 0.0
  PASS  g <= cy + 1e-9
  PASS  g >= prev - 1e-9
  PASS  std::isfinite(g) && g > 0.0
  PASS  g <= cy + 1e-9
  PASS  g >= prev - 1e-9
  PASS  std::isfinite(g) && g > 0.0
  PASS  g <= cy + 1e-9
  PASS  g >= prev - 1e-9
  PASS  std::isfinite(g) && g > 0.0
  PASS  g <= cy + 1e-9
  PASS  g >= prev - 1e-9
  PASS  std::isfinite(g) && g > 0.0
  PASS  g <= cy + 1e-9
  PASS  g >= prev - 1e-9
  PASS  std::isfinite(g) && g > 0.0
  PASS  g <= cy + 1e-9
  PASS  g >= prev - 1e-9
  PASS  std::isfinite(g) && g > 0.0
  PASS  g <= cy + 1e-9
  PASS  g >= prev - 1e-9
  PASS  std::isfinite(g) && g > 0.0
  PASS  g <= cy + 1e-9
  PASS  g >= prev - 1e-9
  PASS  std::isfinite(g) && g > 0.0
  PASS  g <= cy + 1e-9
  PASS  g >= prev - 1e-9
  PASS  std::isfinite(g) && g > 0.0
  PASS  g <= cy + 1e-9
  PASS  g >= prev - 1e-9
  PASS  std::isfinite(g) && g > 0.0
  PASS  g <= cy + 1e-9
  PASS  g >= prev - 1e-9
  PASS  std::isfinite(g) && g > 0.0
  PASS  g <= cy + 1e-9
  PASS  g >= prev - 1e-9
  PASS  std::isfinite(g) && g > 0.0
  PASS  g <= cy + 1e-9
  PASS  g >= prev - 1e-9
  PASS  std::isfinite(g) && g > 0.0
  PASS  g <= cy + 1e-9
  PASS  g >= prev - 1e-9
  PASS  std::isfinite(g) && g > 0.0
  PASS  g <= cy + 1e-9
  PASS  g >= prev - 1e-9
  PASS  std::isfinite(g) && g > 0.0
  PASS  g <= cy + 1e-9
  PASS  g >= prev - 1e-9
  PASS  std::isfinite(g) && g > 0.0
  PASS  g <= cy + 1e-9
  PASS  g >= prev - 1e-9
  PASS  std::isfinite(g) && g > 0.0
  PASS  g <= cy + 1e-9
  PASS  g >= prev - 1e-9
  PASS  std::isfinite(g) && g > 0.0
  PASS  g <= cy + 1e-9
  PASS  g >= prev - 1e-9
  PASS  std::isfinite(g) && g > 0.0
  PASS  g <= cy + 1e-9
  PASS  g >= prev - 1e-9
  PASS  std::isfinite(g) && g > 0.0
  PASS  g <= cy + 1e-9
  PASS  g >= prev - 1e-9
  PASS  std::isfinite(g) && g > 0.0
  PASS  g <= cy + 1e-9
  PASS  g >= prev - 1e-9
  PASS  std::isfinite(g) && g > 0.0
  PASS  g <= cy + 1e-9
  PASS  g >= prev - 1e-9
  PASS  std::isfinite(g) && g > 0.0
  PASS  g <= cy + 1e-9
  PASS  g >= prev - 1e-9
  PASS  std::isfinite(g) && g > 0.0
  PASS  g <= cy + 1e-9
  PASS  g >= prev - 1e-9
  PASS  std::isfinite(g) && g > 0.0
  PASS  g <= cy + 1e-9
  PASS  g >= prev - 1e-9
  PASS  std::isfinite(g) && g > 0.0
  PASS  g <= cy + 1e-9
  PASS  g >= prev - 1e-9
  PASS  std::isfinite(g) && g > 0.0
  PASS  g <= cy + 1e-9
  PASS  g >= prev - 1e-9
  PASS  std::isfinite(g) && g > 0.0
  PASS  g <= cy + 1e-9
  PASS  g >= prev - 1e-9
  PASS  std::isfinite(g) && g > 0.0
  PASS  g <= cy + 1e-9
  PASS  g >= prev - 1e-9
  PASS  std::isfinite(g) && g > 0.0
  PASS  g <= cy + 1e-9
  PASS  g >= prev - 1e-9
  PASS  std::isfinite(g) && g > 0.0
  PASS  g <= cy + 1e-9
  PASS  g >= prev - 1e-9
  PASS  std::isfinite(g) && g > 0.0
  PASS  g <= cy + 1e-9
  PASS  g >= prev - 1e-9
  PASS  std::isfinite(g) && g > 0.0
  PASS  g <= cy + 1e-9
  PASS  g >= prev - 1e-9
  PASS  std::isfinite(g) && g > 0.0
  PASS  g <= cy + 1e-9
  PASS  g >= prev - 1e-9
  PASS  std::isfinite(g) && g > 0.0
  PASS  g <= cy + 1e-9
  PASS  g >= prev - 1e-9
  PASS  std::isfinite(g) && g > 0.0
  PASS  g <= cy + 1e-9
  PASS  g >= prev - 1e-9
  PASS  std::isfinite(g) && g > 0.0
  PASS  g <= cy + 1e-9
  PASS  g >= prev - 1e-9
  PASS  std::isfinite(g) && g > 0.0
  PASS  g <= cy + 1e-9
  PASS  g >= prev - 1e-9
  PASS  std::isfinite(g) && g > 0.0
  PASS  g <= cy + 1e-9
  PASS  g >= prev - 1e-9
  PASS  std::isfinite(g) && g > 0.0
  PASS  g <= cy + 1e-9
  PASS  g >= prev - 1e-9
  PASS  std::isfinite(g) && g > 0.0
  PASS  g <= cy + 1e-9
  PASS  g >= prev - 1e-9
  PASS  std::isfinite(g) && g > 0.0
  PASS  g <= cy + 1e-9
  PASS  g >= prev - 1e-9
  PASS  std::isfinite(g) && g > 0.0
  PASS  g <= cy + 1e-9
  PASS  g >= prev - 1e-9
  PASS  std::isfinite(g) && g > 0.0
  PASS  g <= cy + 1e-9
  PASS  g >= prev - 1e-9
  PASS  std::isfinite(g) && g > 0.0
  PASS  g <= cy + 1e-9
  PASS  g >= prev - 1e-9
  PASS  std::isfinite(g) && g > 0.0
  PASS  g <= cy + 1e-9
  PASS  g >= prev - 1e-9
  PASS  std::isfinite(g) && g > 0.0
  PASS  g <= cy + 1e-9
  PASS  g >= prev - 1e-9
  PASS  std::isfinite(g) && g > 0.0
  PASS  g <= cy + 1e-9
  PASS  g >= prev - 1e-9
  PASS  std::isfinite(g) && g > 0.0
  PASS  g <= cy + 1e-9
  PASS  g >= prev - 1e-9
  PASS  std::isfinite(g) && g > 0.0
  PASS  g <= cy + 1e-9
  PASS  g >= prev - 1e-9
  PASS  std::isfinite(g) && g > 0.0
  PASS  g <= cy + 1e-9
  PASS  g >= prev - 1e-9
  PASS  std::isfinite(g) && g > 0.0
  PASS  g <= cy + 1e-9
  PASS  g >= prev - 1e-9
  PASS  std::isfinite(g) && g > 0.0
  PASS  g <= cy + 1e-9
  PASS  g >= prev - 1e-9
  PASS  std::isfinite(g) && g > 0.0
  PASS  g <= cy + 1e-9
  PASS  g >= prev - 1e-9
  PASS  std::isfinite(g) && g > 0.0
  PASS  g <= cy + 1e-9
  PASS  g >= prev - 1e-9
  PASS  std::isfinite(g) && g > 0.0
  PASS  g <= cy + 1e-9
  PASS  g >= prev - 1e-9
  PASS  std::isfinite(g) && g > 0.0
  PASS  g <= cy + 1e-9
  PASS  g >= prev - 1e-9
  PASS  std::isfinite(g) && g > 0.0
  PASS  g <= cy + 1e-9
  PASS  g >= prev - 1e-9
  PASS  std::isfinite(g) && g > 0.0
  PASS  g <= cy + 1e-9
  PASS  g >= prev - 1e-9
  PASS  std::isfinite(g) && g > 0.0
  PASS  g <= cy + 1e-9
  PASS  g >= prev - 1e-9
  PASS  std::isfinite(g) && g > 0.0
  PASS  g <= cy + 1e-9
  PASS  g >= prev - 1e-9
  PASS  std::isfinite(g) && g > 0.0
  PASS  g <= cy + 1e-9
  PASS  g >= prev - 1e-9
  PASS  std::isfinite(g) && g > 0.0
  PASS  g <= cy + 1e-9
  PASS  g >= prev - 1e-9
  PASS  std::isfinite(g) && g > 0.0
  PASS  g <= cy + 1e-9
  PASS  g >= prev - 1e-9
  PASS  std::isfinite(g) && g > 0.0
  PASS  g <= cy + 1e-9
  PASS  g >= prev - 1e-9
  PASS  std::isfinite(g) && g > 0.0
  PASS  g <= cy + 1e-9
  PASS  g >= prev - 1e-9
  PASS  std::isfinite(g) && g > 0.0
  PASS  g <= cy + 1e-9
  PASS  g >= prev - 1e-9
  PASS  std::isfinite(g) && g > 0.0
  PASS  g <= cy + 1e-9
  PASS  g >= prev - 1e-9
  PASS  std::isfinite(g) && g > 0.0
  PASS  g <= cy + 1e-9
  PASS  g >= prev - 1e-9
  PASS  std::isfinite(g) && g > 0.0
  PASS  g <= cy + 1e-9
  PASS  g >= prev - 1e-9
  PASS  std::isfinite(g) && g > 0.0
  PASS  g <= cy + 1e-9
  PASS  g >= prev - 1e-9
  PASS  std::isfinite(g) && g > 0.0
  PASS  g <= cy + 1e-9
  PASS  g >= prev - 1e-9
  PASS  std::isfinite(g) && g > 0.0
  PASS  g <= cy + 1e-9
  PASS  g >= prev - 1e-9
  PASS  std::isfinite(g) && g > 0.0
  PASS  g <= cy + 1e-9
  PASS  g >= prev - 1e-9
  PASS  std::isfinite(g) && g > 0.0
  PASS  g <= cy + 1e-9
  PASS  g >= prev - 1e-9
  PASS  std::isfinite(g) && g > 0.0
  PASS  g <= cy + 1e-9
  PASS  g >= prev - 1e-9
  PASS  std::isfinite(g) && g > 0.0
  PASS  g <= cy + 1e-9
  PASS  g >= prev - 1e-9
  PASS  std::isfinite(g) && g > 0.0
  PASS  g <= cy + 1e-9
  PASS  g >= prev - 1e-9
  PASS  std::isfinite(g) && g > 0.0
  PASS  g <= cy + 1e-9
  PASS  g >= prev - 1e-9
  PASS  std::isfinite(g) && g > 0.0
  PASS  g <= cy + 1e-9
  PASS  g >= prev - 1e-9
  PASS  std::isfinite(g) && g > 0.0
  PASS  g <= cy + 1e-9
  PASS  g >= prev - 1e-9
  PASS  std::isfinite(g) && g > 0.0
  PASS  g <= cy + 1e-9
  PASS  g >= prev - 1e-9
  PASS  std::isfinite(g) && g > 0.0
  PASS  g <= cy + 1e-9
  PASS  g >= prev - 1e-9
  PASS  std::isfinite(g) && g > 0.0
  PASS  g <= cy + 1e-9
  PASS  g >= prev - 1e-9
  PASS  std::isfinite(g) && g > 0.0
  PASS  g <= cy + 1e-9
  PASS  g >= prev - 1e-9
  PASS  std::isfinite(g) && g > 0.0
  PASS  g <= cy + 1e-9
  PASS  g >= prev - 1e-9
  PASS  std::isfinite(g) && g > 0.0
  PASS  g <= cy + 1e-9
  PASS  g >= prev - 1e-9
  PASS  std::isfinite(g) && g > 0.0
  PASS  g <= cy + 1e-9
  PASS  g >= prev - 1e-9
  PASS  std::isfinite(g) && g > 0.0
  PASS  g <= cy + 1e-9
  PASS  g >= prev - 1e-9
  PASS  std::isfinite(g) && g > 0.0
  PASS  g <= cy + 1e-9
  PASS  g >= prev - 1e-9
  PASS  std::isfinite(g) && g > 0.0
  PASS  g <= cy + 1e-9
  PASS  g >= prev - 1e-9
  PASS  std::isfinite(g) && g > 0.0
  PASS  g <= cy + 1e-9
  PASS  g >= prev - 1e-9
  PASS  std::isfinite(g) && g > 0.0
  PASS  g <= cy + 1e-9
  PASS  g >= prev - 1e-9
  PASS  std::isfinite(g) && g > 0.0
  PASS  g <= cy + 1e-9
  PASS  g >= prev - 1e-9
  PASS  std::isfinite(g) && g > 0.0
  PASS  g <= cy + 1e-9
  PASS  g >= prev - 1e-9
  PASS  std::isfinite(g) && g > 0.0
  PASS  g <= cy + 1e-9
  PASS  g >= prev - 1e-9
  PASS  std::isfinite(g) && g > 0.0
  PASS  g <= cy + 1e-9
  PASS  g >= prev - 1e-9
  PASS  std::isfinite(g) && g > 0.0
  PASS  g <= cy + 1e-9
  PASS  g >= prev - 1e-9
  PASS  std::isfinite(g) && g > 0.0
  PASS  g <= cy + 1e-9
  PASS  g >= prev - 1e-9
  PASS  std::isfinite(g) && g > 0.0
  PASS  g <= cy + 1e-9
  PASS  g >= prev - 1e-9
  PASS  std::isfinite(g) && g > 0.0
  PASS  g <= cy + 1e-9
  PASS  g >= prev - 1e-9
  PASS  std::isfinite(g) && g > 0.0
  PASS  g <= cy + 1e-9
  PASS  g >= prev - 1e-9
  PASS  std::isfinite(g) && g > 0.0
  PASS  g <= cy + 1e-9
  PASS  g >= prev - 1e-9
  PASS  std::isfinite(g) && g > 0.0
  PASS  g <= cy + 1e-9
  PASS  g >= prev - 1e-9
  PASS  std::isfinite(g) && g > 0.0
  PASS  g <= cy + 1e-9
  PASS  g >= prev - 1e-9
  PASS  std::isfinite(g) && g > 0.0
  PASS  g <= cy + 1e-9
  PASS  g >= prev - 1e-9
  PASS  std::isfinite(g) && g > 0.0
  PASS  g <= cy + 1e-9
  PASS  g >= prev - 1e-9
  PASS  std::isfinite(g) && g > 0.0
  PASS  g <= cy + 1e-9
  PASS  g >= prev - 1e-9
  PASS  std::isfinite(g) && g > 0.0
  PASS  g <= cy + 1e-9
  PASS  g >= prev - 1e-9
  PASS  std::isfinite(g) && g > 0.0
  PASS  g <= cy + 1e-9
  PASS  g >= prev - 1e-9
  PASS  std::isfinite(g) && g > 0.0
  PASS  g <= cy + 1e-9
  PASS  g >= prev - 1e-9
  PASS  std::isfinite(g) && g > 0.0
  PASS  g <= cy + 1e-9
  PASS  g >= prev - 1e-9
  PASS  std::isfinite(g) && g > 0.0
  PASS  g <= cy + 1e-9
  PASS  g >= prev - 1e-9
  PASS  std::isfinite(g) && g > 0.0
  PASS  g <= cy + 1e-9
  PASS  g >= prev - 1e-9
  PASS  std::isfinite(g) && g > 0.0
  PASS  g <= cy + 1e-9
  PASS  g >= prev - 1e-9
  PASS  std::isfinite(g) && g > 0.0
  PASS  g <= cy + 1e-9
  PASS  g >= prev - 1e-9
  PASS  std::isfinite(g) && g > 0.0
  PASS  g <= cy + 1e-9
  PASS  g >= prev - 1e-9
  PASS  std::isfinite(g) && g > 0.0
  PASS  g <= cy + 1e-9
  PASS  g >= prev - 1e-9
  PASS  std::isfinite(g) && g > 0.0
  PASS  g <= cy + 1e-9
  PASS  g >= prev - 1e-9
  PASS  std::isfinite(g) && g > 0.0
  PASS  g <= cy + 1e-9
  PASS  g >= prev - 1e-9
  PASS  std::isfinite(g) && g > 0.0
  PASS  g <= cy + 1e-9
  PASS  g >= prev - 1e-9
  PASS  std::isfinite(g) && g > 0.0
  PASS  g <= cy + 1e-9
  PASS  g >= prev - 1e-9
  PASS  std::isfinite(g) && g > 0.0
  PASS  g <= cy + 1e-9
  PASS  g >= prev - 1e-9
  PASS  std::isfinite(g) && g > 0.0
  PASS  g <= cy + 1e-9
  PASS  g >= prev - 1e-9
  PASS  std::isfinite(g) && g > 0.0
  PASS  g <= cy + 1e-9
  PASS  g >= prev - 1e-9
  PASS  std::isfinite(g) && g > 0.0
  PASS  g <= cy + 1e-9
  PASS  g >= prev - 1e-9
  PASS  std::isfinite(g) && g > 0.0
  PASS  g <= cy + 1e-9
  PASS  g >= prev - 1e-9
  PASS  std::isfinite(g) && g > 0.0
  PASS  g <= cy + 1e-9
  PASS  g >= prev - 1e-9
  PASS  std::isfinite(g) && g > 0.0
  PASS  g <= cy + 1e-9
  PASS  g >= prev - 1e-9
  PASS  std::isfinite(g) && g > 0.0
  PASS  g <= cy + 1e-9
  PASS  g >= prev - 1e-9
  PASS  std::isfinite(g) && g > 0.0
  PASS  g <= cy + 1e-9
  PASS  g >= prev - 1e-9
  PASS  std::isfinite(g) && g > 0.0
  PASS  g <= cy + 1e-9
  PASS  g >= prev - 1e-9
  PASS  std::isfinite(g) && g > 0.0
  PASS  g <= cy + 1e-9
  PASS  g >= prev - 1e-9
  PASS  std::isfinite(g) && g > 0.0
  PASS  g <= cy + 1e-9
  PASS  g >= prev - 1e-9
  PASS  std::isfinite(g) && g > 0.0
  PASS  g <= cy + 1e-9
  PASS  g >= prev - 1e-9
  PASS  std::isfinite(g) && g > 0.0
  PASS  g <= cy + 1e-9
  PASS  g >= prev - 1e-9
  PASS  std::isfinite(g) && g > 0.0
  PASS  g <= cy + 1e-9
  PASS  g >= prev - 1e-9
  PASS  std::isfinite(g) && g > 0.0
  PASS  g <= cy + 1e-9
  PASS  g >= prev - 1e-9
  PASS  std::isfinite(g) && g > 0.0
  PASS  g <= cy + 1e-9
  PASS  g >= prev - 1e-9
  PASS  std::isfinite(g) && g > 0.0
  PASS  g <= cy + 1e-9
  PASS  g >= prev - 1e-9
  PASS  std::isfinite(g) && g > 0.0
  PASS  g <= cy + 1e-9
  PASS  g >= prev - 1e-9
  PASS  std::isfinite(g) && g > 0.0
  PASS  g <= cy + 1e-9
  PASS  g >= prev - 1e-9
  PASS  std::isfinite(g) && g > 0.0
  PASS  g <= cy + 1e-9
  PASS  g >= prev - 1e-9
  PASS  std::isfinite(g) && g > 0.0
  PASS  g <= cy + 1e-9
  PASS  g >= prev - 1e-9
  PASS  std::isfinite(g) && g > 0.0
  PASS  g <= cy + 1e-9
  PASS  g >= prev - 1e-9
  PASS  std::isfinite(g) && g > 0.0
  PASS  g <= cy + 1e-9
  PASS  g >= prev - 1e-9
  PASS  std::isfinite(g) && g > 0.0
  PASS  g <= cy + 1e-9
  PASS  g >= prev - 1e-9
  PASS  std::isfinite(g) && g > 0.0
  PASS  g <= cy + 1e-9
  PASS  g >= prev - 1e-9
  PASS  std::isfinite(g) && g > 0.0
  PASS  g <= cy + 1e-9
  PASS  g >= prev - 1e-9
  PASS  std::isfinite(g) && g > 0.0
  PASS  g <= cy + 1e-9
  PASS  g >= prev - 1e-9
  PASS  std::isfinite(g) && g > 0.0
  PASS  g <= cy + 1e-9
  PASS  g >= prev - 1e-9
  PASS  std::isfinite(g) && g > 0.0
  PASS  g <= cy + 1e-9
  PASS  g >= prev - 1e-9
  PASS  std::isfinite(g) && g > 0.0
  PASS  g <= cy + 1e-9
  PASS  g >= prev - 1e-9
  PASS  std::isfinite(g) && g > 0.0
  PASS  g <= cy + 1e-9
  PASS  g >= prev - 1e-9
  PASS  std::isfinite(g) && g > 0.0
  PASS  g <= cy + 1e-9
  PASS  g >= prev - 1e-9
  PASS  std::isfinite(g) && g > 0.0
  PASS  g <= cy + 1e-9
  PASS  g >= prev - 1e-9
  PASS  std::isfinite(g) && g > 0.0
  PASS  g <= cy + 1e-9
  PASS  g >= prev - 1e-9
  PASS  std::isfinite(g) && g > 0.0
  PASS  g <= cy + 1e-9
  PASS  g >= prev - 1e-9
  PASS  std::isfinite(g) && g > 0.0
  PASS  g <= cy + 1e-9
  PASS  g >= prev - 1e-9
  PASS  std::isfinite(g) && g > 0.0
  PASS  g <= cy + 1e-9
  PASS  g >= prev - 1e-9
  PASS  std::isfinite(g) && g > 0.0
  PASS  g <= cy + 1e-9
  PASS  g >= prev - 1e-9
  PASS  std::isfinite(g) && g > 0.0
  PASS  g <= cy + 1e-9
  PASS  g >= prev - 1e-9
  PASS  std::isfinite(g) && g > 0.0
  PASS  g <= cy + 1e-9
  PASS  g >= prev - 1e-9
  PASS  std::isfinite(g) && g > 0.0
  PASS  g <= cy + 1e-9
  PASS  g >= prev - 1e-9
  PASS  std::isfinite(g) && g > 0.0
  PASS  g <= cy + 1e-9
  PASS  g >= prev - 1e-9
  PASS  std::isfinite(g) && g > 0.0
  PASS  g <= cy + 1e-9
  PASS  g >= prev - 1e-9
  PASS  std::isfinite(g) && g > 0.0
  PASS  g <= cy + 1e-9
  PASS  g >= prev - 1e-9
  PASS  std::isfinite(g) && g > 0.0
  PASS  g <= cy + 1e-9
  PASS  g >= prev - 1e-9
  PASS  std::isfinite(g) && g > 0.0
  PASS  g <= cy + 1e-9
  PASS  g >= prev - 1e-9
  PASS  std::isfinite(g) && g > 0.0
  PASS  g <= cy + 1e-9
  PASS  g >= prev - 1e-9
  PASS  std::isfinite(g) && g > 0.0
  PASS  g <= cy + 1e-9
  PASS  g >= prev - 1e-9
  PASS  std::isfinite(g) && g > 0.0
  PASS  g <= cy + 1e-9
  PASS  g >= prev - 1e-9
  PASS  std::isfinite(g) && g > 0.0
  PASS  g <= cy + 1e-9
  PASS  g >= prev - 1e-9
  PASS  std::isfinite(g) && g > 0.0
  PASS  g <= cy + 1e-9
  PASS  g >= prev - 1e-9
  PASS  std::isfinite(g) && g > 0.0
  PASS  g <= cy + 1e-9
  PASS  g >= prev - 1e-9
  PASS  std::isfinite(g) && g > 0.0
  PASS  g <= cy + 1e-9
  PASS  g >= prev - 1e-9
  PASS  std::isfinite(g) && g > 0.0
  PASS  g <= cy + 1e-9
  PASS  g >= prev - 1e-9
  PASS  std::isfinite(g) && g > 0.0
  PASS  g <= cy + 1e-9
  PASS  g >= prev - 1e-9
  PASS  std::isfinite(g) && g > 0.0
  PASS  g <= cy + 1e-9
  PASS  g >= prev - 1e-9
  PASS  std::isfinite(g) && g > 0.0
  PASS  g <= cy + 1e-9
  PASS  g >= prev - 1e-9
  PASS  std::isfinite(g) && g > 0.0
  PASS  g <= cy + 1e-9
  PASS  g >= prev - 1e-9
  PASS  std::isfinite(g) && g > 0.0
  PASS  g <= cy + 1e-9
  PASS  g >= prev - 1e-9
  PASS  std::isfinite(g) && g > 0.0
  PASS  g <= cy + 1e-9
  PASS  g >= prev - 1e-9
  PASS  std::isfinite(g) && g > 0.0
  PASS  g <= cy + 1e-9
  PASS  g >= prev - 1e-9
  PASS  std::isfinite(g) && g > 0.0
  PASS  g <= cy + 1e-9
  PASS  g >= prev - 1e-9
  PASS  std::isfinite(g) && g > 0.0
  PASS  g <= cy + 1e-9
  PASS  g >= prev - 1e-9
  PASS  std::isfinite(g) && g > 0.0
  PASS  g <= cy + 1e-9
  PASS  g >= prev - 1e-9
  PASS  std::isfinite(g) && g > 0.0
  PASS  g <= cy + 1e-9
  PASS  g >= prev - 1e-9
  PASS  std::isfinite(g) && g > 0.0
  PASS  g <= cy + 1e-9
  PASS  g >= prev - 1e-9
  PASS  std::isfinite(g) && g > 0.0
  PASS  g <= cy + 1e-9
  PASS  g >= prev - 1e-9
  PASS  std::isfinite(g) && g > 0.0
  PASS  g <= cy + 1e-9
  PASS  g >= prev - 1e-9
  PASS  std::isfinite(g) && g > 0.0
  PASS  g <= cy + 1e-9
  PASS  g >= prev - 1e-9
  PASS  std::isfinite(g) && g > 0.0
  PASS  g <= cy + 1e-9
  PASS  g >= prev - 1e-9
  PASS  std::isfinite(g) && g > 0.0
  PASS  g <= cy + 1e-9
  PASS  g >= prev - 1e-9
  PASS  std::isfinite(g) && g > 0.0
  PASS  g <= cy + 1e-9
  PASS  g >= prev - 1e-9
  PASS  std::isfinite(g) && g > 0.0
  PASS  g <= cy + 1e-9
  PASS  g >= prev - 1e-9
  PASS  std::isfinite(g) && g > 0.0
  PASS  g <= cy + 1e-9
  PASS  g >= prev - 1e-9
  PASS  std::isfinite(g) && g > 0.0
  PASS  g <= cy + 1e-9
  PASS  g >= prev - 1e-9
  PASS  std::isfinite(g) && g > 0.0
  PASS  g <= cy + 1e-9
  PASS  g >= prev - 1e-9
  PASS  std::isfinite(g) && g > 0.0
  PASS  g <= cy + 1e-9
  PASS  g >= prev - 1e-9
  PASS  std::isfinite(g) && g > 0.0
  PASS  g <= cy + 1e-9
  PASS  g >= prev - 1e-9
  PASS  std::isfinite(g) && g > 0.0
  PASS  g <= cy + 1e-9
  PASS  g >= prev - 1e-9
  PASS  std::isfinite(g) && g > 0.0
  PASS  g <= cy + 1e-9
  PASS  g >= prev - 1e-9
  PASS  std::isfinite(g) && g > 0.0
  PASS  g <= cy + 1e-9
  PASS  g >= prev - 1e-9
  PASS  std::isfinite(g) && g > 0.0
  PASS  g <= cy + 1e-9
  PASS  g >= prev - 1e-9
  PASS  std::isfinite(g) && g > 0.0
  PASS  g <= cy + 1e-9
  PASS  g >= prev - 1e-9
  PASS  std::isfinite(g) && g > 0.0
  PASS  g <= cy + 1e-9
  PASS  g >= prev - 1e-9
  PASS  std::isfinite(g) && g > 0.0
  PASS  g <= cy + 1e-9
  PASS  g >= prev - 1e-9
  PASS  std::isfinite(g) && g > 0.0
  PASS  g <= cy + 1e-9
  PASS  g >= prev - 1e-9
  PASS  std::isfinite(g) && g > 0.0
  PASS  g <= cy + 1e-9
  PASS  g >= prev - 1e-9
  PASS  std::isfinite(g) && g > 0.0
  PASS  g <= cy + 1e-9
  PASS  g >= prev - 1e-9
  PASS  std::isfinite(g) && g > 0.0
  PASS  g <= cy + 1e-9
  PASS  g >= prev - 1e-9
  PASS  std::isfinite(g) && g > 0.0
  PASS  g <= cy + 1e-9
  PASS  g >= prev - 1e-9
  PASS  std::isfinite(g) && g > 0.0
  PASS  g <= cy + 1e-9
  PASS  g >= prev - 1e-9
  PASS  std::isfinite(g) && g > 0.0
  PASS  g <= cy + 1e-9
  PASS  g >= prev - 1e-9
  PASS  std::isfinite(g) && g > 0.0
  PASS  g <= cy + 1e-9
  PASS  g >= prev - 1e-9
  PASS  std::isfinite(g) && g > 0.0
  PASS  g <= cy + 1e-9
  PASS  g >= prev - 1e-9
  PASS  std::isfinite(g) && g > 0.0
  PASS  g <= cy + 1e-9
  PASS  g >= prev - 1e-9
  PASS  std::isfinite(g) && g > 0.0
  PASS  g <= cy + 1e-9
  PASS  g >= prev - 1e-9
  PASS  std::isfinite(g) && g > 0.0
  PASS  g <= cy + 1e-9
  PASS  g >= prev - 1e-9
  PASS  std::isfinite(g) && g > 0.0
  PASS  g <= cy + 1e-9
  PASS  g >= prev - 1e-9
  PASS  std::isfinite(g) && g > 0.0
  PASS  g <= cy + 1e-9
  PASS  g >= prev - 1e-9
  PASS  std::isfinite(g) && g > 0.0
  PASS  g <= cy + 1e-9
  PASS  g >= prev - 1e-9
  PASS  std::isfinite(g) && g > 0.0
  PASS  g <= cy + 1e-9
  PASS  g >= prev - 1e-9
  PASS  std::isfinite(g) && g > 0.0
  PASS  g <= cy + 1e-9
  PASS  g >= prev - 1e-9
  PASS  std::isfinite(g) && g > 0.0
  PASS  g <= cy + 1e-9
  PASS  g >= prev - 1e-9
  PASS  std::isfinite(g) && g > 0.0
  PASS  g <= cy + 1e-9
  PASS  g >= prev - 1e-9
  PASS  std::isfinite(g) && g > 0.0
  PASS  g <= cy + 1e-9
  PASS  g >= prev - 1e-9
  PASS  std::isfinite(g) && g > 0.0
  PASS  g <= cy + 1e-9
  PASS  g >= prev - 1e-9
  PASS  std::isfinite(g) && g > 0.0
  PASS  g <= cy + 1e-9
  PASS  g >= prev - 1e-9
  PASS  std::isfinite(g) && g > 0.0
  PASS  g <= cy + 1e-9
  PASS  g >= prev - 1e-9
  PASS  std::isfinite(g) && g > 0.0
  PASS  g <= cy + 1e-9
  PASS  g >= prev - 1e-9
  PASS  std::isfinite(g) && g > 0.0
  PASS  g <= cy + 1e-9
  PASS  g >= prev - 1e-9
  PASS  std::isfinite(g) && g > 0.0
  PASS  g <= cy + 1e-9
  PASS  g >= prev - 1e-9
  PASS  std::isfinite(g) && g > 0.0
  PASS  g <= cy + 1e-9
  PASS  g >= prev - 1e-9
  PASS  std::isfinite(g) && g > 0.0
  PASS  g <= cy + 1e-9
  PASS  g >= prev - 1e-9
  PASS  std::isfinite(g) && g > 0.0
  PASS  g <= cy + 1e-9
  PASS  g >= prev - 1e-9
  PASS  std::isfinite(g) && g > 0.0
  PASS  g <= cy + 1e-9
  PASS  g >= prev - 1e-9
  PASS  std::isfinite(g) && g > 0.0
  PASS  g <= cy + 1e-9
  PASS  g >= prev - 1e-9
  PASS  std::isfinite(g) && g > 0.0
  PASS  g <= cy + 1e-9
  PASS  g >= prev - 1e-9
  PASS  std::isfinite(g) && g > 0.0
  PASS  g <= cy + 1e-9
  PASS  g >= prev - 1e-9
  PASS  std::isfinite(g) && g > 0.0
  PASS  g <= cy + 1e-9
  PASS  g >= prev - 1e-9
  PASS  std::isfinite(g) && g > 0.0
  PASS  g <= cy + 1e-9
  PASS  g >= prev - 1e-9
  PASS  std::isfinite(g) && g > 0.0
  PASS  g <= cy + 1e-9
  PASS  g >= prev - 1e-9
  PASS  std::isfinite(g) && g > 0.0
  PASS  g <= cy + 1e-9
  PASS  g >= prev - 1e-9
  PASS  std::isfinite(g) && g > 0.0
  PASS  g <= cy + 1e-9
  PASS  g >= prev - 1e-9
  PASS  std::isfinite(g) && g > 0.0
  PASS  g <= cy + 1e-9
  PASS  g >= prev - 1e-9
  PASS  std::isfinite(g) && g > 0.0
  PASS  g <= cy + 1e-9
  PASS  g >= prev - 1e-9
  PASS  std::isfinite(g) && g > 0.0
  PASS  g <= cy + 1e-9
  PASS  g >= prev - 1e-9
  PASS  std::isfinite(g) && g > 0.0
  PASS  g <= cy + 1e-9
  PASS  g >= prev - 1e-9
  PASS  std::isfinite(g) && g > 0.0
  PASS  g <= cy + 1e-9
  PASS  g >= prev - 1e-9
  PASS  std::isfinite(g) && g > 0.0
  PASS  g <= cy + 1e-9
  PASS  g >= prev - 1e-9
  PASS  std::isfinite(g) && g > 0.0
  PASS  g <= cy + 1e-9
  PASS  g >= prev - 1e-9
  PASS  std::isfinite(g) && g > 0.0
  PASS  g <= cy + 1e-9
  PASS  g >= prev - 1e-9
  PASS  std::isfinite(g) && g > 0.0
  PASS  g <= cy + 1e-9
  PASS  g >= prev - 1e-9
  PASS  std::isfinite(g) && g > 0.0
  PASS  g <= cy + 1e-9
  PASS  g >= prev - 1e-9
  PASS  std::isfinite(g) && g > 0.0
  PASS  g <= cy + 1e-9
  PASS  g >= prev - 1e-9
  PASS  std::isfinite(g) && g > 0.0
  PASS  g <= cy + 1e-9
  PASS  g >= prev - 1e-9
  PASS  std::isfinite(g) && g > 0.0
  PASS  g <= cy + 1e-9
  PASS  g >= prev - 1e-9
  PASS  std::isfinite(g) && g > 0.0
  PASS  g <= cy + 1e-9
  PASS  g >= prev - 1e-9
  PASS  std::isfinite(g) && g > 0.0
  PASS  g <= cy + 1e-9
  PASS  g >= prev - 1e-9
  PASS  std::isfinite(g) && g > 0.0
  PASS  g <= cy + 1e-9
  PASS  g >= prev - 1e-9
  PASS  std::isfinite(g) && g > 0.0
  PASS  g <= cy + 1e-9
  PASS  g >= prev - 1e-9
  PASS  std::isfinite(g) && g > 0.0
  PASS  g <= cy + 1e-9
  PASS  g >= prev - 1e-9
  PASS  std::isfinite(g) && g > 0.0
  PASS  g <= cy + 1e-9
  PASS  g >= prev - 1e-9
  PASS  std::isfinite(g) && g > 0.0
  PASS  g <= cy + 1e-9
  PASS  g >= prev - 1e-9
  PASS  std::isfinite(g) && g > 0.0
  PASS  g <= cy + 1e-9
  PASS  g >= prev - 1e-9
  PASS  std::isfinite(g) && g > 0.0
  PASS  g <= cy + 1e-9
  PASS  g >= prev - 1e-9
  PASS  std::isfinite(g) && g > 0.0
  PASS  g <= cy + 1e-9
  PASS  g >= prev - 1e-9
  PASS  std::isfinite(g) && g > 0.0
  PASS  g <= cy + 1e-9
  PASS  g >= prev - 1e-9
  PASS  std::isfinite(g) && g > 0.0
  PASS  g <= cy + 1e-9
  PASS  g >= prev - 1e-9
  PASS  std::isfinite(g) && g > 0.0
  PASS  g <= cy + 1e-9
  PASS  g >= prev - 1e-9
  PASS  std::isfinite(g) && g > 0.0
  PASS  g <= cy + 1e-9
  PASS  g >= prev - 1e-9
  PASS  std::isfinite(g) && g > 0.0
  PASS  g <= cy + 1e-9
  PASS  g >= prev - 1e-9
  PASS  std::isfinite(g) && g > 0.0
  PASS  g <= cy + 1e-9
  PASS  g >= prev - 1e-9
  PASS  std::isfinite(g) && g > 0.0
  PASS  g <= cy + 1e-9
  PASS  g >= prev - 1e-9
  PASS  std::isfinite(g) && g > 0.0
  PASS  g <= cy + 1e-9
  PASS  g >= prev - 1e-9
  PASS  std::isfinite(g) && g > 0.0
  PASS  g <= cy + 1e-9
  PASS  g >= prev - 1e-9
  PASS  std::isfinite(g) && g > 0.0
  PASS  g <= cy + 1e-9
  PASS  g >= prev - 1e-9
  PASS  std::isfinite(g) && g > 0.0
  PASS  g <= cy + 1e-9
  PASS  g >= prev - 1e-9
  PASS  std::isfinite(g) && g > 0.0
  PASS  g <= cy + 1e-9
  PASS  g >= prev - 1e-9
  PASS  std::isfinite(g) && g > 0.0
  PASS  g <= cy + 1e-9
  PASS  g >= prev - 1e-9
  PASS  std::isfinite(g) && g > 0.0
  PASS  g <= cy + 1e-9
  PASS  g >= prev - 1e-9
  PASS  std::isfinite(g) && g > 0.0
  PASS  g <= cy + 1e-9
  PASS  g >= prev - 1e-9
  PASS  std::isfinite(g) && g > 0.0
  PASS  g <= cy + 1e-9
  PASS  g >= prev - 1e-9
  PASS  std::isfinite(g) && g > 0.0
  PASS  g <= cy + 1e-9
  PASS  g >= prev - 1e-9
  PASS  std::isfinite(g) && g > 0.0
  PASS  g <= cy + 1e-9
  PASS  g >= prev - 1e-9
  PASS  std::isfinite(g) && g > 0.0
  PASS  g <= cy + 1e-9
  PASS  g >= prev - 1e-9
  PASS  std::isfinite(g) && g > 0.0
  PASS  g <= cy + 1e-9
  PASS  g >= prev - 1e-9
  PASS  std::isfinite(g) && g > 0.0
  PASS  g <= cy + 1e-9
  PASS  g >= prev - 1e-9
  PASS  std::isfinite(g) && g > 0.0
  PASS  g <= cy + 1e-9
  PASS  g >= prev - 1e-9
  PASS  std::isfinite(g) && g > 0.0
  PASS  g <= cy + 1e-9
  PASS  g >= prev - 1e-9
  PASS  std::isfinite(g) && g > 0.0
  PASS  g <= cy + 1e-9
  PASS  g >= prev - 1e-9
  PASS  std::isfinite(g) && g > 0.0
  PASS  g <= cy + 1e-9
  PASS  g >= prev - 1e-9
  PASS  std::isfinite(g) && g > 0.0
  PASS  g <= cy + 1e-9
  PASS  g >= prev - 1e-9
  PASS  std::isfinite(g) && g > 0.0
  PASS  g <= cy + 1e-9
  PASS  g >= prev - 1e-9
  PASS  std::isfinite(g) && g > 0.0
  PASS  g <= cy + 1e-9
  PASS  g >= prev - 1e-9
  PASS  std::isfinite(g) && g > 0.0
  PASS  g <= cy + 1e-9
  PASS  g >= prev - 1e-9
  PASS  std::isfinite(g) && g > 0.0
  PASS  g <= cy + 1e-9
  PASS  g >= prev - 1e-9
  PASS  std::isfinite(g) && g > 0.0
  PASS  g <= cy + 1e-9
  PASS  g >= prev - 1e-9
  PASS  std::isfinite(g) && g > 0.0
  PASS  g <= cy + 1e-9
  PASS  g >= prev - 1e-9
  PASS  std::isfinite(g) && g > 0.0
  PASS  g <= cy + 1e-9
  PASS  g >= prev - 1e-9
  PASS  std::isfinite(g) && g > 0.0
  PASS  g <= cy + 1e-9
  PASS  g >= prev - 1e-9
  PASS  std::isfinite(g) && g > 0.0
  PASS  g <= cy + 1e-9
  PASS  g >= prev - 1e-9
  PASS  std::isfinite(g) && g > 0.0
  PASS  g <= cy + 1e-9
  PASS  g >= prev - 1e-9
  PASS  std::isfinite(g) && g > 0.0
  PASS  g <= cy + 1e-9
  PASS  g >= prev - 1e-9
  PASS  std::isfinite(g) && g > 0.0
  PASS  g <= cy + 1e-9
  PASS  g >= prev - 1e-9
  PASS  std::isfinite(g) && g > 0.0
  PASS  g <= cy + 1e-9
  PASS  g >= prev - 1e-9
  PASS  std::isfinite(g) && g > 0.0
  PASS  g <= cy + 1e-9
  PASS  g >= prev - 1e-9
  PASS  std::isfinite(g) && g > 0.0
  PASS  g <= cy + 1e-9
  PASS  g >= prev - 1e-9
  PASS  std::isfinite(g) && g > 0.0
  PASS  g <= cy + 1e-9
  PASS  g >= prev - 1e-9
  PASS  std::isfinite(g) && g > 0.0
  PASS  g <= cy + 1e-9
  PASS  g >= prev - 1e-9
  PASS  std::isfinite(g) && g > 0.0
  PASS  g <= cy + 1e-9
  PASS  g >= prev - 1e-9
  PASS  std::isfinite(g) && g > 0.0
  PASS  g <= cy + 1e-9
  PASS  g >= prev - 1e-9
  PASS  std::isfinite(g) && g > 0.0
  PASS  g <= cy + 1e-9
  PASS  g >= prev - 1e-9
  PASS  std::isfinite(g) && g > 0.0
  PASS  g <= cy + 1e-9
  PASS  g >= prev - 1e-9
  PASS  std::isfinite(g) && g > 0.0
  PASS  g <= cy + 1e-9
  PASS  g >= prev - 1e-9
  PASS  std::isfinite(g) && g > 0.0
  PASS  g <= cy + 1e-9
  PASS  g >= prev - 1e-9
  PASS  std::isfinite(g) && g > 0.0
  PASS  g <= cy + 1e-9
  PASS  g >= prev - 1e-9
  PASS  std::isfinite(g) && g > 0.0
  PASS  g <= cy + 1e-9
  PASS  g >= prev - 1e-9
  PASS  std::isfinite(g) && g > 0.0
  PASS  g <= cy + 1e-9
  PASS  g >= prev - 1e-9
  PASS  std::isfinite(g) && g > 0.0
  PASS  g <= cy + 1e-9
  PASS  g >= prev - 1e-9
  PASS  std::isfinite(g) && g > 0.0
  PASS  g <= cy + 1e-9
  PASS  g >= prev - 1e-9
  PASS  std::isfinite(g) && g > 0.0
  PASS  g <= cy + 1e-9
  PASS  g >= prev - 1e-9
  PASS  std::isfinite(g) && g > 0.0
  PASS  g <= cy + 1e-9
  PASS  g >= prev - 1e-9
  PASS  std::isfinite(g) && g > 0.0
  PASS  g <= cy + 1e-9
  PASS  g >= prev - 1e-9
  PASS  std::isfinite(g) && g > 0.0
  PASS  g <= cy + 1e-9
  PASS  g >= prev - 1e-9
  PASS  std::isfinite(g) && g > 0.0
  PASS  g <= cy + 1e-9
  PASS  g >= prev - 1e-9
  PASS  std::isfinite(g) && g > 0.0
  PASS  g <= cy + 1e-9
  PASS  g >= prev - 1e-9
  PASS  std::isfinite(g) && g > 0.0
  PASS  g <= cy + 1e-9
  PASS  g >= prev - 1e-9
  PASS  std::isfinite(g) && g > 0.0
  PASS  g <= cy + 1e-9
  PASS  g >= prev - 1e-9
  PASS  std::isfinite(g) && g > 0.0
  PASS  g <= cy + 1e-9
  PASS  g >= prev - 1e-9
  PASS  std::isfinite(g) && g > 0.0
  PASS  g <= cy + 1e-9
  PASS  g >= prev - 1e-9
  PASS  std::isfinite(g) && g > 0.0
  PASS  g <= cy + 1e-9
  PASS  g >= prev - 1e-9
  PASS  std::isfinite(g) && g > 0.0
  PASS  g <= cy + 1e-9
  PASS  g >= prev - 1e-9
  PASS  std::isfinite(g) && g > 0.0
  PASS  g <= cy + 1e-9
  PASS  g >= prev - 1e-9
  PASS  std::isfinite(g) && g > 0.0
  PASS  g <= cy + 1e-9
  PASS  g >= prev - 1e-9
  PASS  std::isfinite(g) && g > 0.0
  PASS  g <= cy + 1e-9
  PASS  g >= prev - 1e-9
  PASS  std::isfinite(g) && g > 0.0
  PASS  g <= cy + 1e-9
  PASS  g >= prev - 1e-9
  PASS  std::isfinite(g) && g > 0.0
  PASS  g <= cy + 1e-9
  PASS  g >= prev - 1e-9
  PASS  std::isfinite(g) && g > 0.0
  PASS  g <= cy + 1e-9
  PASS  g >= prev - 1e-9
  PASS  std::isfinite(g) && g > 0.0
  PASS  g <= cy + 1e-9
  PASS  g >= prev - 1e-9
  PASS  std::isfinite(g) && g > 0.0
  PASS  g <= cy + 1e-9
  PASS  g >= prev - 1e-9
  PASS  std::isfinite(g) && g > 0.0
  PASS  g <= cy + 1e-9
  PASS  g >= prev - 1e-9
  PASS  std::isfinite(g) && g > 0.0
  PASS  g <= cy + 1e-9
  PASS  g >= prev - 1e-9
  PASS  std::isfinite(g) && g > 0.0
  PASS  g <= cy + 1e-9
  PASS  g >= prev - 1e-9
  PASS  std::isfinite(g) && g > 0.0
  PASS  g <= cy + 1e-9
  PASS  g >= prev - 1e-9
  PASS  std::isfinite(g) && g > 0.0
  PASS  g <= cy + 1e-9
  PASS  g >= prev - 1e-9
  PASS  std::isfinite(g) && g > 0.0
  PASS  g <= cy + 1e-9
  PASS  g >= prev - 1e-9
  PASS  std::isfinite(g) && g > 0.0
  PASS  g <= cy + 1e-9
  PASS  g >= prev - 1e-9
  PASS  std::isfinite(g) && g > 0.0
  PASS  g <= cy + 1e-9
  PASS  g >= prev - 1e-9
  PASS  std::isfinite(g) && g > 0.0
  PASS  g <= cy + 1e-9
  PASS  g >= prev - 1e-9
  PASS  std::isfinite(g) && g > 0.0
  PASS  g <= cy + 1e-9
  PASS  g >= prev - 1e-9
  PASS  std::isfinite(g) && g > 0.0
  PASS  g <= cy + 1e-9
  PASS  g >= prev - 1e-9
  PASS  std::isfinite(g) && g > 0.0
  PASS  g <= cy + 1e-9
  PASS  g >= prev - 1e-9
  PASS  std::isfinite(g) && g > 0.0
  PASS  g <= cy + 1e-9
  PASS  g >= prev - 1e-9
  PASS  std::isfinite(g) && g > 0.0
  PASS  g <= cy + 1e-9
  PASS  g >= prev - 1e-9
  PASS  std::isfinite(g) && g > 0.0
  PASS  g <= cy + 1e-9
  PASS  g >= prev - 1e-9
  PASS  std::isfinite(g) && g > 0.0
  PASS  g <= cy + 1e-9
  PASS  g >= prev - 1e-9
  PASS  std::isfinite(g) && g > 0.0
  PASS  g <= cy + 1e-9
  PASS  g >= prev - 1e-9
  PASS  std::isfinite(g) && g > 0.0
  PASS  g <= cy + 1e-9
  PASS  g >= prev - 1e-9
  PASS  std::isfinite(g) && g > 0.0
  PASS  g <= cy + 1e-9
  PASS  g >= prev - 1e-9
  PASS  std::isfinite(g) && g > 0.0
  PASS  g <= cy + 1e-9
  PASS  g >= prev - 1e-9
  PASS  std::isfinite(g) && g > 0.0
  PASS  g <= cy + 1e-9
  PASS  g >= prev - 1e-9
  PASS  std::isfinite(g) && g > 0.0
  PASS  g <= cy + 1e-9
  PASS  g >= prev - 1e-9
  PASS  std::isfinite(g) && g > 0.0
  PASS  g <= cy + 1e-9
  PASS  g >= prev - 1e-9
  PASS  std::isfinite(g) && g > 0.0
  PASS  g <= cy + 1e-9
  PASS  g >= prev - 1e-9
  PASS  std::isfinite(g) && g > 0.0
  PASS  g <= cy + 1e-9
  PASS  g >= prev - 1e-9
  PASS  std::isfinite(g) && g > 0.0
  PASS  g <= cy + 1e-9
  PASS  g >= prev - 1e-9
  PASS  std::isfinite(g) && g > 0.0
  PASS  g <= cy + 1e-9
  PASS  g >= prev - 1e-9
  PASS  std::isfinite(g) && g > 0.0
  PASS  g <= cy + 1e-9
  PASS  g >= prev - 1e-9
  PASS  std::isfinite(g) && g > 0.0
  PASS  g <= cy + 1e-9
  PASS  g >= prev - 1e-9
  PASS  std::isfinite(g) && g > 0.0
  PASS  g <= cy + 1e-9
  PASS  g >= prev - 1e-9
  PASS  std::isfinite(g) && g > 0.0
  PASS  g <= cy + 1e-9
  PASS  g >= prev - 1e-9
  PASS  std::isfinite(g) && g > 0.0
  PASS  g <= cy + 1e-9
  PASS  g >= prev - 1e-9
  PASS  std::isfinite(g) && g > 0.0
  PASS  g <= cy + 1e-9
  PASS  g >= prev - 1e-9
  PASS  std::isfinite(g) && g > 0.0
  PASS  g <= cy + 1e-9
  PASS  g >= prev - 1e-9
  PASS  std::isfinite(g) && g > 0.0
  PASS  g <= cy + 1e-9
  PASS  g >= prev - 1e-9
  PASS  std::isfinite(g) && g > 0.0
  PASS  g <= cy + 1e-9
  PASS  g >= prev - 1e-9
  PASS  std::isfinite(g) && g > 0.0
  PASS  g <= cy + 1e-9
  PASS  g >= prev - 1e-9
  PASS  std::isfinite(g) && g > 0.0
  PASS  g <= cy + 1e-9
  PASS  g >= prev - 1e-9
  PASS  std::isfinite(g) && g > 0.0
  PASS  g <= cy + 1e-9
  PASS  g >= prev - 1e-9
  PASS  std::isfinite(g) && g > 0.0
  PASS  g <= cy + 1e-9
  PASS  g >= prev - 1e-9
  PASS  std::isfinite(g) && g > 0.0
  PASS  g <= cy + 1e-9
  PASS  g >= prev - 1e-9
  PASS  std::isfinite(g) && g > 0.0
  PASS  g <= cy + 1e-9
  PASS  g >= prev - 1e-9
  PASS  std::isfinite(g) && g > 0.0
  PASS  g <= cy + 1e-9
  PASS  g >= prev - 1e-9
  PASS  std::isfinite(g) && g > 0.0
  PASS  g <= cy + 1e-9
  PASS  g >= prev - 1e-9
  PASS  std::isfinite(g) && g > 0.0
  PASS  g <= cy + 1e-9
  PASS  g >= prev - 1e-9
  PASS  std::isfinite(g) && g > 0.0
  PASS  g <= cy + 1e-9
  PASS  g >= prev - 1e-9
  PASS  std::isfinite(g) && g > 0.0
  PASS  g <= cy + 1e-9
  PASS  g >= prev - 1e-9
  PASS  std::isfinite(g) && g > 0.0
  PASS  g <= cy + 1e-9
  PASS  g >= prev - 1e-9
  PASS  std::isfinite(g) && g > 0.0
  PASS  g <= cy + 1e-9
  PASS  g >= prev - 1e-9
  PASS  std::isfinite(g) && g > 0.0
  PASS  g <= cy + 1e-9
  PASS  g >= prev - 1e-9
  PASS  std::isfinite(g) && g > 0.0
  PASS  g <= cy + 1e-9
  PASS  g >= prev - 1e-9
  PASS  std::isfinite(g) && g > 0.0
  PASS  g <= cy + 1e-9
  PASS  g >= prev - 1e-9
  PASS  std::isfinite(g) && g > 0.0
  PASS  g <= cy + 1e-9
  PASS  g >= prev - 1e-9
  PASS  std::isfinite(g) && g > 0.0
  PASS  g <= cy + 1e-9
  PASS  g >= prev - 1e-9
  PASS  std::isfinite(g) && g > 0.0
  PASS  g <= cy + 1e-9
  PASS  g >= prev - 1e-9
  PASS  std::isfinite(g) && g > 0.0
  PASS  g <= cy + 1e-9
  PASS  g >= prev - 1e-9
  PASS  std::isfinite(g) && g > 0.0
  PASS  g <= cy + 1e-9
  PASS  g >= prev - 1e-9
  PASS  std::isfinite(g) && g > 0.0
  PASS  g <= cy + 1e-9
  PASS  g >= prev - 1e-9
  PASS  std::isfinite(g) && g > 0.0
  PASS  g <= cy + 1e-9
  PASS  g >= prev - 1e-9
  PASS  std::isfinite(g) && g > 0.0
  PASS  g <= cy + 1e-9
  PASS  g >= prev - 1e-9
  PASS  std::isfinite(g) && g > 0.0
  PASS  g <= cy + 1e-9
  PASS  g >= prev - 1e-9
  PASS  std::isfinite(g) && g > 0.0
  PASS  g <= cy + 1e-9
  PASS  g >= prev - 1e-9
  PASS  std::isfinite(g) && g > 0.0
  PASS  g <= cy + 1e-9
  PASS  g >= prev - 1e-9
  PASS  std::isfinite(g) && g > 0.0
  PASS  g <= cy + 1e-9
  PASS  g >= prev - 1e-9
  PASS  std::isfinite(g) && g > 0.0
  PASS  g <= cy + 1e-9
  PASS  g >= prev - 1e-9
  PASS  std::isfinite(g) && g > 0.0
  PASS  g <= cy + 1e-9
  PASS  g >= prev - 1e-9
  PASS  std::isfinite(g) && g > 0.0
  PASS  g <= cy + 1e-9
  PASS  g >= prev - 1e-9
  PASS  std::isfinite(g) && g > 0.0
  PASS  g <= cy + 1e-9
  PASS  g >= prev - 1e-9
  PASS  std::isfinite(g) && g > 0.0
  PASS  g <= cy + 1e-9
  PASS  g >= prev - 1e-9
  PASS  std::isfinite(g) && g > 0.0
  PASS  g <= cy + 1e-9
  PASS  g >= prev - 1e-9
  PASS  std::isfinite(g) && g > 0.0
  PASS  g <= cy + 1e-9
  PASS  g >= prev - 1e-9
  PASS  std::isfinite(g) && g > 0.0
  PASS  g <= cy + 1e-9
  PASS  g >= prev - 1e-9
  PASS  std::isfinite(g) && g > 0.0
  PASS  g <= cy + 1e-9
  PASS  g >= prev - 1e-9
  PASS  std::isfinite(g) && g > 0.0
  PASS  g <= cy + 1e-9
  PASS  g >= prev - 1e-9
  PASS  std::isfinite(g) && g > 0.0
  PASS  g <= cy + 1e-9
  PASS  g >= prev - 1e-9
  PASS  std::isfinite(g) && g > 0.0
  PASS  g <= cy + 1e-9
  PASS  g >= prev - 1e-9
  PASS  std::isfinite(g) && g > 0.0
  PASS  g <= cy + 1e-9
  PASS  g >= prev - 1e-9
  PASS  std::isfinite(g) && g > 0.0
  PASS  g <= cy + 1e-9
  PASS  g >= prev - 1e-9
  PASS  std::isfinite(g) && g > 0.0
  PASS  g <= cy + 1e-9
  PASS  g >= prev - 1e-9
  PASS  std::isfinite(g) && g > 0.0
  PASS  g <= cy + 1e-9
  PASS  g >= prev - 1e-9
  PASS  std::isfinite(g) && g > 0.0
  PASS  g <= cy + 1e-9
  PASS  g >= prev - 1e-9
  PASS  std::isfinite(g) && g > 0.0
  PASS  g <= cy + 1e-9
  PASS  g >= prev - 1e-9
  PASS  std::isfinite(g) && g > 0.0
  PASS  g <= cy + 1e-9
  PASS  g >= prev - 1e-9
  PASS  std::isfinite(g) && g > 0.0
  PASS  g <= cy + 1e-9
  PASS  g >= prev - 1e-9
  PASS  std::isfinite(g) && g > 0.0
  PASS  g <= cy + 1e-9
  PASS  g >= prev - 1e-9
  PASS  std::isfinite(g) && g > 0.0
  PASS  g <= cy + 1e-9
  PASS  g >= prev - 1e-9
  PASS  std::isfinite(g) && g > 0.0
  PASS  g <= cy + 1e-9
  PASS  g >= prev - 1e-9
  PASS  std::isfinite(g) && g > 0.0
  PASS  g <= cy + 1e-9
  PASS  g >= prev - 1e-9
  PASS  std::isfinite(g) && g > 0.0
  PASS  g <= cy + 1e-9
  PASS  g >= prev - 1e-9
  PASS  std::isfinite(g) && g > 0.0
  PASS  g <= cy + 1e-9
  PASS  g >= prev - 1e-9
  PASS  std::isfinite(g) && g > 0.0
  PASS  g <= cy + 1e-9
  PASS  g >= prev - 1e-9
  PASS  std::isfinite(g) && g > 0.0
  PASS  g <= cy + 1e-9
  PASS  g >= prev - 1e-9
  PASS  std::isfinite(g) && g > 0.0
  PASS  g <= cy + 1e-9
  PASS  g >= prev - 1e-9
  PASS  std::isfinite(g) && g > 0.0
  PASS  g <= cy + 1e-9
  PASS  g >= prev - 1e-9
  PASS  std::isfinite(g) && g > 0.0
  PASS  g <= cy + 1e-9
  PASS  g >= prev - 1e-9
  PASS  std::isfinite(g) && g > 0.0
  PASS  g <= cy + 1e-9
  PASS  g >= prev - 1e-9
  PASS  std::isfinite(g) && g > 0.0
  PASS  g <= cy + 1e-9
  PASS  g >= prev - 1e-9
  PASS  std::isfinite(g) && g > 0.0
  PASS  g <= cy + 1e-9
  PASS  g >= prev - 1e-9
  PASS  std::isfinite(g) && g > 0.0
  PASS  g <= cy + 1e-9
  PASS  g >= prev - 1e-9
  PASS  std::isfinite(g) && g > 0.0
  PASS  g <= cy + 1e-9
  PASS  g >= prev - 1e-9
  PASS  std::isfinite(g) && g > 0.0
  PASS  g <= cy + 1e-9
  PASS  g >= prev - 1e-9
  PASS  std::isfinite(g) && g > 0.0
  PASS  g <= cy + 1e-9
  PASS  g >= prev - 1e-9
  PASS  std::isfinite(g) && g > 0.0
  PASS  g <= cy + 1e-9
  PASS  g >= prev - 1e-9
  PASS  std::isfinite(g) && g > 0.0
  PASS  g <= cy + 1e-9
  PASS  g >= prev - 1e-9
  PASS  std::isfinite(g) && g > 0.0
  PASS  g <= cy + 1e-9
  PASS  g >= prev - 1e-9
  PASS  std::isfinite(g) && g > 0.0
  PASS  g <= cy + 1e-9
  PASS  g >= prev - 1e-9
  PASS  std::isfinite(g) && g > 0.0
  PASS  g <= cy + 1e-9
  PASS  g >= prev - 1e-9
  PASS  std::isfinite(g) && g > 0.0
  PASS  g <= cy + 1e-9
  PASS  g >= prev - 1e-9
  PASS  std::isfinite(g) && g > 0.0
  PASS  g <= cy + 1e-9
  PASS  g >= prev - 1e-9
  PASS  std::isfinite(g) && g > 0.0
  PASS  g <= cy + 1e-9
  PASS  g >= prev - 1e-9
  PASS  std::isfinite(g) && g > 0.0
  PASS  g <= cy + 1e-9
  PASS  g >= prev - 1e-9
  PASS  std::isfinite(g) && g > 0.0
  PASS  g <= cy + 1e-9
  PASS  g >= prev - 1e-9
  PASS  std::isfinite(g) && g > 0.0
  PASS  g <= cy + 1e-9
  PASS  g >= prev - 1e-9
  PASS  std::isfinite(g) && g > 0.0
  PASS  g <= cy + 1e-9
  PASS  g >= prev - 1e-9
  PASS  std::isfinite(g) && g > 0.0
  PASS  g <= cy + 1e-9
  PASS  g >= prev - 1e-9
  PASS  std::isfinite(g) && g > 0.0
  PASS  g <= cy + 1e-9
  PASS  g >= prev - 1e-9
  PASS  std::isfinite(g) && g > 0.0
  PASS  g <= cy + 1e-9
  PASS  g >= prev - 1e-9
  PASS  std::isfinite(g) && g > 0.0
  PASS  g <= cy + 1e-9
  PASS  g >= prev - 1e-9
  PASS  std::isfinite(g) && g > 0.0
  PASS  g <= cy + 1e-9
  PASS  g >= prev - 1e-9
  PASS  std::isfinite(g) && g > 0.0
  PASS  g <= cy + 1e-9
  PASS  g >= prev - 1e-9
  PASS  std::isfinite(g) && g > 0.0
  PASS  g <= cy + 1e-9
  PASS  g >= prev - 1e-9
  PASS  std::isfinite(g) && g > 0.0
  PASS  g <= cy + 1e-9
  PASS  g >= prev - 1e-9
  PASS  std::isfinite(g) && g > 0.0
  PASS  g <= cy + 1e-9
  PASS  g >= prev - 1e-9
  PASS  std::isfinite(g) && g > 0.0
  PASS  g <= cy + 1e-9
  PASS  g >= prev - 1e-9
  PASS  std::isfinite(g) && g > 0.0
  PASS  g <= cy + 1e-9
  PASS  g >= prev - 1e-9
  PASS  std::isfinite(g) && g > 0.0
  PASS  g <= cy + 1e-9
  PASS  g >= prev - 1e-9
  PASS  std::isfinite(g) && g > 0.0
  PASS  g <= cy + 1e-9
  PASS  g >= prev - 1e-9
  PASS  std::isfinite(g) && g > 0.0
  PASS  g <= cy + 1e-9
  PASS  g >= prev - 1e-9
  PASS  std::isfinite(g) && g > 0.0
  PASS  g <= cy + 1e-9
  PASS  g >= prev - 1e-9
  PASS  std::isfinite(g) && g > 0.0
  PASS  g <= cy + 1e-9
  PASS  g >= prev - 1e-9
  PASS  std::isfinite(g) && g > 0.0
  PASS  g <= cy + 1e-9
  PASS  g >= prev - 1e-9
  PASS  std::isfinite(g) && g > 0.0
  PASS  g <= cy + 1e-9
  PASS  g >= prev - 1e-9
  PASS  std::isfinite(g) && g > 0.0
  PASS  g <= cy + 1e-9
  PASS  g >= prev - 1e-9
  PASS  std::isfinite(g) && g > 0.0
  PASS  g <= cy + 1e-9
  PASS  g >= prev - 1e-9
  PASS  std::isfinite(g) && g > 0.0
  PASS  g <= cy + 1e-9
  PASS  g >= prev - 1e-9
  PASS  std::isfinite(g) && g > 0.0
  PASS  g <= cy + 1e-9
  PASS  g >= prev - 1e-9
  PASS  std::isfinite(g) && g > 0.0
  PASS  g <= cy + 1e-9
  PASS  g >= prev - 1e-9
  PASS  std::isfinite(g) && g > 0.0
  PASS  g <= cy + 1e-9
  PASS  g >= prev - 1e-9
  PASS  std::isfinite(g) && g > 0.0
  PASS  g <= cy + 1e-9
  PASS  g >= prev - 1e-9
  PASS  std::isfinite(g) && g > 0.0
  PASS  g <= cy + 1e-9
  PASS  g >= prev - 1e-9
  PASS  std::isfinite(g) && g > 0.0
  PASS  g <= cy + 1e-9
  PASS  g >= prev - 1e-9
  PASS  std::isfinite(g) && g > 0.0
  PASS  g <= cy + 1e-9
  PASS  g >= prev - 1e-9
  PASS  std::isfinite(g) && g > 0.0
  PASS  g <= cy + 1e-9
  PASS  g >= prev - 1e-9
  PASS  std::isfinite(g) && g > 0.0
  PASS  g <= cy + 1e-9
  PASS  g >= prev - 1e-9
  PASS  std::isfinite(g) && g > 0.0
  PASS  g <= cy + 1e-9
  PASS  g >= prev - 1e-9
  PASS  std::isfinite(g) && g > 0.0
  PASS  g <= cy + 1e-9
  PASS  g >= prev - 1e-9
  PASS  std::isfinite(g) && g > 0.0
  PASS  g <= cy + 1e-9
  PASS  g >= prev - 1e-9
  PASS  std::isfinite(g) && g > 0.0
  PASS  g <= cy + 1e-9
  PASS  g >= prev - 1e-9
  PASS  std::isfinite(g) && g > 0.0
  PASS  g <= cy + 1e-9
  PASS  g >= prev - 1e-9
  PASS  std::isfinite(g) && g > 0.0
  PASS  g <= cy + 1e-9
  PASS  g >= prev - 1e-9
  PASS  std::isfinite(g) && g > 0.0
  PASS  g <= cy + 1e-9
  PASS  g >= prev - 1e-9
  PASS  std::isfinite(g) && g > 0.0
  PASS  g <= cy + 1e-9
  PASS  g >= prev - 1e-9
  PASS  std::isfinite(g) && g > 0.0
  PASS  g <= cy + 1e-9
  PASS  g >= prev - 1e-9
  PASS  std::isfinite(g) && g > 0.0
  PASS  g <= cy + 1e-9
  PASS  g >= prev - 1e-9
  PASS  std::isfinite(g) && g > 0.0
  PASS  g <= cy + 1e-9
  PASS  g >= prev - 1e-9
  PASS  std::isfinite(g) && g > 0.0
  PASS  g <= cy + 1e-9
  PASS  g >= prev - 1e-9
  PASS  std::isfinite(g) && g > 0.0
  PASS  g <= cy + 1e-9
  PASS  g >= prev - 1e-9
  PASS  std::isfinite(g) && g > 0.0
  PASS  g <= cy + 1e-9
  PASS  g >= prev - 1e-9
  PASS  std::isfinite(g) && g > 0.0
  PASS  g <= cy + 1e-9
  PASS  g >= prev - 1e-9
  PASS  std::isfinite(g) && g > 0.0
  PASS  g <= cy + 1e-9
  PASS  g >= prev - 1e-9
  PASS  std::isfinite(g) && g > 0.0
  PASS  g <= cy + 1e-9
  PASS  g >= prev - 1e-9
  PASS  std::isfinite(g) && g > 0.0
  PASS  g <= cy + 1e-9
  PASS  g >= prev - 1e-9
  PASS  std::isfinite(g) && g > 0.0
  PASS  g <= cy + 1e-9
  PASS  g >= prev - 1e-9
  PASS  std::isfinite(g) && g > 0.0
  PASS  g <= cy + 1e-9
  PASS  g >= prev - 1e-9
  PASS  std::isfinite(g) && g > 0.0
  PASS  g <= cy + 1e-9
  PASS  g >= prev - 1e-9
  PASS  std::isfinite(g) && g > 0.0
  PASS  g <= cy + 1e-9
  PASS  g >= prev - 1e-9
  PASS  std::isfinite(g) && g > 0.0
  PASS  g <= cy + 1e-9
  PASS  g >= prev - 1e-9
  PASS  std::isfinite(g) && g > 0.0
  PASS  g <= cy + 1e-9
  PASS  g >= prev - 1e-9
  PASS  std::isfinite(g) && g > 0.0
  PASS  g <= cy + 1e-9
  PASS  g >= prev - 1e-9
  PASS  std::isfinite(g) && g > 0.0
  PASS  g <= cy + 1e-9
  PASS  g >= prev - 1e-9
  PASS  std::isfinite(g) && g > 0.0
  PASS  g <= cy + 1e-9
  PASS  g >= prev - 1e-9
  PASS  std::isfinite(g) && g > 0.0
  PASS  g <= cy + 1e-9
  PASS  g >= prev - 1e-9
  PASS  std::isfinite(g) && g > 0.0
  PASS  g <= cy + 1e-9
  PASS  g >= prev - 1e-9
  PASS  std::isfinite(g) && g > 0.0
  PASS  g <= cy + 1e-9
  PASS  g >= prev - 1e-9
  PASS  std::isfinite(g) && g > 0.0
  PASS  g <= cy + 1e-9
  PASS  g >= prev - 1e-9
  PASS  std::isfinite(g) && g > 0.0
  PASS  g <= cy + 1e-9
  PASS  g >= prev - 1e-9
  PASS  std::isfinite(g) && g > 0.0
  PASS  g <= cy + 1e-9
  PASS  g >= prev - 1e-9
  PASS  std::isfinite(g) && g > 0.0
  PASS  g <= cy + 1e-9
  PASS  g >= prev - 1e-9
  PASS  std::isfinite(g) && g > 0.0
  PASS  g <= cy + 1e-9
  PASS  g >= prev - 1e-9
  PASS  std::isfinite(g) && g > 0.0
  PASS  g <= cy + 1e-9
  PASS  g >= prev - 1e-9
  PASS  std::isfinite(g) && g > 0.0
  PASS  g <= cy + 1e-9
  PASS  g >= prev - 1e-9
  PASS  std::isfinite(g) && g > 0.0
  PASS  g <= cy + 1e-9
  PASS  g >= prev - 1e-9
  PASS  std::isfinite(g) && g > 0.0
  PASS  g <= cy + 1e-9
  PASS  g >= prev - 1e-9
  PASS  std::isfinite(g) && g > 0.0
  PASS  g <= cy + 1e-9
  PASS  g >= prev - 1e-9
  PASS  std::isfinite(g) && g > 0.0
  PASS  g <= cy + 1e-9
  PASS  g >= prev - 1e-9
  PASS  std::isfinite(g) && g > 0.0
  PASS  g <= cy + 1e-9
  PASS  g >= prev - 1e-9
  PASS  std::isfinite(g) && g > 0.0
  PASS  g <= cy + 1e-9
  PASS  g >= prev - 1e-9
  PASS  std::isfinite(g) && g > 0.0
  PASS  g <= cy + 1e-9
  PASS  g >= prev - 1e-9
  PASS  std::isfinite(g) && g > 0.0
  PASS  g <= cy + 1e-9
  PASS  g >= prev - 1e-9
  PASS  std::isfinite(g) && g > 0.0
  PASS  g <= cy + 1e-9
  PASS  g >= prev - 1e-9
  PASS  std::isfinite(g) && g > 0.0
  PASS  g <= cy + 1e-9
  PASS  g >= prev - 1e-9
  PASS  std::isfinite(g) && g > 0.0
  PASS  g <= cy + 1e-9
  PASS  g >= prev - 1e-9
  PASS  std::isfinite(g) && g > 0.0
  PASS  g <= cy + 1e-9
  PASS  g >= prev - 1e-9
  PASS  std::isfinite(g) && g > 0.0
  PASS  g <= cy + 1e-9
  PASS  g >= prev - 1e-9
  PASS  std::isfinite(g) && g > 0.0
  PASS  g <= cy + 1e-9
  PASS  g >= prev - 1e-9
  PASS  std::isfinite(g) && g > 0.0
  PASS  g <= cy + 1e-9
  PASS  g >= prev - 1e-9
  PASS  std::isfinite(g) && g > 0.0
  PASS  g <= cy + 1e-9
  PASS  g >= prev - 1e-9
  PASS  std::isfinite(g) && g > 0.0
  PASS  g <= cy + 1e-9
  PASS  g >= prev - 1e-9
  PASS  std::isfinite(g) && g > 0.0
  PASS  g <= cy + 1e-9
  PASS  g >= prev - 1e-9
  PASS  std::isfinite(g) && g > 0.0
  PASS  g <= cy + 1e-9
  PASS  g >= prev - 1e-9
  PASS  std::isfinite(g) && g > 0.0
  PASS  g <= cy + 1e-9
  PASS  g >= prev - 1e-9
  PASS  std::isfinite(g) && g > 0.0
  PASS  g <= cy + 1e-9
  PASS  g >= prev - 1e-9
  PASS  std::isfinite(g) && g > 0.0
  PASS  g <= cy + 1e-9
  PASS  g >= prev - 1e-9
  PASS  std::isfinite(g) && g > 0.0
  PASS  g <= cy + 1e-9
  PASS  g >= prev - 1e-9
  PASS  std::isfinite(g) && g > 0.0
  PASS  g <= cy + 1e-9
  PASS  g >= prev - 1e-9
  PASS  std::isfinite(g) && g > 0.0
  PASS  g <= cy + 1e-9
  PASS  g >= prev - 1e-9
  PASS  std::isfinite(g) && g > 0.0
  PASS  g <= cy + 1e-9
  PASS  g >= prev - 1e-9
  PASS  std::isfinite(g) && g > 0.0
  PASS  g <= cy + 1e-9
  PASS  g >= prev - 1e-9
  PASS  std::isfinite(g) && g > 0.0
  PASS  g <= cy + 1e-9
  PASS  g >= prev - 1e-9
  PASS  std::isfinite(g) && g > 0.0
  PASS  g <= cy + 1e-9
  PASS  g >= prev - 1e-9
  PASS  std::isfinite(g) && g > 0.0
  PASS  g <= cy + 1e-9
  PASS  g >= prev - 1e-9
  PASS  std::isfinite(g) && g > 0.0
  PASS  g <= cy + 1e-9
  PASS  g >= prev - 1e-9
  PASS  std::isfinite(g) && g > 0.0
  PASS  g <= cy + 1e-9
  PASS  g >= prev - 1e-9
  PASS  std::isfinite(g) && g > 0.0
  PASS  g <= cy + 1e-9
  PASS  g >= prev - 1e-9
  PASS  std::isfinite(g) && g > 0.0
  PASS  g <= cy + 1e-9
  PASS  g >= prev - 1e-9
  PASS  std::isfinite(g) && g > 0.0
  PASS  g <= cy + 1e-9
  PASS  g >= prev - 1e-9
  PASS  std::isfinite(g) && g > 0.0
  PASS  g <= cy + 1e-9
  PASS  g >= prev - 1e-9
  PASS  std::isfinite(g) && g > 0.0
  PASS  g <= cy + 1e-9
  PASS  g >= prev - 1e-9
  PASS  std::isfinite(g) && g > 0.0
  PASS  g <= cy + 1e-9
  PASS  g >= prev - 1e-9
  PASS  std::isfinite(g) && g > 0.0
  PASS  g <= cy + 1e-9
  PASS  g >= prev - 1e-9
  PASS  std::isfinite(g) && g > 0.0
  PASS  g <= cy + 1e-9
  PASS  g >= prev - 1e-9
  PASS  std::isfinite(g) && g > 0.0
  PASS  g <= cy + 1e-9
  PASS  g >= prev - 1e-9
  PASS  std::isfinite(g) && g > 0.0
  PASS  g <= cy + 1e-9
  PASS  g >= prev - 1e-9
  PASS  std::isfinite(g) && g > 0.0
  PASS  g <= cy + 1e-9
  PASS  g >= prev - 1e-9
  PASS  std::isfinite(g) && g > 0.0
  PASS  g <= cy + 1e-9
  PASS  g >= prev - 1e-9
  PASS  std::isfinite(g) && g > 0.0
  PASS  g <= cy + 1e-9
  PASS  g >= prev - 1e-9
  PASS  std::isfinite(g) && g > 0.0
  PASS  g <= cy + 1e-9
  PASS  g >= prev - 1e-9
  PASS  std::isfinite(g) && g > 0.0
  PASS  g <= cy + 1e-9
  PASS  g >= prev - 1e-9
  PASS  std::isfinite(g) && g > 0.0
  PASS  g <= cy + 1e-9
  PASS  g >= prev - 1e-9
  PASS  std::isfinite(g) && g > 0.0
  PASS  g <= cy + 1e-9
  PASS  g >= prev - 1e-9
  PASS  std::isfinite(g) && g > 0.0
  PASS  g <= cy + 1e-9
  PASS  g >= prev - 1e-9
  PASS  std::isfinite(g) && g > 0.0
  PASS  g <= cy + 1e-9
  PASS  g >= prev - 1e-9
  PASS  std::isfinite(g) && g > 0.0
  PASS  g <= cy + 1e-9
  PASS  g >= prev - 1e-9
  PASS  std::isfinite(g) && g > 0.0
  PASS  g <= cy + 1e-9
  PASS  g >= prev - 1e-9
  PASS  std::isfinite(g) && g > 0.0
  PASS  g <= cy + 1e-9
  PASS  g >= prev - 1e-9
  PASS  std::isfinite(g) && g > 0.0
  PASS  g <= cy + 1e-9
  PASS  g >= prev - 1e-9
  PASS  std::isfinite(g) && g > 0.0
  PASS  g <= cy + 1e-9
  PASS  g >= prev - 1e-9
  PASS  std::isfinite(g) && g > 0.0
  PASS  g <= cy + 1e-9
  PASS  g >= prev - 1e-9
  PASS  std::isfinite(g) && g > 0.0
  PASS  g <= cy + 1e-9
  PASS  g >= prev - 1e-9
  PASS  std::isfinite(g) && g > 0.0
  PASS  g <= cy + 1e-9
  PASS  g >= prev - 1e-9
  PASS  std::isfinite(g) && g > 0.0
  PASS  g <= cy + 1e-9
  PASS  g >= prev - 1e-9
  PASS  std::isfinite(g) && g > 0.0
  PASS  g <= cy + 1e-9
  PASS  g >= prev - 1e-9
  PASS  std::isfinite(g) && g > 0.0
  PASS  g <= cy + 1e-9
  PASS  g >= prev - 1e-9
  PASS  std::isfinite(g) && g > 0.0
  PASS  g <= cy + 1e-9
  PASS  g >= prev - 1e-9
  PASS  std::isfinite(g) && g > 0.0
  PASS  g <= cy + 1e-9
  PASS  g >= prev - 1e-9
  PASS  std::isfinite(g) && g > 0.0
  PASS  g <= cy + 1e-9
  PASS  g >= prev - 1e-9
  PASS  std::isfinite(g) && g > 0.0
  PASS  g <= cy + 1e-9
  PASS  g >= prev - 1e-9
  PASS  std::isfinite(g) && g > 0.0
  PASS  g <= cy + 1e-9
  PASS  g >= prev - 1e-9
  PASS  std::isfinite(g) && g > 0.0
  PASS  g <= cy + 1e-9
  PASS  g >= prev - 1e-9
  PASS  std::isfinite(g) && g > 0.0
  PASS  g <= cy + 1e-9
  PASS  g >= prev - 1e-9
  PASS  std::isfinite(g) && g > 0.0
  PASS  g <= cy + 1e-9
  PASS  g >= prev - 1e-9
  PASS  std::isfinite(g) && g > 0.0
  PASS  g <= cy + 1e-9
  PASS  g >= prev - 1e-9
  PASS  std::isfinite(g) && g > 0.0
  PASS  g <= cy + 1e-9
  PASS  g >= prev - 1e-9
  PASS  std::isfinite(g) && g > 0.0
  PASS  g <= cy + 1e-9
  PASS  g >= prev - 1e-9
  PASS  std::isfinite(g) && g > 0.0
  PASS  g <= cy + 1e-9
  PASS  g >= prev - 1e-9
  PASS  std::isfinite(g) && g > 0.0
  PASS  g <= cy + 1e-9
  PASS  g >= prev - 1e-9
  PASS  std::isfinite(g) && g > 0.0
  PASS  g <= cy + 1e-9
  PASS  g >= prev - 1e-9
  PASS  std::isfinite(g) && g > 0.0
  PASS  g <= cy + 1e-9
  PASS  g >= prev - 1e-9
  PASS  std::isfinite(g) && g > 0.0
  PASS  g <= cy + 1e-9
  PASS  g >= prev - 1e-9
  PASS  std::isfinite(g) && g > 0.0
  PASS  g <= cy + 1e-9
  PASS  g >= prev - 1e-9
  PASS  std::isfinite(g) && g > 0.0
  PASS  g <= cy + 1e-9
  PASS  g >= prev - 1e-9
  PASS  std::isfinite(g) && g > 0.0
  PASS  g <= cy + 1e-9
  PASS  g >= prev - 1e-9
  PASS  std::isfinite(g) && g > 0.0
  PASS  g <= cy + 1e-9
  PASS  g >= prev - 1e-9
  PASS  std::isfinite(g) && g > 0.0
  PASS  g <= cy + 1e-9
  PASS  g >= prev - 1e-9
  PASS  std::isfinite(g) && g > 0.0
  PASS  g <= cy + 1e-9
  PASS  g >= prev - 1e-9
  PASS  std::isfinite(g) && g > 0.0
  PASS  g <= cy + 1e-9
  PASS  g >= prev - 1e-9
  PASS  std::isfinite(g) && g > 0.0
  PASS  g <= cy + 1e-9
  PASS  g >= prev - 1e-9
  PASS  std::isfinite(g) && g > 0.0
  PASS  g <= cy + 1e-9
  PASS  g >= prev - 1e-9
  PASS  std::isfinite(g) && g > 0.0
  PASS  g <= cy + 1e-9
  PASS  g >= prev - 1e-9
  PASS  std::isfinite(g) && g > 0.0
  PASS  g <= cy + 1e-9
  PASS  g >= prev - 1e-9
  PASS  std::isfinite(g) && g > 0.0
  PASS  g <= cy + 1e-9
  PASS  g >= prev - 1e-9
  PASS  std::isfinite(g) && g > 0.0
  PASS  g <= cy + 1e-9
  PASS  g >= prev - 1e-9
  PASS  std::isfinite(g) && g > 0.0
  PASS  g <= cy + 1e-9
  PASS  g >= prev - 1e-9
  PASS  std::isfinite(g) && g > 0.0
  PASS  g <= cy + 1e-9
  PASS  g >= prev - 1e-9
  PASS  std::isfinite(g) && g > 0.0
  PASS  g <= cy + 1e-9
  PASS  g >= prev - 1e-9
  PASS  std::isfinite(g) && g > 0.0
  PASS  g <= cy + 1e-9
  PASS  g >= prev - 1e-9
  PASS  std::isfinite(g) && g > 0.0
  PASS  g <= cy + 1e-9
  PASS  g >= prev - 1e-9
  PASS  std::isfinite(g) && g > 0.0
  PASS  g <= cy + 1e-9
  PASS  g >= prev - 1e-9
  PASS  std::isfinite(g) && g > 0.0
  PASS  g <= cy + 1e-9
  PASS  g >= prev - 1e-9
  PASS  std::isfinite(g) && g > 0.0
  PASS  g <= cy + 1e-9
  PASS  g >= prev - 1e-9
  PASS  std::isfinite(g) && g > 0.0
  PASS  g <= cy + 1e-9
  PASS  g >= prev - 1e-9
  PASS  std::isfinite(g) && g > 0.0
  PASS  g <= cy + 1e-9
  PASS  g >= prev - 1e-9
  PASS  std::isfinite(g) && g > 0.0
  PASS  g <= cy + 1e-9
  PASS  g >= prev - 1e-9
  PASS  std::isfinite(g) && g > 0.0
  PASS  g <= cy + 1e-9
  PASS  g >= prev - 1e-9
  PASS  std::isfinite(g) && g > 0.0
  PASS  g <= cy + 1e-9
  PASS  g >= prev - 1e-9
  PASS  std::isfinite(g) && g > 0.0
  PASS  g <= cy + 1e-9
  PASS  g >= prev - 1e-9
  PASS  std::isfinite(g) && g > 0.0
  PASS  g <= cy + 1e-9
  PASS  g >= prev - 1e-9
  PASS  std::isfinite(g) && g > 0.0
  PASS  g <= cy + 1e-9
  PASS  g >= prev - 1e-9
  PASS  std::isfinite(g) && g > 0.0
  PASS  g <= cy + 1e-9
  PASS  g >= prev - 1e-9
  PASS  std::isfinite(g) && g > 0.0
  PASS  g <= cy + 1e-9
  PASS  g >= prev - 1e-9
  PASS  std::isfinite(g) && g > 0.0
  PASS  g <= cy + 1e-9
  PASS  g >= prev - 1e-9
  PASS  std::isfinite(g) && g > 0.0
  PASS  g <= cy + 1e-9
  PASS  g >= prev - 1e-9
  PASS  std::isfinite(g) && g > 0.0
  PASS  g <= cy + 1e-9
  PASS  g >= prev - 1e-9
  PASS  std::isfinite(g) && g > 0.0
  PASS  g <= cy + 1e-9
  PASS  g >= prev - 1e-9
  PASS  std::isfinite(g) && g > 0.0
  PASS  g <= cy + 1e-9
  PASS  g >= prev - 1e-9
  PASS  std::isfinite(g) && g > 0.0
  PASS  g <= cy + 1e-9
  PASS  g >= prev - 1e-9
  PASS  std::isfinite(g) && g > 0.0
  PASS  g <= cy + 1e-9
  PASS  g >= prev - 1e-9
  PASS  std::isfinite(g) && g > 0.0
  PASS  g <= cy + 1e-9
  PASS  g >= prev - 1e-9
  PASS  std::isfinite(g) && g > 0.0
  PASS  g <= cy + 1e-9
  PASS  g >= prev - 1e-9
  PASS  std::isfinite(g) && g > 0.0
  PASS  g <= cy + 1e-9
  PASS  g >= prev - 1e-9
  PASS  std::isfinite(g) && g > 0.0
  PASS  g <= cy + 1e-9
  PASS  g >= prev - 1e-9
  PASS  std::isfinite(g) && g > 0.0
  PASS  g <= cy + 1e-9
  PASS  g >= prev - 1e-9
  PASS  std::isfinite(g) && g > 0.0
  PASS  g <= cy + 1e-9
  PASS  g >= prev - 1e-9
  PASS  std::isfinite(g) && g > 0.0
  PASS  g <= cy + 1e-9
  PASS  g >= prev - 1e-9
  PASS  std::isfinite(g) && g > 0.0
  PASS  g <= cy + 1e-9
  PASS  g >= prev - 1e-9
  PASS  std::isfinite(g) && g > 0.0
  PASS  g <= cy + 1e-9
  PASS  g >= prev - 1e-9
  PASS  std::isfinite(g) && g > 0.0
  PASS  g <= cy + 1e-9
  PASS  g >= prev - 1e-9
  PASS  std::isfinite(g) && g > 0.0
  PASS  g <= cy + 1e-9
  PASS  g >= prev - 1e-9
  PASS  std::isfinite(g) && g > 0.0
  PASS  g <= cy + 1e-9
  PASS  g >= prev - 1e-9
  PASS  std::isfinite(g) && g > 0.0
  PASS  g <= cy + 1e-9
  PASS  g >= prev - 1e-9
  PASS  std::isfinite(g) && g > 0.0
  PASS  g <= cy + 1e-9
  PASS  g >= prev - 1e-9
  PASS  std::isfinite(g) && g > 0.0
  PASS  g <= cy + 1e-9
  PASS  g >= prev - 1e-9
  PASS  std::isfinite(g) && g > 0.0
  PASS  g <= cy + 1e-9
  PASS  g >= prev - 1e-9
  PASS  std::isfinite(g) && g > 0.0
  PASS  g <= cy + 1e-9
  PASS  g >= prev - 1e-9
  PASS  std::isfinite(g) && g > 0.0
  PASS  g <= cy + 1e-9
  PASS  g >= prev - 1e-9
  PASS  std::isfinite(g) && g > 0.0
  PASS  g <= cy + 1e-9
  PASS  g >= prev - 1e-9
  PASS  std::isfinite(g) && g > 0.0
  PASS  g <= cy + 1e-9
  PASS  g >= prev - 1e-9
  PASS  std::isfinite(g) && g > 0.0
  PASS  g <= cy + 1e-9
  PASS  g >= prev - 1e-9
  PASS  std::isfinite(g) && g > 0.0
  PASS  g <= cy + 1e-9
  PASS  g >= prev - 1e-9

[P105 — classic: scale/limit/decay_rate/output_offset foreign-param independence]
  PASS  std::isfinite(g) && g > 0.0
  PASS  cv(x, alt) ≈ c0(x, base)  (1 ≈ 1)
  PASS  g >= prev - 1e-9
  PASS  std::isfinite(g) && g > 0.0
  PASS  cv(x, alt) ≈ c0(x, base)  (1.00001 ≈ 1.00001)
  PASS  g >= prev - 1e-9
  PASS  std::isfinite(g) && g > 0.0
  PASS  cv(x, alt) ≈ c0(x, base)  (1.005 ≈ 1.005)
  PASS  g >= prev - 1e-9
  PASS  std::isfinite(g) && g > 0.0
  PASS  cv(x, alt) ≈ c0(x, base)  (1.025 ≈ 1.025)
  PASS  g >= prev - 1e-9
  PASS  std::isfinite(g) && g > 0.0
  PASS  cv(x, alt) ≈ c0(x, base)  (1.375 ≈ 1.375)
  PASS  g >= prev - 1e-9
  PASS  std::isfinite(g) && g > 0.0
  PASS  cv(x, alt) ≈ c0(x, base)  (1.49875 ≈ 1.49875)
  PASS  g >= prev - 1e-9
  PASS  std::isfinite(g) && g > 0.0
  PASS  cv(x, alt) ≈ c0(x, base)  (1.49999 ≈ 1.49999)
  PASS  g >= prev - 1e-9
  PASS  std::isfinite(g) && g > 0.0
  PASS  cv(x, alt) ≈ c0(x, base)  (1 ≈ 1)
  PASS  g >= prev - 1e-9
  PASS  std::isfinite(g) && g > 0.0
  PASS  cv(x, alt) ≈ c0(x, base)  (1.00001 ≈ 1.00001)
  PASS  g >= prev - 1e-9
  PASS  std::isfinite(g) && g > 0.0
  PASS  cv(x, alt) ≈ c0(x, base)  (1.005 ≈ 1.005)
  PASS  g >= prev - 1e-9
  PASS  std::isfinite(g) && g > 0.0
  PASS  cv(x, alt) ≈ c0(x, base)  (1.025 ≈ 1.025)
  PASS  g >= prev - 1e-9
  PASS  std::isfinite(g) && g > 0.0
  PASS  cv(x, alt) ≈ c0(x, base)  (1.375 ≈ 1.375)
  PASS  g >= prev - 1e-9
  PASS  std::isfinite(g) && g > 0.0
  PASS  cv(x, alt) ≈ c0(x, base)  (1.49875 ≈ 1.49875)
  PASS  g >= prev - 1e-9
  PASS  std::isfinite(g) && g > 0.0
  PASS  cv(x, alt) ≈ c0(x, base)  (1.49999 ≈ 1.49999)
  PASS  g >= prev - 1e-9
  PASS  std::isfinite(g) && g > 0.0
  PASS  cv(x, alt) ≈ c0(x, base)  (1 ≈ 1)
  PASS  g >= prev - 1e-9
  PASS  std::isfinite(g) && g > 0.0
  PASS  cv(x, alt) ≈ c0(x, base)  (1.00001 ≈ 1.00001)
  PASS  g >= prev - 1e-9
  PASS  std::isfinite(g) && g > 0.0
  PASS  cv(x, alt) ≈ c0(x, base)  (1.005 ≈ 1.005)
  PASS  g >= prev - 1e-9
  PASS  std::isfinite(g) && g > 0.0
  PASS  cv(x, alt) ≈ c0(x, base)  (1.025 ≈ 1.025)
  PASS  g >= prev - 1e-9
  PASS  std::isfinite(g) && g > 0.0
  PASS  cv(x, alt) ≈ c0(x, base)  (1.375 ≈ 1.375)
  PASS  g >= prev - 1e-9
  PASS  std::isfinite(g) && g > 0.0
  PASS  cv(x, alt) ≈ c0(x, base)  (1.49875 ≈ 1.49875)
  PASS  g >= prev - 1e-9
  PASS  std::isfinite(g) && g > 0.0
  PASS  cv(x, alt) ≈ c0(x, base)  (1.49999 ≈ 1.49999)
  PASS  g >= prev - 1e-9
  PASS  std::isfinite(g) && g > 0.0
  PASS  cv(x, alt) ≈ c0(x, base)  (1 ≈ 1)
  PASS  g >= prev - 1e-9
  PASS  std::isfinite(g) && g > 0.0
  PASS  cv(x, alt) ≈ c0(x, base)  (1.00001 ≈ 1.00001)
  PASS  g >= prev - 1e-9
  PASS  std::isfinite(g) && g > 0.0
  PASS  cv(x, alt) ≈ c0(x, base)  (1.005 ≈ 1.005)
  PASS  g >= prev - 1e-9
  PASS  std::isfinite(g) && g > 0.0
  PASS  cv(x, alt) ≈ c0(x, base)  (1.025 ≈ 1.025)
  PASS  g >= prev - 1e-9
  PASS  std::isfinite(g) && g > 0.0
  PASS  cv(x, alt) ≈ c0(x, base)  (1.375 ≈ 1.375)
  PASS  g >= prev - 1e-9
  PASS  std::isfinite(g) && g > 0.0
  PASS  cv(x, alt) ≈ c0(x, base)  (1.49875 ≈ 1.49875)
  PASS  g >= prev - 1e-9
  PASS  std::isfinite(g) && g > 0.0
  PASS  cv(x, alt) ≈ c0(x, base)  (1.49999 ≈ 1.49999)
  PASS  g >= prev - 1e-9
  PASS  std::isfinite(g) && g > 0.0
  PASS  cv(x, alt) ≈ c0(x, base)  (1 ≈ 1)
  PASS  g >= prev - 1e-9
  PASS  std::isfinite(g) && g > 0.0
  PASS  cv(x, alt) ≈ c0(x, base)  (1.00001 ≈ 1.00001)
  PASS  g >= prev - 1e-9
  PASS  std::isfinite(g) && g > 0.0
  PASS  cv(x, alt) ≈ c0(x, base)  (1.005 ≈ 1.005)
  PASS  g >= prev - 1e-9
  PASS  std::isfinite(g) && g > 0.0
  PASS  cv(x, alt) ≈ c0(x, base)  (1.025 ≈ 1.025)
  PASS  g >= prev - 1e-9
  PASS  std::isfinite(g) && g > 0.0
  PASS  cv(x, alt) ≈ c0(x, base)  (1.375 ≈ 1.375)
  PASS  g >= prev - 1e-9
  PASS  std::isfinite(g) && g > 0.0
  PASS  cv(x, alt) ≈ c0(x, base)  (1.49875 ≈ 1.49875)
  PASS  g >= prev - 1e-9
  PASS  std::isfinite(g) && g > 0.0
  PASS  cv(x, alt) ≈ c0(x, base)  (1.49999 ≈ 1.49999)
  PASS  g >= prev - 1e-9
  PASS  std::isfinite(g) && g > 0.0
  PASS  cv(x, alt) ≈ c0(x, base)  (1 ≈ 1)
  PASS  g >= prev - 1e-9
  PASS  std::isfinite(g) && g > 0.0
  PASS  cv(x, alt) ≈ c0(x, base)  (1.00001 ≈ 1.00001)
  PASS  g >= prev - 1e-9
  PASS  std::isfinite(g) && g > 0.0
  PASS  cv(x, alt) ≈ c0(x, base)  (1.005 ≈ 1.005)
  PASS  g >= prev - 1e-9
  PASS  std::isfinite(g) && g > 0.0
  PASS  cv(x, alt) ≈ c0(x, base)  (1.025 ≈ 1.025)
  PASS  g >= prev - 1e-9
  PASS  std::isfinite(g) && g > 0.0
  PASS  cv(x, alt) ≈ c0(x, base)  (1.375 ≈ 1.375)
  PASS  g >= prev - 1e-9
  PASS  std::isfinite(g) && g > 0.0
  PASS  cv(x, alt) ≈ c0(x, base)  (1.49875 ≈ 1.49875)
  PASS  g >= prev - 1e-9
  PASS  std::isfinite(g) && g > 0.0
  PASS  cv(x, alt) ≈ c0(x, base)  (1.49999 ≈ 1.49999)
  PASS  g >= prev - 1e-9
  PASS  std::isfinite(g) && g > 0.0
  PASS  cv(x, alt) ≈ c0(x, base)  (1 ≈ 1)
  PASS  g >= prev - 1e-9
  PASS  std::isfinite(g) && g > 0.0
  PASS  cv(x, alt) ≈ c0(x, base)  (1.00001 ≈ 1.00001)
  PASS  g >= prev - 1e-9
  PASS  std::isfinite(g) && g > 0.0
  PASS  cv(x, alt) ≈ c0(x, base)  (1.005 ≈ 1.005)
  PASS  g >= prev - 1e-9
  PASS  std::isfinite(g) && g > 0.0
  PASS  cv(x, alt) ≈ c0(x, base)  (1.025 ≈ 1.025)
  PASS  g >= prev - 1e-9
  PASS  std::isfinite(g) && g > 0.0
  PASS  cv(x, alt) ≈ c0(x, base)  (1.375 ≈ 1.375)
  PASS  g >= prev - 1e-9
  PASS  std::isfinite(g) && g > 0.0
  PASS  cv(x, alt) ≈ c0(x, base)  (1.49875 ≈ 1.49875)
  PASS  g >= prev - 1e-9
  PASS  std::isfinite(g) && g > 0.0
  PASS  cv(x, alt) ≈ c0(x, base)  (1.49999 ≈ 1.49999)
  PASS  g >= prev - 1e-9
  PASS  std::isfinite(g) && g > 0.0
  PASS  cv(x, alt) ≈ c0(x, base)  (1 ≈ 1)
  PASS  g >= prev - 1e-9
  PASS  std::isfinite(g) && g > 0.0
  PASS  cv(x, alt) ≈ c0(x, base)  (1.00001 ≈ 1.00001)
  PASS  g >= prev - 1e-9
  PASS  std::isfinite(g) && g > 0.0
  PASS  cv(x, alt) ≈ c0(x, base)  (1.005 ≈ 1.005)
  PASS  g >= prev - 1e-9
  PASS  std::isfinite(g) && g > 0.0
  PASS  cv(x, alt) ≈ c0(x, base)  (1.025 ≈ 1.025)
  PASS  g >= prev - 1e-9
  PASS  std::isfinite(g) && g > 0.0
  PASS  cv(x, alt) ≈ c0(x, base)  (1.375 ≈ 1.375)
  PASS  g >= prev - 1e-9
  PASS  std::isfinite(g) && g > 0.0
  PASS  cv(x, alt) ≈ c0(x, base)  (1.49875 ≈ 1.49875)
  PASS  g >= prev - 1e-9
  PASS  std::isfinite(g) && g > 0.0
  PASS  cv(x, alt) ≈ c0(x, base)  (1.49999 ≈ 1.49999)
  PASS  g >= prev - 1e-9
  PASS  std::isfinite(g) && g > 0.0
  PASS  cv(x, alt) ≈ c0(x, base)  (1 ≈ 1)
  PASS  g >= prev - 1e-9
  PASS  std::isfinite(g) && g > 0.0
  PASS  cv(x, alt) ≈ c0(x, base)  (1.00001 ≈ 1.00001)
  PASS  g >= prev - 1e-9
  PASS  std::isfinite(g) && g > 0.0
  PASS  cv(x, alt) ≈ c0(x, base)  (1.005 ≈ 1.005)
  PASS  g >= prev - 1e-9
  PASS  std::isfinite(g) && g > 0.0
  PASS  cv(x, alt) ≈ c0(x, base)  (1.025 ≈ 1.025)
  PASS  g >= prev - 1e-9
  PASS  std::isfinite(g) && g > 0.0
  PASS  cv(x, alt) ≈ c0(x, base)  (1.375 ≈ 1.375)
  PASS  g >= prev - 1e-9
  PASS  std::isfinite(g) && g > 0.0
  PASS  cv(x, alt) ≈ c0(x, base)  (1.49875 ≈ 1.49875)
  PASS  g >= prev - 1e-9
  PASS  std::isfinite(g) && g > 0.0
  PASS  cv(x, alt) ≈ c0(x, base)  (1.49999 ≈ 1.49999)
  PASS  g >= prev - 1e-9
  PASS  std::isfinite(g) && g > 0.0
  PASS  cv(x, alt) ≈ c0(x, base)  (1 ≈ 1)
  PASS  g >= prev - 1e-9
  PASS  std::isfinite(g) && g > 0.0
  PASS  cv(x, alt) ≈ c0(x, base)  (1.00001 ≈ 1.00001)
  PASS  g >= prev - 1e-9
  PASS  std::isfinite(g) && g > 0.0
  PASS  cv(x, alt) ≈ c0(x, base)  (1.005 ≈ 1.005)
  PASS  g >= prev - 1e-9
  PASS  std::isfinite(g) && g > 0.0
  PASS  cv(x, alt) ≈ c0(x, base)  (1.025 ≈ 1.025)
  PASS  g >= prev - 1e-9
  PASS  std::isfinite(g) && g > 0.0
  PASS  cv(x, alt) ≈ c0(x, base)  (1.375 ≈ 1.375)
  PASS  g >= prev - 1e-9
  PASS  std::isfinite(g) && g > 0.0
  PASS  cv(x, alt) ≈ c0(x, base)  (1.49875 ≈ 1.49875)
  PASS  g >= prev - 1e-9
  PASS  std::isfinite(g) && g > 0.0
  PASS  cv(x, alt) ≈ c0(x, base)  (1.49999 ≈ 1.49999)
  PASS  g >= prev - 1e-9
  PASS  std::isfinite(g) && g > 0.0
  PASS  cv(x, alt) ≈ c0(x, base)  (1 ≈ 1)
  PASS  g >= prev - 1e-9
  PASS  std::isfinite(g) && g > 0.0
  PASS  cv(x, alt) ≈ c0(x, base)  (1.00001 ≈ 1.00001)
  PASS  g >= prev - 1e-9
  PASS  std::isfinite(g) && g > 0.0
  PASS  cv(x, alt) ≈ c0(x, base)  (1.005 ≈ 1.005)
  PASS  g >= prev - 1e-9
  PASS  std::isfinite(g) && g > 0.0
  PASS  cv(x, alt) ≈ c0(x, base)  (1.025 ≈ 1.025)
  PASS  g >= prev - 1e-9
  PASS  std::isfinite(g) && g > 0.0
  PASS  cv(x, alt) ≈ c0(x, base)  (1.375 ≈ 1.375)
  PASS  g >= prev - 1e-9
  PASS  std::isfinite(g) && g > 0.0
  PASS  cv(x, alt) ≈ c0(x, base)  (1.49875 ≈ 1.49875)
  PASS  g >= prev - 1e-9
  PASS  std::isfinite(g) && g > 0.0
  PASS  cv(x, alt) ≈ c0(x, base)  (1.49999 ≈ 1.49999)
  PASS  g >= prev - 1e-9
  PASS  std::isfinite(g) && g > 0.0
  PASS  cv(x, alt) ≈ c0(x, base)  (1 ≈ 1)
  PASS  g >= prev - 1e-9
  PASS  std::isfinite(g) && g > 0.0
  PASS  cv(x, alt) ≈ c0(x, base)  (1.00001 ≈ 1.00001)
  PASS  g >= prev - 1e-9
  PASS  std::isfinite(g) && g > 0.0
  PASS  cv(x, alt) ≈ c0(x, base)  (1.005 ≈ 1.005)
  PASS  g >= prev - 1e-9
  PASS  std::isfinite(g) && g > 0.0
  PASS  cv(x, alt) ≈ c0(x, base)  (1.025 ≈ 1.025)
  PASS  g >= prev - 1e-9
  PASS  std::isfinite(g) && g > 0.0
  PASS  cv(x, alt) ≈ c0(x, base)  (1.375 ≈ 1.375)
  PASS  g >= prev - 1e-9
  PASS  std::isfinite(g) && g > 0.0
  PASS  cv(x, alt) ≈ c0(x, base)  (1.49875 ≈ 1.49875)
  PASS  g >= prev - 1e-9
  PASS  std::isfinite(g) && g > 0.0
  PASS  cv(x, alt) ≈ c0(x, base)  (1.49999 ≈ 1.49999)
  PASS  g >= prev - 1e-9
  PASS  std::isfinite(g) && g > 0.0
  PASS  cv(x, alt) ≈ c0(x, base)  (1 ≈ 1)
  PASS  g >= prev - 1e-9
  PASS  std::isfinite(g) && g > 0.0
  PASS  cv(x, alt) ≈ c0(x, base)  (1.00001 ≈ 1.00001)
  PASS  g >= prev - 1e-9
  PASS  std::isfinite(g) && g > 0.0
  PASS  cv(x, alt) ≈ c0(x, base)  (1.005 ≈ 1.005)
  PASS  g >= prev - 1e-9
  PASS  std::isfinite(g) && g > 0.0
  PASS  cv(x, alt) ≈ c0(x, base)  (1.025 ≈ 1.025)
  PASS  g >= prev - 1e-9
  PASS  std::isfinite(g) && g > 0.0
  PASS  cv(x, alt) ≈ c0(x, base)  (1.375 ≈ 1.375)
  PASS  g >= prev - 1e-9
  PASS  std::isfinite(g) && g > 0.0
  PASS  cv(x, alt) ≈ c0(x, base)  (1.49875 ≈ 1.49875)
  PASS  g >= prev - 1e-9
  PASS  std::isfinite(g) && g > 0.0
  PASS  cv(x, alt) ≈ c0(x, base)  (1.49999 ≈ 1.49999)
  PASS  g >= prev - 1e-9
  PASS  std::isfinite(g) && g > 0.0
  PASS  cv(x, alt) ≈ c0(x, base)  (1 ≈ 1)
  PASS  g >= prev - 1e-9
  PASS  std::isfinite(g) && g > 0.0
  PASS  cv(x, alt) ≈ c0(x, base)  (1.00001 ≈ 1.00001)
  PASS  g >= prev - 1e-9
  PASS  std::isfinite(g) && g > 0.0
  PASS  cv(x, alt) ≈ c0(x, base)  (1.005 ≈ 1.005)
  PASS  g >= prev - 1e-9
  PASS  std::isfinite(g) && g > 0.0
  PASS  cv(x, alt) ≈ c0(x, base)  (1.025 ≈ 1.025)
  PASS  g >= prev - 1e-9
  PASS  std::isfinite(g) && g > 0.0
  PASS  cv(x, alt) ≈ c0(x, base)  (1.375 ≈ 1.375)
  PASS  g >= prev - 1e-9
  PASS  std::isfinite(g) && g > 0.0
  PASS  cv(x, alt) ≈ c0(x, base)  (1.49875 ≈ 1.49875)
  PASS  g >= prev - 1e-9
  PASS  std::isfinite(g) && g > 0.0
  PASS  cv(x, alt) ≈ c0(x, base)  (1.49999 ≈ 1.49999)
  PASS  g >= prev - 1e-9
  PASS  std::isfinite(g) && g > 0.0
  PASS  cv(x, alt) ≈ c0(x, base)  (1 ≈ 1)
  PASS  g >= prev - 1e-9
  PASS  std::isfinite(g) && g > 0.0
  PASS  cv(x, alt) ≈ c0(x, base)  (1.00001 ≈ 1.00001)
  PASS  g >= prev - 1e-9
  PASS  std::isfinite(g) && g > 0.0
  PASS  cv(x, alt) ≈ c0(x, base)  (1.005 ≈ 1.005)
  PASS  g >= prev - 1e-9
  PASS  std::isfinite(g) && g > 0.0
  PASS  cv(x, alt) ≈ c0(x, base)  (1.025 ≈ 1.025)
  PASS  g >= prev - 1e-9
  PASS  std::isfinite(g) && g > 0.0
  PASS  cv(x, alt) ≈ c0(x, base)  (1.375 ≈ 1.375)
  PASS  g >= prev - 1e-9
  PASS  std::isfinite(g) && g > 0.0
  PASS  cv(x, alt) ≈ c0(x, base)  (1.49875 ≈ 1.49875)
  PASS  g >= prev - 1e-9
  PASS  std::isfinite(g) && g > 0.0
  PASS  cv(x, alt) ≈ c0(x, base)  (1.49999 ≈ 1.49999)
  PASS  g >= prev - 1e-9
  PASS  std::isfinite(g) && g > 0.0
  PASS  cv(x, alt) ≈ c0(x, base)  (1 ≈ 1)
  PASS  g >= prev - 1e-9
  PASS  std::isfinite(g) && g > 0.0
  PASS  cv(x, alt) ≈ c0(x, base)  (1.00001 ≈ 1.00001)
  PASS  g >= prev - 1e-9
  PASS  std::isfinite(g) && g > 0.0
  PASS  cv(x, alt) ≈ c0(x, base)  (1.005 ≈ 1.005)
  PASS  g >= prev - 1e-9
  PASS  std::isfinite(g) && g > 0.0
  PASS  cv(x, alt) ≈ c0(x, base)  (1.025 ≈ 1.025)
  PASS  g >= prev - 1e-9
  PASS  std::isfinite(g) && g > 0.0
  PASS  cv(x, alt) ≈ c0(x, base)  (1.375 ≈ 1.375)
  PASS  g >= prev - 1e-9
  PASS  std::isfinite(g) && g > 0.0
  PASS  cv(x, alt) ≈ c0(x, base)  (1.49875 ≈ 1.49875)
  PASS  g >= prev - 1e-9
  PASS  std::isfinite(g) && g > 0.0
  PASS  cv(x, alt) ≈ c0(x, base)  (1.49999 ≈ 1.49999)
  PASS  g >= prev - 1e-9

[P105 — natural: limit × decay_rate × input_offset × gain (speed 1e-3..1e6)]
  PASS  std::isfinite(g) && g >= 0.0
  PASS  g ≈ 1.0  (1 ≈ 1)
  PASS  std::isfinite(g) && g >= 0.0
  PASS  g ≈ 1.0  (1 ≈ 1)
  PASS  g <= prev + 1e-9
  PASS  std::isfinite(g) && g >= 0.0
  PASS  g ≈ 1.0  (1 ≈ 1)
  PASS  g <= prev + 1e-9
  PASS  std::isfinite(g) && g >= 0.0
  PASS  g ≈ 1.0  (1 ≈ 1)
  PASS  g <= prev + 1e-9
  PASS  std::isfinite(g) && g >= 0.0
  PASS  g ≈ 1.0  (1 ≈ 1)
  PASS  g <= prev + 1e-9
  PASS  std::isfinite(g) && g >= 0.0
  PASS  g ≈ 1.0  (1 ≈ 1)
  PASS  g <= prev + 1e-9
  PASS  std::isfinite(g) && g >= 0.0
  PASS  g ≈ 1.0  (1 ≈ 1)
  PASS  g <= prev + 1e-9
  PASS  std::isfinite(g) && g >= 0.0
  PASS  g ≈ 1.0  (1 ≈ 1)
  PASS  g <= prev + 1e-9
  PASS  std::isfinite(asympt)
  PASS  std::isfinite(g) && g >= 0.0
  PASS  g ≈ 1.0  (1 ≈ 1)
  PASS  std::isfinite(g) && g >= 0.0
  PASS  g ≈ 1.0  (1 ≈ 1)
  PASS  g <= prev + 1e-9
  PASS  std::isfinite(g) && g >= 0.0
  PASS  g ≈ 1.0  (1 ≈ 1)
  PASS  g <= prev + 1e-9
  PASS  std::isfinite(g) && g >= 0.0
  PASS  g ≈ 1.0  (1 ≈ 1)
  PASS  g <= prev + 1e-9
  PASS  std::isfinite(g) && g >= 0.0
  PASS  g ≈ 1.0  (1 ≈ 1)
  PASS  g <= prev + 1e-9
  PASS  std::isfinite(g) && g >= 0.0
  PASS  g ≈ 1.0  (1 ≈ 1)
  PASS  g <= prev + 1e-9
  PASS  std::isfinite(g) && g >= 0.0
  PASS  g ≈ 1.0  (1 ≈ 1)
  PASS  g <= prev + 1e-9
  PASS  std::isfinite(g) && g >= 0.0
  PASS  g ≈ 1.0  (1 ≈ 1)
  PASS  g <= prev + 1e-9
  PASS  std::isfinite(asympt)
  PASS  std::isfinite(g) && g >= 0.0
  PASS  g ≈ 1.0  (1 ≈ 1)
  PASS  std::isfinite(g) && g >= 0.0
  PASS  g ≈ 1.0  (1 ≈ 1)
  PASS  g <= prev + 1e-9
  PASS  std::isfinite(g) && g >= 0.0
  PASS  g ≈ 1.0  (1 ≈ 1)
  PASS  g <= prev + 1e-9
  PASS  std::isfinite(g) && g >= 0.0
  PASS  g ≈ 1.0  (1 ≈ 1)
  PASS  g <= prev + 1e-9
  PASS  std::isfinite(g) && g >= 0.0
  PASS  g ≈ 1.0  (1 ≈ 1)
  PASS  g <= prev + 1e-9
  PASS  std::isfinite(g) && g >= 0.0
  PASS  g ≈ 1.0  (1 ≈ 1)
  PASS  g <= prev + 1e-9
  PASS  std::isfinite(g) && g >= 0.0
  PASS  g ≈ 1.0  (1 ≈ 1)
  PASS  g <= prev + 1e-9
  PASS  std::isfinite(g) && g >= 0.0
  PASS  g ≈ 1.0  (1 ≈ 1)
  PASS  g <= prev + 1e-9
  PASS  std::isfinite(asympt)
  PASS  std::isfinite(g) && g >= 0.0
  PASS  g ≈ 1.0  (1 ≈ 1)
  PASS  std::isfinite(g) && g >= 0.0
  PASS  g ≈ 1.0  (1 ≈ 1)
  PASS  g <= prev + 1e-9
  PASS  std::isfinite(g) && g >= 0.0
  PASS  g ≈ 1.0  (1 ≈ 1)
  PASS  g <= prev + 1e-9
  PASS  std::isfinite(g) && g >= 0.0
  PASS  g ≈ 1.0  (1 ≈ 1)
  PASS  g <= prev + 1e-9
  PASS  std::isfinite(g) && g >= 0.0
  PASS  g ≈ 1.0  (1 ≈ 1)
  PASS  g <= prev + 1e-9
  PASS  std::isfinite(g) && g >= 0.0
  PASS  g ≈ 1.0  (1 ≈ 1)
  PASS  g <= prev + 1e-9
  PASS  std::isfinite(g) && g >= 0.0
  PASS  g ≈ 1.0  (1 ≈ 1)
  PASS  g <= prev + 1e-9
  PASS  std::isfinite(g) && g >= 0.0
  PASS  g ≈ 1.0  (1 ≈ 1)
  PASS  g <= prev + 1e-9
  PASS  std::isfinite(asympt)
  PASS  std::isfinite(g) && g >= 0.0
  PASS  std::isfinite(g) && g >= 0.0
  PASS  g <= prev + 1e-9
  PASS  std::isfinite(g) && g >= 0.0
  PASS  g <= prev + 1e-9
  PASS  std::isfinite(g) && g >= 0.0
  PASS  g <= prev + 1e-9
  PASS  std::isfinite(g) && g >= 0.0
  PASS  g <= prev + 1e-9
  PASS  std::isfinite(g) && g >= 0.0
  PASS  g <= prev + 1e-9
  PASS  std::isfinite(g) && g >= 0.0
  PASS  g <= prev + 1e-9
  PASS  std::isfinite(g) && g >= 0.0
  PASS  g <= prev + 1e-9
  PASS  std::isfinite(asympt)
  PASS  std::isfinite(a8)
  PASS  a8 ≈ lim  (0 ≈ 0)
  PASS  std::isfinite(g) && g >= 0.0
  PASS  std::isfinite(g) && g >= 0.0
  PASS  g <= prev + 1e-9
  PASS  std::isfinite(g) && g >= 0.0
  PASS  g <= prev + 1e-9
  PASS  std::isfinite(g) && g >= 0.0
  PASS  g <= prev + 1e-9
  PASS  std::isfinite(g) && g >= 0.0
  PASS  g <= prev + 1e-9
  PASS  std::isfinite(g) && g >= 0.0
  PASS  g <= prev + 1e-9
  PASS  std::isfinite(g) && g >= 0.0
  PASS  g <= prev + 1e-9
  PASS  std::isfinite(g) && g >= 0.0
  PASS  g <= prev + 1e-9
  PASS  std::isfinite(asympt)
  PASS  std::isfinite(a8)
  PASS  a8 ≈ lim  (0.0001 ≈ 0)
  PASS  std::isfinite(g) && g >= 0.0
  PASS  std::isfinite(g) && g >= 0.0
  PASS  g <= prev + 1e-9
  PASS  std::isfinite(g) && g >= 0.0
  PASS  g <= prev + 1e-9
  PASS  std::isfinite(g) && g >= 0.0
  PASS  g <= prev + 1e-9
  PASS  std::isfinite(g) && g >= 0.0
  PASS  g <= prev + 1e-9
  PASS  std::isfinite(g) && g >= 0.0
  PASS  g <= prev + 1e-9
  PASS  std::isfinite(g) && g >= 0.0
  PASS  g <= prev + 1e-9
  PASS  std::isfinite(g) && g >= 0.0
  PASS  g <= prev + 1e-9
  PASS  std::isfinite(asympt)
  PASS  std::isfinite(a8)
  PASS  a8 ≈ lim  (1e-05 ≈ 0)
  PASS  std::isfinite(g) && g >= 0.0
  PASS  std::isfinite(g) && g >= 0.0
  PASS  g <= prev + 1e-9
  PASS  std::isfinite(g) && g >= 0.0
  PASS  g <= prev + 1e-9
  PASS  std::isfinite(g) && g >= 0.0
  PASS  g <= prev + 1e-9
  PASS  std::isfinite(g) && g >= 0.0
  PASS  g <= prev + 1e-9
  PASS  std::isfinite(g) && g >= 0.0
  PASS  g <= prev + 1e-9
  PASS  std::isfinite(g) && g >= 0.0
  PASS  g <= prev + 1e-9
  PASS  std::isfinite(g) && g >= 0.0
  PASS  g <= prev + 1e-9
  PASS  std::isfinite(asympt)
  PASS  std::isfinite(a8)
  PASS  a8 ≈ lim  (0.00011 ≈ 0)
  PASS  std::isfinite(g) && g >= 0.0
  PASS  std::isfinite(g) && g >= 0.0
  PASS  g <= prev + 1e-9
  PASS  std::isfinite(g) && g >= 0.0
  PASS  g <= prev + 1e-9
  PASS  std::isfinite(g) && g >= 0.0
  PASS  g <= prev + 1e-9
  PASS  std::isfinite(g) && g >= 0.0
  PASS  g <= prev + 1e-9
  PASS  std::isfinite(g) && g >= 0.0
  PASS  g <= prev + 1e-9
  PASS  std::isfinite(g) && g >= 0.0
  PASS  g <= prev + 1e-9
  PASS  std::isfinite(g) && g >= 0.0
  PASS  g <= prev + 1e-9
  PASS  std::isfinite(asympt)
  PASS  std::isfinite(a8)
  PASS  a8 ≈ lim  (0 ≈ 0)
  PASS  std::isfinite(g) && g >= 0.0
  PASS  std::isfinite(g) && g >= 0.0
  PASS  g <= prev + 1e-9
  PASS  std::isfinite(g) && g >= 0.0
  PASS  g <= prev + 1e-9
  PASS  std::isfinite(g) && g >= 0.0
  PASS  g <= prev + 1e-9
  PASS  std::isfinite(g) && g >= 0.0
  PASS  g <= prev + 1e-9
  PASS  std::isfinite(g) && g >= 0.0
  PASS  g <= prev + 1e-9
  PASS  std::isfinite(g) && g >= 0.0
  PASS  g <= prev + 1e-9
  PASS  std::isfinite(g) && g >= 0.0
  PASS  g <= prev + 1e-9
  PASS  std::isfinite(asympt)
  PASS  std::isfinite(a8)
  PASS  a8 ≈ lim  (1e-07 ≈ 0)
  PASS  std::isfinite(g) && g >= 0.0
  PASS  std::isfinite(g) && g >= 0.0
  PASS  g <= prev + 1e-9
  PASS  std::isfinite(g) && g >= 0.0
  PASS  g <= prev + 1e-9
  PASS  std::isfinite(g) && g >= 0.0
  PASS  g <= prev + 1e-9
  PASS  std::isfinite(g) && g >= 0.0
  PASS  g <= prev + 1e-9
  PASS  std::isfinite(g) && g >= 0.0
  PASS  g <= prev + 1e-9
  PASS  std::isfinite(g) && g >= 0.0
  PASS  g <= prev + 1e-9
  PASS  std::isfinite(g) && g >= 0.0
  PASS  g <= prev + 1e-9
  PASS  std::isfinite(asympt)
  PASS  std::isfinite(a8)
  PASS  a8 ≈ lim  (1e-05 ≈ 0)
  PASS  std::isfinite(g) && g >= 0.0
  PASS  std::isfinite(g) && g >= 0.0
  PASS  g <= prev + 1e-9
  PASS  std::isfinite(g) && g >= 0.0
  PASS  g <= prev + 1e-9
  PASS  std::isfinite(g) && g >= 0.0
  PASS  g <= prev + 1e-9
  PASS  std::isfinite(g) && g >= 0.0
  PASS  g <= prev + 1e-9
  PASS  std::isfinite(g) && g >= 0.0
  PASS  g <= prev + 1e-9
  PASS  std::isfinite(g) && g >= 0.0
  PASS  g <= prev + 1e-9
  PASS  std::isfinite(g) && g >= 0.0
  PASS  g <= prev + 1e-9
  PASS  std::isfinite(asympt)
  PASS  std::isfinite(a8)
  PASS  a8 ≈ lim  (1.01e-05 ≈ 0)
  PASS  std::isfinite(g) && g >= 0.0
  PASS  std::isfinite(g) && g >= 0.0
  PASS  g <= prev + 1e-9
  PASS  std::isfinite(g) && g >= 0.0
  PASS  g <= prev + 1e-9
  PASS  std::isfinite(g) && g >= 0.0
  PASS  g <= prev + 1e-9
  PASS  std::isfinite(g) && g >= 0.0
  PASS  g <= prev + 1e-9
  PASS  std::isfinite(g) && g >= 0.0
  PASS  g <= prev + 1e-9
  PASS  std::isfinite(g) && g >= 0.0
  PASS  g <= prev + 1e-9
  PASS  std::isfinite(g) && g >= 0.0
  PASS  g <= prev + 1e-9
  PASS  std::isfinite(asympt)
  PASS  std::isfinite(a8)
  PASS  a8 ≈ lim  (0 ≈ 0)
  PASS  std::isfinite(g) && g >= 0.0
  PASS  std::isfinite(g) && g >= 0.0
  PASS  g <= prev + 1e-9
  PASS  std::isfinite(g) && g >= 0.0
  PASS  g <= prev + 1e-9
  PASS  std::isfinite(g) && g >= 0.0
  PASS  g <= prev + 1e-9
  PASS  std::isfinite(g) && g >= 0.0
  PASS  g <= prev + 1e-9
  PASS  std::isfinite(g) && g >= 0.0
  PASS  g <= prev + 1e-9
  PASS  std::isfinite(g) && g >= 0.0
  PASS  g <= prev + 1e-9
  PASS  std::isfinite(g) && g >= 0.0
  PASS  g <= prev + 1e-9
  PASS  std::isfinite(asympt)
  PASS  std::isfinite(a8)
  PASS  a8 ≈ lim  (2e-09 ≈ 0)
  PASS  std::isfinite(g) && g >= 0.0
  PASS  std::isfinite(g) && g >= 0.0
  PASS  g <= prev + 1e-9
  PASS  std::isfinite(g) && g >= 0.0
  PASS  g <= prev + 1e-9
  PASS  std::isfinite(g) && g >= 0.0
  PASS  g <= prev + 1e-9
  PASS  std::isfinite(g) && g >= 0.0
  PASS  g <= prev + 1e-9
  PASS  std::isfinite(g) && g >= 0.0
  PASS  g <= prev + 1e-9
  PASS  std::isfinite(g) && g >= 0.0
  PASS  g <= prev + 1e-9
  PASS  std::isfinite(g) && g >= 0.0
  PASS  g <= prev + 1e-9
  PASS  std::isfinite(asympt)
  PASS  std::isfinite(a8)
  PASS  a8 ≈ lim  (1e-05 ≈ 0)
  PASS  std::isfinite(g) && g >= 0.0
  PASS  std::isfinite(g) && g >= 0.0
  PASS  g <= prev + 1e-9
  PASS  std::isfinite(g) && g >= 0.0
  PASS  g <= prev + 1e-9
  PASS  std::isfinite(g) && g >= 0.0
  PASS  g <= prev + 1e-9
  PASS  std::isfinite(g) && g >= 0.0
  PASS  g <= prev + 1e-9
  PASS  std::isfinite(g) && g >= 0.0
  PASS  g <= prev + 1e-9
  PASS  std::isfinite(g) && g >= 0.0
  PASS  g <= prev + 1e-9
  PASS  std::isfinite(g) && g >= 0.0
  PASS  g <= prev + 1e-9
  PASS  std::isfinite(asympt)
  PASS  std::isfinite(a8)
  PASS  a8 ≈ lim  (1.0002e-05 ≈ 0)
  PASS  std::isfinite(g) && g >= 0.0
  PASS  std::isfinite(g) && g >= 0.0
  PASS  g <= prev + 1e-9
  PASS  std::isfinite(g) && g >= 0.0
  PASS  g <= prev + 1e-9
  PASS  std::isfinite(g) && g >= 0.0
  PASS  g <= prev + 1e-9
  PASS  std::isfinite(g) && g >= 0.0
  PASS  g <= prev + 1e-9
  PASS  std::isfinite(g) && g >= 0.0
  PASS  g <= prev + 1e-9
  PASS  std::isfinite(g) && g >= 0.0
  PASS  g <= prev + 1e-9
  PASS  std::isfinite(g) && g >= 0.0
  PASS  g <= prev + 1e-9
  PASS  std::isfinite(asympt)
  PASS  std::isfinite(a8)
  PASS  a8 ≈ lim  (0 ≈ 0)
  PASS  std::isfinite(g) && g >= 0.0
  PASS  std::isfinite(g) && g >= 0.0
  PASS  g <= prev + 1e-9
  PASS  std::isfinite(g) && g >= 0.0
  PASS  g <= prev + 1e-9
  PASS  std::isfinite(g) && g >= 0.0
  PASS  g <= prev + 1e-9
  PASS  std::isfinite(g) && g >= 0.0
  PASS  g <= prev + 1e-9
  PASS  std::isfinite(g) && g >= 0.0
  PASS  g <= prev + 1e-9
  PASS  std::isfinite(g) && g >= 0.0
  PASS  g <= prev + 1e-9
  PASS  std::isfinite(g) && g >= 0.0
  PASS  g <= prev + 1e-9
  PASS  std::isfinite(asympt)
  PASS  std::isfinite(a8)
  PASS  a8 ≈ lim  (1e-11 ≈ 0)
  PASS  std::isfinite(g) && g >= 0.0
  PASS  std::isfinite(g) && g >= 0.0
  PASS  g <= prev + 1e-9
  PASS  std::isfinite(g) && g >= 0.0
  PASS  g <= prev + 1e-9
  PASS  std::isfinite(g) && g >= 0.0
  PASS  g <= prev + 1e-9
  PASS  std::isfinite(g) && g >= 0.0
  PASS  g <= prev + 1e-9
  PASS  std::isfinite(g) && g >= 0.0
  PASS  g <= prev + 1e-9
  PASS  std::isfinite(g) && g >= 0.0
  PASS  g <= prev + 1e-9
  PASS  std::isfinite(g) && g >= 0.0
  PASS  g <= prev + 1e-9
  PASS  std::isfinite(asympt)
  PASS  std::isfinite(a8)
  PASS  a8 ≈ lim  (1e-05 ≈ 0)
  PASS  std::isfinite(g) && g >= 0.0
  PASS  std::isfinite(g) && g >= 0.0
  PASS  g <= prev + 1e-9
  PASS  std::isfinite(g) && g >= 0.0
  PASS  g <= prev + 1e-9
  PASS  std::isfinite(g) && g >= 0.0
  PASS  g <= prev + 1e-9
  PASS  std::isfinite(g) && g >= 0.0
  PASS  g <= prev + 1e-9
  PASS  std::isfinite(g) && g >= 0.0
  PASS  g <= prev + 1e-9
  PASS  std::isfinite(g) && g >= 0.0
  PASS  g <= prev + 1e-9
  PASS  std::isfinite(g) && g >= 0.0
  PASS  g <= prev + 1e-9
  PASS  std::isfinite(asympt)
  PASS  std::isfinite(a8)
  PASS  a8 ≈ lim  (1e-05 ≈ 0)
  PASS  std::isfinite(g) && g >= 0.0
  PASS  g ≈ 1.0  (1 ≈ 1)
  PASS  std::isfinite(g) && g >= 0.0
  PASS  g ≈ 1.0  (1 ≈ 1)
  PASS  g <= prev + 1e-9
  PASS  std::isfinite(g) && g >= 0.0
  PASS  g ≈ 1.0  (1 ≈ 1)
  PASS  g <= prev + 1e-9
  PASS  std::isfinite(g) && g >= 0.0
  PASS  g ≈ 1.0  (1 ≈ 1)
  PASS  g <= prev + 1e-9
  PASS  std::isfinite(g) && g >= 0.0
  PASS  g ≈ 1.0  (1 ≈ 1)
  PASS  g <= prev + 1e-9
  PASS  std::isfinite(g) && g >= 0.0
  PASS  g ≈ 1.0  (1 ≈ 1)
  PASS  g <= prev + 1e-9
  PASS  std::isfinite(g) && g >= 0.0
  PASS  g ≈ 1.0  (1 ≈ 1)
  PASS  g <= prev + 1e-9
  PASS  std::isfinite(g) && g >= 0.0
  PASS  g ≈ 1.0  (1 ≈ 1)
  PASS  g <= prev + 1e-9
  PASS  std::isfinite(asympt)
  PASS  std::isfinite(g) && g >= 0.0
  PASS  g ≈ 1.0  (1 ≈ 1)
  PASS  std::isfinite(g) && g >= 0.0
  PASS  g ≈ 1.0  (1 ≈ 1)
  PASS  g <= prev + 1e-9
  PASS  std::isfinite(g) && g >= 0.0
  PASS  g ≈ 1.0  (1 ≈ 1)
  PASS  g <= prev + 1e-9
  PASS  std::isfinite(g) && g >= 0.0
  PASS  g ≈ 1.0  (1 ≈ 1)
  PASS  g <= prev + 1e-9
  PASS  std::isfinite(g) && g >= 0.0
  PASS  g ≈ 1.0  (1 ≈ 1)
  PASS  g <= prev + 1e-9
  PASS  std::isfinite(g) && g >= 0.0
  PASS  g ≈ 1.0  (1 ≈ 1)
  PASS  g <= prev + 1e-9
  PASS  std::isfinite(g) && g >= 0.0
  PASS  g ≈ 1.0  (1 ≈ 1)
  PASS  g <= prev + 1e-9
  PASS  std::isfinite(g) && g >= 0.0
  PASS  g ≈ 1.0  (1 ≈ 1)
  PASS  g <= prev + 1e-9
  PASS  std::isfinite(asympt)
  PASS  std::isfinite(g) && g >= 0.0
  PASS  g ≈ 1.0  (1 ≈ 1)
  PASS  std::isfinite(g) && g >= 0.0
  PASS  g ≈ 1.0  (1 ≈ 1)
  PASS  g <= prev + 1e-9
  PASS  std::isfinite(g) && g >= 0.0
  PASS  g ≈ 1.0  (1 ≈ 1)
  PASS  g <= prev + 1e-9
  PASS  std::isfinite(g) && g >= 0.0
  PASS  g ≈ 1.0  (1 ≈ 1)
  PASS  g <= prev + 1e-9
  PASS  std::isfinite(g) && g >= 0.0
  PASS  g ≈ 1.0  (1 ≈ 1)
  PASS  g <= prev + 1e-9
  PASS  std::isfinite(g) && g >= 0.0
  PASS  g ≈ 1.0  (1 ≈ 1)
  PASS  g <= prev + 1e-9
  PASS  std::isfinite(g) && g >= 0.0
  PASS  g ≈ 1.0  (1 ≈ 1)
  PASS  g <= prev + 1e-9
  PASS  std::isfinite(g) && g >= 0.0
  PASS  g ≈ 1.0  (1 ≈ 1)
  PASS  g <= prev + 1e-9
  PASS  std::isfinite(asympt)
  PASS  std::isfinite(g) && g >= 0.0
  PASS  g ≈ 1.0  (1 ≈ 1)
  PASS  std::isfinite(g) && g >= 0.0
  PASS  g ≈ 1.0  (1 ≈ 1)
  PASS  g <= prev + 1e-9
  PASS  std::isfinite(g) && g >= 0.0
  PASS  g ≈ 1.0  (1 ≈ 1)
  PASS  g <= prev + 1e-9
  PASS  std::isfinite(g) && g >= 0.0
  PASS  g ≈ 1.0  (1 ≈ 1)
  PASS  g <= prev + 1e-9
  PASS  std::isfinite(g) && g >= 0.0
  PASS  g ≈ 1.0  (1 ≈ 1)
  PASS  g <= prev + 1e-9
  PASS  std::isfinite(g) && g >= 0.0
  PASS  g ≈ 1.0  (1 ≈ 1)
  PASS  g <= prev + 1e-9
  PASS  std::isfinite(g) && g >= 0.0
  PASS  g ≈ 1.0  (1 ≈ 1)
  PASS  g <= prev + 1e-9
  PASS  std::isfinite(g) && g >= 0.0
  PASS  g ≈ 1.0  (1 ≈ 1)
  PASS  g <= prev + 1e-9
  PASS  std::isfinite(asympt)
  PASS  std::isfinite(g) && g >= 0.0
  PASS  std::isfinite(g) && g >= 0.0
  PASS  g <= prev + 1e-9
  PASS  std::isfinite(g) && g >= 0.0
  PASS  g <= prev + 1e-9
  PASS  std::isfinite(g) && g >= 0.0
  PASS  g <= prev + 1e-9
  PASS  std::isfinite(g) && g >= 0.0
  PASS  g <= prev + 1e-9
  PASS  std::isfinite(g) && g >= 0.0
  PASS  g <= prev + 1e-9
  PASS  std::isfinite(g) && g >= 0.0
  PASS  g <= prev + 1e-9
  PASS  std::isfinite(g) && g >= 0.0
  PASS  g <= prev + 1e-9
  PASS  std::isfinite(asympt)
  PASS  std::isfinite(a8)
  PASS  a8 ≈ lim  (0.5 ≈ 0.5)
  PASS  std::isfinite(g) && g >= 0.0
  PASS  std::isfinite(g) && g >= 0.0
  PASS  g <= prev + 1e-9
  PASS  std::isfinite(g) && g >= 0.0
  PASS  g <= prev + 1e-9
  PASS  std::isfinite(g) && g >= 0.0
  PASS  g <= prev + 1e-9
  PASS  std::isfinite(g) && g >= 0.0
  PASS  g <= prev + 1e-9
  PASS  std::isfinite(g) && g >= 0.0
  PASS  g <= prev + 1e-9
  PASS  std::isfinite(g) && g >= 0.0
  PASS  g <= prev + 1e-9
  PASS  std::isfinite(g) && g >= 0.0
  PASS  g <= prev + 1e-9
  PASS  std::isfinite(asympt)
  PASS  std::isfinite(a8)
  PASS  a8 ≈ lim  (0.500025 ≈ 0.5)
  PASS  std::isfinite(g) && g >= 0.0
  PASS  std::isfinite(g) && g >= 0.0
  PASS  g <= prev + 1e-9
  PASS  std::isfinite(g) && g >= 0.0
  PASS  g <= prev + 1e-9
  PASS  std::isfinite(g) && g >= 0.0
  PASS  g <= prev + 1e-9
  PASS  std::isfinite(g) && g >= 0.0
  PASS  g <= prev + 1e-9
  PASS  std::isfinite(g) && g >= 0.0
  PASS  g <= prev + 1e-9
  PASS  std::isfinite(g) && g >= 0.0
  PASS  g <= prev + 1e-9
  PASS  std::isfinite(g) && g >= 0.0
  PASS  g <= prev + 1e-9
  PASS  std::isfinite(asympt)
  PASS  std::isfinite(a8)
  PASS  a8 ≈ lim  (0.500005 ≈ 0.5)
  PASS  std::isfinite(g) && g >= 0.0
  PASS  std::isfinite(g) && g >= 0.0
  PASS  g <= prev + 1e-9
  PASS  std::isfinite(g) && g >= 0.0
  PASS  g <= prev + 1e-9
  PASS  std::isfinite(g) && g >= 0.0
  PASS  g <= prev + 1e-9
  PASS  std::isfinite(g) && g >= 0.0
  PASS  g <= prev + 1e-9
  PASS  std::isfinite(g) && g >= 0.0
  PASS  g <= prev + 1e-9
  PASS  std::isfinite(g) && g >= 0.0
  PASS  g <= prev + 1e-9
  PASS  std::isfinite(g) && g >= 0.0
  PASS  g <= prev + 1e-9
  PASS  std::isfinite(asympt)
  PASS  std::isfinite(a8)
  PASS  a8 ≈ lim  (0.50003 ≈ 0.5)
  PASS  std::isfinite(g) && g >= 0.0
  PASS  std::isfinite(g) && g >= 0.0
  PASS  g <= prev + 1e-9
  PASS  std::isfinite(g) && g >= 0.0
  PASS  g <= prev + 1e-9
  PASS  std::isfinite(g) && g >= 0.0
  PASS  g <= prev + 1e-9
  PASS  std::isfinite(g) && g >= 0.0
  PASS  g <= prev + 1e-9
  PASS  std::isfinite(g) && g >= 0.0
  PASS  g <= prev + 1e-9
  PASS  std::isfinite(g) && g >= 0.0
  PASS  g <= prev + 1e-9
  PASS  std::isfinite(g) && g >= 0.0
  PASS  g <= prev + 1e-9
  PASS  std::isfinite(asympt)
  PASS  std::isfinite(a8)
  PASS  a8 ≈ lim  (0.5 ≈ 0.5)
  PASS  std::isfinite(g) && g >= 0.0
  PASS  std::isfinite(g) && g >= 0.0
  PASS  g <= prev + 1e-9
  PASS  std::isfinite(g) && g >= 0.0
  PASS  g <= prev + 1e-9
  PASS  std::isfinite(g) && g >= 0.0
  PASS  g <= prev + 1e-9
  PASS  std::isfinite(g) && g >= 0.0
  PASS  g <= prev + 1e-9
  PASS  std::isfinite(g) && g >= 0.0
  PASS  g <= prev + 1e-9
  PASS  std::isfinite(g) && g >= 0.0
  PASS  g <= prev + 1e-9
  PASS  std::isfinite(g) && g >= 0.0
  PASS  g <= prev + 1e-9
  PASS  std::isfinite(asympt)
  PASS  std::isfinite(a8)
  PASS  a8 ≈ lim  (0.5 ≈ 0.5)
  PASS  std::isfinite(g) && g >= 0.0
  PASS  std::isfinite(g) && g >= 0.0
  PASS  g <= prev + 1e-9
  PASS  std::isfinite(g) && g >= 0.0
  PASS  g <= prev + 1e-9
  PASS  std::isfinite(g) && g >= 0.0
  PASS  g <= prev + 1e-9
  PASS  std::isfinite(g) && g >= 0.0
  PASS  g <= prev + 1e-9
  PASS  std::isfinite(g) && g >= 0.0
  PASS  g <= prev + 1e-9
  PASS  std::isfinite(g) && g >= 0.0
  PASS  g <= prev + 1e-9
  PASS  std::isfinite(g) && g >= 0.0
  PASS  g <= prev + 1e-9
  PASS  std::isfinite(asympt)
  PASS  std::isfinite(a8)
  PASS  a8 ≈ lim  (0.500005 ≈ 0.5)
  PASS  std::isfinite(g) && g >= 0.0
  PASS  std::isfinite(g) && g >= 0.0
  PASS  g <= prev + 1e-9
  PASS  std::isfinite(g) && g >= 0.0
  PASS  g <= prev + 1e-9
  PASS  std::isfinite(g) && g >= 0.0
  PASS  g <= prev + 1e-9
  PASS  std::isfinite(g) && g >= 0.0
  PASS  g <= prev + 1e-9
  PASS  std::isfinite(g) && g >= 0.0
  PASS  g <= prev + 1e-9
  PASS  std::isfinite(g) && g >= 0.0
  PASS  g <= prev + 1e-9
  PASS  std::isfinite(g) && g >= 0.0
  PASS  g <= prev + 1e-9
  PASS  std::isfinite(asympt)
  PASS  std::isfinite(a8)
  PASS  a8 ≈ lim  (0.500005 ≈ 0.5)
  PASS  std::isfinite(g) && g >= 0.0
  PASS  std::isfinite(g) && g >= 0.0
  PASS  g <= prev + 1e-9
  PASS  std::isfinite(g) && g >= 0.0
  PASS  g <= prev + 1e-9
  PASS  std::isfinite(g) && g >= 0.0
  PASS  g <= prev + 1e-9
  PASS  std::isfinite(g) && g >= 0.0
  PASS  g <= prev + 1e-9
  PASS  std::isfinite(g) && g >= 0.0
  PASS  g <= prev + 1e-9
  PASS  std::isfinite(g) && g >= 0.0
  PASS  g <= prev + 1e-9
  PASS  std::isfinite(g) && g >= 0.0
  PASS  g <= prev + 1e-9
  PASS  std::isfinite(asympt)
  PASS  std::isfinite(a8)
  PASS  a8 ≈ lim  (0.5 ≈ 0.5)
  PASS  std::isfinite(g) && g >= 0.0
  PASS  std::isfinite(g) && g >= 0.0
  PASS  g <= prev + 1e-9
  PASS  std::isfinite(g) && g >= 0.0
  PASS  g <= prev + 1e-9
  PASS  std::isfinite(g) && g >= 0.0
  PASS  g <= prev + 1e-9
  PASS  std::isfinite(g) && g >= 0.0
  PASS  g <= prev + 1e-9
  PASS  std::isfinite(g) && g >= 0.0
  PASS  g <= prev + 1e-9
  PASS  std::isfinite(g) && g >= 0.0
  PASS  g <= prev + 1e-9
  PASS  std::isfinite(g) && g >= 0.0
  PASS  g <= prev + 1e-9
  PASS  std::isfinite(asympt)
  PASS  std::isfinite(a8)
  PASS  a8 ≈ lim  (0.5 ≈ 0.5)
  PASS  std::isfinite(g) && g >= 0.0
  PASS  std::isfinite(g) && g >= 0.0
  PASS  g <= prev + 1e-9
  PASS  std::isfinite(g) && g >= 0.0
  PASS  g <= prev + 1e-9
  PASS  std::isfinite(g) && g >= 0.0
  PASS  g <= prev + 1e-9
  PASS  std::isfinite(g) && g >= 0.0
  PASS  g <= prev + 1e-9
  PASS  std::isfinite(g) && g >= 0.0
  PASS  g <= prev + 1e-9
  PASS  std::isfinite(g) && g >= 0.0
  PASS  g <= prev + 1e-9
  PASS  std::isfinite(g) && g >= 0.0
  PASS  g <= prev + 1e-9
  PASS  std::isfinite(asympt)
  PASS  std::isfinite(a8)
  PASS  a8 ≈ lim  (0.500005 ≈ 0.5)
  PASS  std::isfinite(g) && g >= 0.0
  PASS  std::isfinite(g) && g >= 0.0
  PASS  g <= prev + 1e-9
  PASS  std::isfinite(g) && g >= 0.0
  PASS  g <= prev + 1e-9
  PASS  std::isfinite(g) && g >= 0.0
  PASS  g <= prev + 1e-9
  PASS  std::isfinite(g) && g >= 0.0
  PASS  g <= prev + 1e-9
  PASS  std::isfinite(g) && g >= 0.0
  PASS  g <= prev + 1e-9
  PASS  std::isfinite(g) && g >= 0.0
  PASS  g <= prev + 1e-9
  PASS  std::isfinite(g) && g >= 0.0
  PASS  g <= prev + 1e-9
  PASS  std::isfinite(asympt)
  PASS  std::isfinite(a8)
  PASS  a8 ≈ lim  (0.500005 ≈ 0.5)
  PASS  std::isfinite(g) && g >= 0.0
  PASS  std::isfinite(g) && g >= 0.0
  PASS  g <= prev + 1e-9
  PASS  std::isfinite(g) && g >= 0.0
  PASS  g <= prev + 1e-9
  PASS  std::isfinite(g) && g >= 0.0
  PASS  g <= prev + 1e-9
  PASS  std::isfinite(g) && g >= 0.0
  PASS  g <= prev + 1e-9
  PASS  std::isfinite(g) && g >= 0.0
  PASS  g <= prev + 1e-9
  PASS  std::isfinite(g) && g >= 0.0
  PASS  g <= prev + 1e-9
  PASS  std::isfinite(g) && g >= 0.0
  PASS  g <= prev + 1e-9
  PASS  std::isfinite(asympt)
  PASS  std::isfinite(a8)
  PASS  a8 ≈ lim  (0.5 ≈ 0.5)
  PASS  std::isfinite(g) && g >= 0.0
  PASS  std::isfinite(g) && g >= 0.0
  PASS  g <= prev + 1e-9
  PASS  std::isfinite(g) && g >= 0.0
  PASS  g <= prev + 1e-9
  PASS  std::isfinite(g) && g >= 0.0
  PASS  g <= prev + 1e-9
  PASS  std::isfinite(g) && g >= 0.0
  PASS  g <= prev + 1e-9
  PASS  std::isfinite(g) && g >= 0.0
  PASS  g <= prev + 1e-9
  PASS  std::isfinite(g) && g >= 0.0
  PASS  g <= prev + 1e-9
  PASS  std::isfinite(g) && g >= 0.0
  PASS  g <= prev + 1e-9
  PASS  std::isfinite(asympt)
  PASS  std::isfinite(a8)
  PASS  a8 ≈ lim  (0.5 ≈ 0.5)
  PASS  std::isfinite(g) && g >= 0.0
  PASS  std::isfinite(g) && g >= 0.0
  PASS  g <= prev + 1e-9
  PASS  std::isfinite(g) && g >= 0.0
  PASS  g <= prev + 1e-9
  PASS  std::isfinite(g) && g >= 0.0
  PASS  g <= prev + 1e-9
  PASS  std::isfinite(g) && g >= 0.0
  PASS  g <= prev + 1e-9
  PASS  std::isfinite(g) && g >= 0.0
  PASS  g <= prev + 1e-9
  PASS  std::isfinite(g) && g >= 0.0
  PASS  g <= prev + 1e-9
  PASS  std::isfinite(g) && g >= 0.0
  PASS  g <= prev + 1e-9
  PASS  std::isfinite(asympt)
  PASS  std::isfinite(a8)
  PASS  a8 ≈ lim  (0.500005 ≈ 0.5)
  PASS  std::isfinite(g) && g >= 0.0
  PASS  std::isfinite(g) && g >= 0.0
  PASS  g <= prev + 1e-9
  PASS  std::isfinite(g) && g >= 0.0
  PASS  g <= prev + 1e-9
  PASS  std::isfinite(g) && g >= 0.0
  PASS  g <= prev + 1e-9
  PASS  std::isfinite(g) && g >= 0.0
  PASS  g <= prev + 1e-9
  PASS  std::isfinite(g) && g >= 0.0
  PASS  g <= prev + 1e-9
  PASS  std::isfinite(g) && g >= 0.0
  PASS  g <= prev + 1e-9
  PASS  std::isfinite(g) && g >= 0.0
  PASS  g <= prev + 1e-9
  PASS  std::isfinite(asympt)
  PASS  std::isfinite(a8)
  PASS  a8 ≈ lim  (0.500005 ≈ 0.5)
  PASS  std::isfinite(g) && g >= 0.0
  PASS  g ≈ 1.0  (1 ≈ 1)
  PASS  std::isfinite(g) && g >= 0.0
  PASS  g ≈ 1.0  (1 ≈ 1)
  PASS  g <= prev + 1e-9
  PASS  std::isfinite(g) && g >= 0.0
  PASS  g ≈ 1.0  (1 ≈ 1)
  PASS  g <= prev + 1e-9
  PASS  std::isfinite(g) && g >= 0.0
  PASS  g ≈ 1.0  (1 ≈ 1)
  PASS  g <= prev + 1e-9
  PASS  std::isfinite(g) && g >= 0.0
  PASS  g ≈ 1.0  (1 ≈ 1)
  PASS  g <= prev + 1e-9
  PASS  std::isfinite(g) && g >= 0.0
  PASS  g ≈ 1.0  (1 ≈ 1)
  PASS  g <= prev + 1e-9
  PASS  std::isfinite(g) && g >= 0.0
  PASS  g ≈ 1.0  (1 ≈ 1)
  PASS  g <= prev + 1e-9
  PASS  std::isfinite(g) && g >= 0.0
  PASS  g ≈ 1.0  (1 ≈ 1)
  PASS  g <= prev + 1e-9
  PASS  std::isfinite(asympt)
  PASS  std::isfinite(g) && g >= 0.0
  PASS  g ≈ 1.0  (1 ≈ 1)
  PASS  std::isfinite(g) && g >= 0.0
  PASS  g ≈ 1.0  (1 ≈ 1)
  PASS  g <= prev + 1e-9
  PASS  std::isfinite(g) && g >= 0.0
  PASS  g ≈ 1.0  (1 ≈ 1)
  PASS  g <= prev + 1e-9
  PASS  std::isfinite(g) && g >= 0.0
  PASS  g ≈ 1.0  (1 ≈ 1)
  PASS  g <= prev + 1e-9
  PASS  std::isfinite(g) && g >= 0.0
  PASS  g ≈ 1.0  (1 ≈ 1)
  PASS  g <= prev + 1e-9
  PASS  std::isfinite(g) && g >= 0.0
  PASS  g ≈ 1.0  (1 ≈ 1)
  PASS  g <= prev + 1e-9
  PASS  std::isfinite(g) && g >= 0.0
  PASS  g ≈ 1.0  (1 ≈ 1)
  PASS  g <= prev + 1e-9
  PASS  std::isfinite(g) && g >= 0.0
  PASS  g ≈ 1.0  (1 ≈ 1)
  PASS  g <= prev + 1e-9
  PASS  std::isfinite(asympt)
  PASS  std::isfinite(g) && g >= 0.0
  PASS  g ≈ 1.0  (1 ≈ 1)
  PASS  std::isfinite(g) && g >= 0.0
  PASS  g ≈ 1.0  (1 ≈ 1)
  PASS  g <= prev + 1e-9
  PASS  std::isfinite(g) && g >= 0.0
  PASS  g ≈ 1.0  (1 ≈ 1)
  PASS  g <= prev + 1e-9
  PASS  std::isfinite(g) && g >= 0.0
  PASS  g ≈ 1.0  (1 ≈ 1)
  PASS  g <= prev + 1e-9
  PASS  std::isfinite(g) && g >= 0.0
  PASS  g ≈ 1.0  (1 ≈ 1)
  PASS  g <= prev + 1e-9
  PASS  std::isfinite(g) && g >= 0.0
  PASS  g ≈ 1.0  (1 ≈ 1)
  PASS  g <= prev + 1e-9
  PASS  std::isfinite(g) && g >= 0.0
  PASS  g ≈ 1.0  (1 ≈ 1)
  PASS  g <= prev + 1e-9
  PASS  std::isfinite(g) && g >= 0.0
  PASS  g ≈ 1.0  (1 ≈ 1)
  PASS  g <= prev + 1e-9
  PASS  std::isfinite(asympt)
  PASS  std::isfinite(g) && g >= 0.0
  PASS  g ≈ 1.0  (1 ≈ 1)
  PASS  std::isfinite(g) && g >= 0.0
  PASS  g ≈ 1.0  (1 ≈ 1)
  PASS  g <= prev + 1e-9
  PASS  std::isfinite(g) && g >= 0.0
  PASS  g ≈ 1.0  (1 ≈ 1)
  PASS  g <= prev + 1e-9
  PASS  std::isfinite(g) && g >= 0.0
  PASS  g ≈ 1.0  (1 ≈ 1)
  PASS  g <= prev + 1e-9
  PASS  std::isfinite(g) && g >= 0.0
  PASS  g ≈ 1.0  (1 ≈ 1)
  PASS  g <= prev + 1e-9
  PASS  std::isfinite(g) && g >= 0.0
  PASS  g ≈ 1.0  (1 ≈ 1)
  PASS  g <= prev + 1e-9
  PASS  std::isfinite(g) && g >= 0.0
  PASS  g ≈ 1.0  (1 ≈ 1)
  PASS  g <= prev + 1e-9
  PASS  std::isfinite(g) && g >= 0.0
  PASS  g ≈ 1.0  (1 ≈ 1)
  PASS  g <= prev + 1e-9
  PASS  std::isfinite(asympt)
  PASS  std::isfinite(g) && g >= 0.0
  PASS  std::isfinite(g) && g >= 0.0
  PASS  g <= prev + 1e-9
  PASS  std::isfinite(g) && g >= 0.0
  PASS  g <= prev + 1e-9
  PASS  std::isfinite(g) && g >= 0.0
  PASS  g <= prev + 1e-9
  PASS  std::isfinite(g) && g >= 0.0
  PASS  g <= prev + 1e-9
  PASS  std::isfinite(g) && g >= 0.0
  PASS  g <= prev + 1e-9
  PASS  std::isfinite(g) && g >= 0.0
  PASS  g <= prev + 1e-9
  PASS  std::isfinite(g) && g >= 0.0
  PASS  g <= prev + 1e-9
  PASS  std::isfinite(asympt)
  PASS  std::isfinite(a8)
  PASS  a8 ≈ lim  (0.9 ≈ 0.9)
  PASS  std::isfinite(g) && g >= 0.0
  PASS  std::isfinite(g) && g >= 0.0
  PASS  g <= prev + 1e-9
  PASS  std::isfinite(g) && g >= 0.0
  PASS  g <= prev + 1e-9
  PASS  std::isfinite(g) && g >= 0.0
  PASS  g <= prev + 1e-9
  PASS  std::isfinite(g) && g >= 0.0
  PASS  g <= prev + 1e-9
  PASS  std::isfinite(g) && g >= 0.0
  PASS  g <= prev + 1e-9
  PASS  std::isfinite(g) && g >= 0.0
  PASS  g <= prev + 1e-9
  PASS  std::isfinite(g) && g >= 0.0
  PASS  g <= prev + 1e-9
  PASS  std::isfinite(asympt)
  PASS  std::isfinite(a8)
  PASS  a8 ≈ lim  (0.900001 ≈ 0.9)
  PASS  std::isfinite(g) && g >= 0.0
  PASS  std::isfinite(g) && g >= 0.0
  PASS  g <= prev + 1e-9
  PASS  std::isfinite(g) && g >= 0.0
  PASS  g <= prev + 1e-9
  PASS  std::isfinite(g) && g >= 0.0
  PASS  g <= prev + 1e-9
  PASS  std::isfinite(g) && g >= 0.0
  PASS  g <= prev + 1e-9
  PASS  std::isfinite(g) && g >= 0.0
  PASS  g <= prev + 1e-9
  PASS  std::isfinite(g) && g >= 0.0
  PASS  g <= prev + 1e-9
  PASS  std::isfinite(g) && g >= 0.0
  PASS  g <= prev + 1e-9
  PASS  std::isfinite(asympt)
  PASS  std::isfinite(a8)
  PASS  a8 ≈ lim  (0.900001 ≈ 0.9)
  PASS  std::isfinite(g) && g >= 0.0
  PASS  std::isfinite(g) && g >= 0.0
  PASS  g <= prev + 1e-9
  PASS  std::isfinite(g) && g >= 0.0
  PASS  g <= prev + 1e-9
  PASS  std::isfinite(g) && g >= 0.0
  PASS  g <= prev + 1e-9
  PASS  std::isfinite(g) && g >= 0.0
  PASS  g <= prev + 1e-9
  PASS  std::isfinite(g) && g >= 0.0
  PASS  g <= prev + 1e-9
  PASS  std::isfinite(g) && g >= 0.0
  PASS  g <= prev + 1e-9
  PASS  std::isfinite(g) && g >= 0.0
  PASS  g <= prev + 1e-9
  PASS  std::isfinite(asympt)
  PASS  std::isfinite(a8)
  PASS  a8 ≈ lim  (0.900002 ≈ 0.9)
  PASS  std::isfinite(g) && g >= 0.0
  PASS  std::isfinite(g) && g >= 0.0
  PASS  g <= prev + 1e-9
  PASS  std::isfinite(g) && g >= 0.0
  PASS  g <= prev + 1e-9
  PASS  std::isfinite(g) && g >= 0.0
  PASS  g <= prev + 1e-9
  PASS  std::isfinite(g) && g >= 0.0
  PASS  g <= prev + 1e-9
  PASS  std::isfinite(g) && g >= 0.0
  PASS  g <= prev + 1e-9
  PASS  std::isfinite(g) && g >= 0.0
  PASS  g <= prev + 1e-9
  PASS  std::isfinite(g) && g >= 0.0
  PASS  g <= prev + 1e-9
  PASS  std::isfinite(asympt)
  PASS  std::isfinite(a8)
  PASS  a8 ≈ lim  (0.9 ≈ 0.9)
  PASS  std::isfinite(g) && g >= 0.0
  PASS  std::isfinite(g) && g >= 0.0
  PASS  g <= prev + 1e-9
  PASS  std::isfinite(g) && g >= 0.0
  PASS  g <= prev + 1e-9
  PASS  std::isfinite(g) && g >= 0.0
  PASS  g <= prev + 1e-9
  PASS  std::isfinite(g) && g >= 0.0
  PASS  g <= prev + 1e-9
  PASS  std::isfinite(g) && g >= 0.0
  PASS  g <= prev + 1e-9
  PASS  std::isfinite(g) && g >= 0.0
  PASS  g <= prev + 1e-9
  PASS  std::isfinite(g) && g >= 0.0
  PASS  g <= prev + 1e-9
  PASS  std::isfinite(asympt)
  PASS  std::isfinite(a8)
  PASS  a8 ≈ lim  (0.9 ≈ 0.9)
  PASS  std::isfinite(g) && g >= 0.0
  PASS  std::isfinite(g) && g >= 0.0
  PASS  g <= prev + 1e-9
  PASS  std::isfinite(g) && g >= 0.0
  PASS  g <= prev + 1e-9
  PASS  std::isfinite(g) && g >= 0.0
  PASS  g <= prev + 1e-9
  PASS  std::isfinite(g) && g >= 0.0
  PASS  g <= prev + 1e-9
  PASS  std::isfinite(g) && g >= 0.0
  PASS  g <= prev + 1e-9
  PASS  std::isfinite(g) && g >= 0.0
  PASS  g <= prev + 1e-9
  PASS  std::isfinite(g) && g >= 0.0
  PASS  g <= prev + 1e-9
  PASS  std::isfinite(asympt)
  PASS  std::isfinite(a8)
  PASS  a8 ≈ lim  (0.900001 ≈ 0.9)
  PASS  std::isfinite(g) && g >= 0.0
  PASS  std::isfinite(g) && g >= 0.0
  PASS  g <= prev + 1e-9
  PASS  std::isfinite(g) && g >= 0.0
  PASS  g <= prev + 1e-9
  PASS  std::isfinite(g) && g >= 0.0
  PASS  g <= prev + 1e-9
  PASS  std::isfinite(g) && g >= 0.0
  PASS  g <= prev + 1e-9
  PASS  std::isfinite(g) && g >= 0.0
  PASS  g <= prev + 1e-9
  PASS  std::isfinite(g) && g >= 0.0
  PASS  g <= prev + 1e-9
  PASS  std::isfinite(g) && g >= 0.0
  PASS  g <= prev + 1e-9
  PASS  std::isfinite(asympt)
  PASS  std::isfinite(a8)
  PASS  a8 ≈ lim  (0.900001 ≈ 0.9)
  PASS  std::isfinite(g) && g >= 0.0
  PASS  std::isfinite(g) && g >= 0.0
  PASS  g <= prev + 1e-9
  PASS  std::isfinite(g) && g >= 0.0
  PASS  g <= prev + 1e-9
  PASS  std::isfinite(g) && g >= 0.0
  PASS  g <= prev + 1e-9
  PASS  std::isfinite(g) && g >= 0.0
  PASS  g <= prev + 1e-9
  PASS  std::isfinite(g) && g >= 0.0
  PASS  g <= prev + 1e-9
  PASS  std::isfinite(g) && g >= 0.0
  PASS  g <= prev + 1e-9
  PASS  std::isfinite(g) && g >= 0.0
  PASS  g <= prev + 1e-9
  PASS  std::isfinite(asympt)
  PASS  std::isfinite(a8)
  PASS  a8 ≈ lim  (0.9 ≈ 0.9)
  PASS  std::isfinite(g) && g >= 0.0
  PASS  std::isfinite(g) && g >= 0.0
  PASS  g <= prev + 1e-9
  PASS  std::isfinite(g) && g >= 0.0
  PASS  g <= prev + 1e-9
  PASS  std::isfinite(g) && g >= 0.0
  PASS  g <= prev + 1e-9
  PASS  std::isfinite(g) && g >= 0.0
  PASS  g <= prev + 1e-9
  PASS  std::isfinite(g) && g >= 0.0
  PASS  g <= prev + 1e-9
  PASS  std::isfinite(g) && g >= 0.0
  PASS  g <= prev + 1e-9
  PASS  std::isfinite(g) && g >= 0.0
  PASS  g <= prev + 1e-9
  PASS  std::isfinite(asympt)
  PASS  std::isfinite(a8)
  PASS  a8 ≈ lim  (0.9 ≈ 0.9)
  PASS  std::isfinite(g) && g >= 0.0
  PASS  std::isfinite(g) && g >= 0.0
  PASS  g <= prev + 1e-9
  PASS  std::isfinite(g) && g >= 0.0
  PASS  g <= prev + 1e-9
  PASS  std::isfinite(g) && g >= 0.0
  PASS  g <= prev + 1e-9
  PASS  std::isfinite(g) && g >= 0.0
  PASS  g <= prev + 1e-9
  PASS  std::isfinite(g) && g >= 0.0
  PASS  g <= prev + 1e-9
  PASS  std::isfinite(g) && g >= 0.0
  PASS  g <= prev + 1e-9
  PASS  std::isfinite(g) && g >= 0.0
  PASS  g <= prev + 1e-9
  PASS  std::isfinite(asympt)
  PASS  std::isfinite(a8)
  PASS  a8 ≈ lim  (0.900001 ≈ 0.9)
  PASS  std::isfinite(g) && g >= 0.0
  PASS  std::isfinite(g) && g >= 0.0
  PASS  g <= prev + 1e-9
  PASS  std::isfinite(g) && g >= 0.0
  PASS  g <= prev + 1e-9
  PASS  std::isfinite(g) && g >= 0.0
  PASS  g <= prev + 1e-9
  PASS  std::isfinite(g) && g >= 0.0
  PASS  g <= prev + 1e-9
  PASS  std::isfinite(g) && g >= 0.0
  PASS  g <= prev + 1e-9
  PASS  std::isfinite(g) && g >= 0.0
  PASS  g <= prev + 1e-9
  PASS  std::isfinite(g) && g >= 0.0
  PASS  g <= prev + 1e-9
  PASS  std::isfinite(asympt)
  PASS  std::isfinite(a8)
  PASS  a8 ≈ lim  (0.900001 ≈ 0.9)
  PASS  std::isfinite(g) && g >= 0.0
  PASS  std::isfinite(g) && g >= 0.0
  PASS  g <= prev + 1e-9
  PASS  std::isfinite(g) && g >= 0.0
  PASS  g <= prev + 1e-9
  PASS  std::isfinite(g) && g >= 0.0
  PASS  g <= prev + 1e-9
  PASS  std::isfinite(g) && g >= 0.0
  PASS  g <= prev + 1e-9
  PASS  std::isfinite(g) && g >= 0.0
  PASS  g <= prev + 1e-9
  PASS  std::isfinite(g) && g >= 0.0
  PASS  g <= prev + 1e-9
  PASS  std::isfinite(g) && g >= 0.0
  PASS  g <= prev + 1e-9
  PASS  std::isfinite(asympt)
  PASS  std::isfinite(a8)
  PASS  a8 ≈ lim  (0.9 ≈ 0.9)
  PASS  std::isfinite(g) && g >= 0.0
  PASS  std::isfinite(g) && g >= 0.0
  PASS  g <= prev + 1e-9
  PASS  std::isfinite(g) && g >= 0.0
  PASS  g <= prev + 1e-9
  PASS  std::isfinite(g) && g >= 0.0
  PASS  g <= prev + 1e-9
  PASS  std::isfinite(g) && g >= 0.0
  PASS  g <= prev + 1e-9
  PASS  std::isfinite(g) && g >= 0.0
  PASS  g <= prev + 1e-9
  PASS  std::isfinite(g) && g >= 0.0
  PASS  g <= prev + 1e-9
  PASS  std::isfinite(g) && g >= 0.0
  PASS  g <= prev + 1e-9
  PASS  std::isfinite(asympt)
  PASS  std::isfinite(a8)
  PASS  a8 ≈ lim  (0.9 ≈ 0.9)
  PASS  std::isfinite(g) && g >= 0.0
  PASS  std::isfinite(g) && g >= 0.0
  PASS  g <= prev + 1e-9
  PASS  std::isfinite(g) && g >= 0.0
  PASS  g <= prev + 1e-9
  PASS  std::isfinite(g) && g >= 0.0
  PASS  g <= prev + 1e-9
  PASS  std::isfinite(g) && g >= 0.0
  PASS  g <= prev + 1e-9
  PASS  std::isfinite(g) && g >= 0.0
  PASS  g <= prev + 1e-9
  PASS  std::isfinite(g) && g >= 0.0
  PASS  g <= prev + 1e-9
  PASS  std::isfinite(g) && g >= 0.0
  PASS  g <= prev + 1e-9
  PASS  std::isfinite(asympt)
  PASS  std::isfinite(a8)
  PASS  a8 ≈ lim  (0.900001 ≈ 0.9)
  PASS  std::isfinite(g) && g >= 0.0
  PASS  std::isfinite(g) && g >= 0.0
  PASS  g <= prev + 1e-9
  PASS  std::isfinite(g) && g >= 0.0
  PASS  g <= prev + 1e-9
  PASS  std::isfinite(g) && g >= 0.0
  PASS  g <= prev + 1e-9
  PASS  std::isfinite(g) && g >= 0.0
  PASS  g <= prev + 1e-9
  PASS  std::isfinite(g) && g >= 0.0
  PASS  g <= prev + 1e-9
  PASS  std::isfinite(g) && g >= 0.0
  PASS  g <= prev + 1e-9
  PASS  std::isfinite(g) && g >= 0.0
  PASS  g <= prev + 1e-9
  PASS  std::isfinite(asympt)
  PASS  std::isfinite(a8)
  PASS  a8 ≈ lim  (0.900001 ≈ 0.9)
  PASS  std::isfinite(g) && g >= 0.0
  PASS  g ≈ 1.0  (1 ≈ 1)
  PASS  std::isfinite(g) && g >= 0.0
  PASS  g ≈ 1.0  (1 ≈ 1)
  PASS  g >= prev - 1e-9
  PASS  std::isfinite(g) && g >= 0.0
  PASS  g ≈ 1.0  (1 ≈ 1)
  PASS  g >= prev - 1e-9
  PASS  std::isfinite(g) && g >= 0.0
  PASS  g ≈ 1.0  (1 ≈ 1)
  PASS  g >= prev - 1e-9
  PASS  std::isfinite(g) && g >= 0.0
  PASS  g ≈ 1.0  (1 ≈ 1)
  PASS  g >= prev - 1e-9
  PASS  std::isfinite(g) && g >= 0.0
  PASS  g ≈ 1.0  (1 ≈ 1)
  PASS  g >= prev - 1e-9
  PASS  std::isfinite(g) && g >= 0.0
  PASS  g ≈ 1.0  (1 ≈ 1)
  PASS  g >= prev - 1e-9
  PASS  std::isfinite(g) && g >= 0.0
  PASS  g ≈ 1.0  (1 ≈ 1)
  PASS  g >= prev - 1e-9
  PASS  std::isfinite(asympt)
  PASS  std::isfinite(g) && g >= 0.0
  PASS  g ≈ 1.0  (1 ≈ 1)
  PASS  std::isfinite(g) && g >= 0.0
  PASS  g ≈ 1.0  (1 ≈ 1)
  PASS  g >= prev - 1e-9
  PASS  std::isfinite(g) && g >= 0.0
  PASS  g ≈ 1.0  (1 ≈ 1)
  PASS  g >= prev - 1e-9
  PASS  std::isfinite(g) && g >= 0.0
  PASS  g ≈ 1.0  (1 ≈ 1)
  PASS  g >= prev - 1e-9
  PASS  std::isfinite(g) && g >= 0.0
  PASS  g ≈ 1.0  (1 ≈ 1)
  PASS  g >= prev - 1e-9
  PASS  std::isfinite(g) && g >= 0.0
  PASS  g ≈ 1.0  (1 ≈ 1)
  PASS  g >= prev - 1e-9
  PASS  std::isfinite(g) && g >= 0.0
  PASS  g ≈ 1.0  (1 ≈ 1)
  PASS  g >= prev - 1e-9
  PASS  std::isfinite(g) && g >= 0.0
  PASS  g ≈ 1.0  (1 ≈ 1)
  PASS  g >= prev - 1e-9
  PASS  std::isfinite(asympt)
  PASS  std::isfinite(g) && g >= 0.0
  PASS  g ≈ 1.0  (1 ≈ 1)
  PASS  std::isfinite(g) && g >= 0.0
  PASS  g ≈ 1.0  (1 ≈ 1)
  PASS  g >= prev - 1e-9
  PASS  std::isfinite(g) && g >= 0.0
  PASS  g ≈ 1.0  (1 ≈ 1)
  PASS  g >= prev - 1e-9
  PASS  std::isfinite(g) && g >= 0.0
  PASS  g ≈ 1.0  (1 ≈ 1)
  PASS  g >= prev - 1e-9
  PASS  std::isfinite(g) && g >= 0.0
  PASS  g ≈ 1.0  (1 ≈ 1)
  PASS  g >= prev - 1e-9
  PASS  std::isfinite(g) && g >= 0.0
  PASS  g ≈ 1.0  (1 ≈ 1)
  PASS  g >= prev - 1e-9
  PASS  std::isfinite(g) && g >= 0.0
  PASS  g ≈ 1.0  (1 ≈ 1)
  PASS  g >= prev - 1e-9
  PASS  std::isfinite(g) && g >= 0.0
  PASS  g ≈ 1.0  (1 ≈ 1)
  PASS  g >= prev - 1e-9
  PASS  std::isfinite(asympt)
  PASS  std::isfinite(g) && g >= 0.0
  PASS  g ≈ 1.0  (1 ≈ 1)
  PASS  std::isfinite(g) && g >= 0.0
  PASS  g ≈ 1.0  (1 ≈ 1)
  PASS  g >= prev - 1e-9
  PASS  std::isfinite(g) && g >= 0.0
  PASS  g ≈ 1.0  (1 ≈ 1)
  PASS  g >= prev - 1e-9
  PASS  std::isfinite(g) && g >= 0.0
  PASS  g ≈ 1.0  (1 ≈ 1)
  PASS  g >= prev - 1e-9
  PASS  std::isfinite(g) && g >= 0.0
  PASS  g ≈ 1.0  (1 ≈ 1)
  PASS  g >= prev - 1e-9
  PASS  std::isfinite(g) && g >= 0.0
  PASS  g ≈ 1.0  (1 ≈ 1)
  PASS  g >= prev - 1e-9
  PASS  std::isfinite(g) && g >= 0.0
  PASS  g ≈ 1.0  (1 ≈ 1)
  PASS  g >= prev - 1e-9
  PASS  std::isfinite(g) && g >= 0.0
  PASS  g ≈ 1.0  (1 ≈ 1)
  PASS  g >= prev - 1e-9
  PASS  std::isfinite(asympt)
  PASS  std::isfinite(g) && g >= 0.0
  PASS  std::isfinite(g) && g >= 0.0
  PASS  g >= prev - 1e-9
  PASS  std::isfinite(g) && g >= 0.0
  PASS  g >= prev - 1e-9
  PASS  std::isfinite(g) && g >= 0.0
  PASS  g >= prev - 1e-9
  PASS  std::isfinite(g) && g >= 0.0
  PASS  g >= prev - 1e-9
  PASS  std::isfinite(g) && g >= 0.0
  PASS  g >= prev - 1e-9
  PASS  std::isfinite(g) && g >= 0.0
  PASS  g >= prev - 1e-9
  PASS  std::isfinite(g) && g >= 0.0
  PASS  g >= prev - 1e-9
  PASS  std::isfinite(asympt)
  PASS  std::isfinite(a8)
  PASS  a8 ≈ lim  (1 ≈ 1)
  PASS  std::isfinite(g) && g >= 0.0
  PASS  std::isfinite(g) && g >= 0.0
  PASS  g >= prev - 1e-9
  PASS  std::isfinite(g) && g >= 0.0
  PASS  g >= prev - 1e-9
  PASS  std::isfinite(g) && g >= 0.0
  PASS  g >= prev - 1e-9
  PASS  std::isfinite(g) && g >= 0.0
  PASS  g >= prev - 1e-9
  PASS  std::isfinite(g) && g >= 0.0
  PASS  g >= prev - 1e-9
  PASS  std::isfinite(g) && g >= 0.0
  PASS  g >= prev - 1e-9
  PASS  std::isfinite(g) && g >= 0.0
  PASS  g >= prev - 1e-9
  PASS  std::isfinite(asympt)
  PASS  std::isfinite(a8)
  PASS  a8 ≈ lim  (1 ≈ 1)
  PASS  std::isfinite(g) && g >= 0.0
  PASS  std::isfinite(g) && g >= 0.0
  PASS  g >= prev - 1e-9
  PASS  std::isfinite(g) && g >= 0.0
  PASS  g >= prev - 1e-9
  PASS  std::isfinite(g) && g >= 0.0
  PASS  g >= prev - 1e-9
  PASS  std::isfinite(g) && g >= 0.0
  PASS  g >= prev - 1e-9
  PASS  std::isfinite(g) && g >= 0.0
  PASS  g >= prev - 1e-9
  PASS  std::isfinite(g) && g >= 0.0
  PASS  g >= prev - 1e-9
  PASS  std::isfinite(g) && g >= 0.0
  PASS  g >= prev - 1e-9
  PASS  std::isfinite(asympt)
  PASS  std::isfinite(a8)
  PASS  a8 ≈ lim  (1 ≈ 1)
  PASS  std::isfinite(g) && g >= 0.0
  PASS  std::isfinite(g) && g >= 0.0
  PASS  g >= prev - 1e-9
  PASS  std::isfinite(g) && g >= 0.0
  PASS  g >= prev - 1e-9
  PASS  std::isfinite(g) && g >= 0.0
  PASS  g >= prev - 1e-9
  PASS  std::isfinite(g) && g >= 0.0
  PASS  g >= prev - 1e-9
  PASS  std::isfinite(g) && g >= 0.0
  PASS  g >= prev - 1e-9
  PASS  std::isfinite(g) && g >= 0.0
  PASS  g >= prev - 1e-9
  PASS  std::isfinite(g) && g >= 0.0
  PASS  g >= prev - 1e-9
  PASS  std::isfinite(asympt)
  PASS  std::isfinite(a8)
  PASS  a8 ≈ lim  (1 ≈ 1)
  PASS  std::isfinite(g) && g >= 0.0
  PASS  std::isfinite(g) && g >= 0.0
  PASS  g >= prev - 1e-9
  PASS  std::isfinite(g) && g >= 0.0
  PASS  g >= prev - 1e-9
  PASS  std::isfinite(g) && g >= 0.0
  PASS  g >= prev - 1e-9
  PASS  std::isfinite(g) && g >= 0.0
  PASS  g >= prev - 1e-9
  PASS  std::isfinite(g) && g >= 0.0
  PASS  g >= prev - 1e-9
  PASS  std::isfinite(g) && g >= 0.0
  PASS  g >= prev - 1e-9
  PASS  std::isfinite(g) && g >= 0.0
  PASS  g >= prev - 1e-9
  PASS  std::isfinite(asympt)
  PASS  std::isfinite(a8)
  PASS  a8 ≈ lim  (1 ≈ 1)
  PASS  std::isfinite(g) && g >= 0.0
  PASS  std::isfinite(g) && g >= 0.0
  PASS  g >= prev - 1e-9
  PASS  std::isfinite(g) && g >= 0.0
  PASS  g >= prev - 1e-9
  PASS  std::isfinite(g) && g >= 0.0
  PASS  g >= prev - 1e-9
  PASS  std::isfinite(g) && g >= 0.0
  PASS  g >= prev - 1e-9
  PASS  std::isfinite(g) && g >= 0.0
  PASS  g >= prev - 1e-9
  PASS  std::isfinite(g) && g >= 0.0
  PASS  g >= prev - 1e-9
  PASS  std::isfinite(g) && g >= 0.0
  PASS  g >= prev - 1e-9
  PASS  std::isfinite(asympt)
  PASS  std::isfinite(a8)
  PASS  a8 ≈ lim  (1 ≈ 1)
  PASS  std::isfinite(g) && g >= 0.0
  PASS  std::isfinite(g) && g >= 0.0
  PASS  g >= prev - 1e-9
  PASS  std::isfinite(g) && g >= 0.0
  PASS  g >= prev - 1e-9
  PASS  std::isfinite(g) && g >= 0.0
  PASS  g >= prev - 1e-9
  PASS  std::isfinite(g) && g >= 0.0
  PASS  g >= prev - 1e-9
  PASS  std::isfinite(g) && g >= 0.0
  PASS  g >= prev - 1e-9
  PASS  std::isfinite(g) && g >= 0.0
  PASS  g >= prev - 1e-9
  PASS  std::isfinite(g) && g >= 0.0
  PASS  g >= prev - 1e-9
  PASS  std::isfinite(asympt)
  PASS  std::isfinite(a8)
  PASS  a8 ≈ lim  (1 ≈ 1)
  PASS  std::isfinite(g) && g >= 0.0
  PASS  std::isfinite(g) && g >= 0.0
  PASS  g >= prev - 1e-9
  PASS  std::isfinite(g) && g >= 0.0
  PASS  g >= prev - 1e-9
  PASS  std::isfinite(g) && g >= 0.0
  PASS  g >= prev - 1e-9
  PASS  std::isfinite(g) && g >= 0.0
  PASS  g >= prev - 1e-9
  PASS  std::isfinite(g) && g >= 0.0
  PASS  g >= prev - 1e-9
  PASS  std::isfinite(g) && g >= 0.0
  PASS  g >= prev - 1e-9
  PASS  std::isfinite(g) && g >= 0.0
  PASS  g >= prev - 1e-9
  PASS  std::isfinite(asympt)
  PASS  std::isfinite(a8)
  PASS  a8 ≈ lim  (1 ≈ 1)
  PASS  std::isfinite(g) && g >= 0.0
  PASS  std::isfinite(g) && g >= 0.0
  PASS  g >= prev - 1e-9
  PASS  std::isfinite(g) && g >= 0.0
  PASS  g >= prev - 1e-9
  PASS  std::isfinite(g) && g >= 0.0
  PASS  g >= prev - 1e-9
  PASS  std::isfinite(g) && g >= 0.0
  PASS  g >= prev - 1e-9
  PASS  std::isfinite(g) && g >= 0.0
  PASS  g >= prev - 1e-9
  PASS  std::isfinite(g) && g >= 0.0
  PASS  g >= prev - 1e-9
  PASS  std::isfinite(g) && g >= 0.0
  PASS  g >= prev - 1e-9
  PASS  std::isfinite(asympt)
  PASS  std::isfinite(a8)
  PASS  a8 ≈ lim  (1 ≈ 1)
  PASS  std::isfinite(g) && g >= 0.0
  PASS  std::isfinite(g) && g >= 0.0
  PASS  g >= prev - 1e-9
  PASS  std::isfinite(g) && g >= 0.0
  PASS  g >= prev - 1e-9
  PASS  std::isfinite(g) && g >= 0.0
  PASS  g >= prev - 1e-9
  PASS  std::isfinite(g) && g >= 0.0
  PASS  g >= prev - 1e-9
  PASS  std::isfinite(g) && g >= 0.0
  PASS  g >= prev - 1e-9
  PASS  std::isfinite(g) && g >= 0.0
  PASS  g >= prev - 1e-9
  PASS  std::isfinite(g) && g >= 0.0
  PASS  g >= prev - 1e-9
  PASS  std::isfinite(asympt)
  PASS  std::isfinite(a8)
  PASS  a8 ≈ lim  (1 ≈ 1)
  PASS  std::isfinite(g) && g >= 0.0
  PASS  std::isfinite(g) && g >= 0.0
  PASS  g >= prev - 1e-9
  PASS  std::isfinite(g) && g >= 0.0
  PASS  g >= prev - 1e-9
  PASS  std::isfinite(g) && g >= 0.0
  PASS  g >= prev - 1e-9
  PASS  std::isfinite(g) && g >= 0.0
  PASS  g >= prev - 1e-9
  PASS  std::isfinite(g) && g >= 0.0
  PASS  g >= prev - 1e-9
  PASS  std::isfinite(g) && g >= 0.0
  PASS  g >= prev - 1e-9
  PASS  std::isfinite(g) && g >= 0.0
  PASS  g >= prev - 1e-9
  PASS  std::isfinite(asympt)
  PASS  std::isfinite(a8)
  PASS  a8 ≈ lim  (1 ≈ 1)
  PASS  std::isfinite(g) && g >= 0.0
  PASS  std::isfinite(g) && g >= 0.0
  PASS  g >= prev - 1e-9
  PASS  std::isfinite(g) && g >= 0.0
  PASS  g >= prev - 1e-9
  PASS  std::isfinite(g) && g >= 0.0
  PASS  g >= prev - 1e-9
  PASS  std::isfinite(g) && g >= 0.0
  PASS  g >= prev - 1e-9
  PASS  std::isfinite(g) && g >= 0.0
  PASS  g >= prev - 1e-9
  PASS  std::isfinite(g) && g >= 0.0
  PASS  g >= prev - 1e-9
  PASS  std::isfinite(g) && g >= 0.0
  PASS  g >= prev - 1e-9
  PASS  std::isfinite(asympt)
  PASS  std::isfinite(a8)
  PASS  a8 ≈ lim  (1 ≈ 1)
  PASS  std::isfinite(g) && g >= 0.0
  PASS  std::isfinite(g) && g >= 0.0
  PASS  g >= prev - 1e-9
  PASS  std::isfinite(g) && g >= 0.0
  PASS  g >= prev - 1e-9
  PASS  std::isfinite(g) && g >= 0.0
  PASS  g >= prev - 1e-9
  PASS  std::isfinite(g) && g >= 0.0
  PASS  g >= prev - 1e-9
  PASS  std::isfinite(g) && g >= 0.0
  PASS  g >= prev - 1e-9
  PASS  std::isfinite(g) && g >= 0.0
  PASS  g >= prev - 1e-9
  PASS  std::isfinite(g) && g >= 0.0
  PASS  g >= prev - 1e-9
  PASS  std::isfinite(asympt)
  PASS  std::isfinite(a8)
  PASS  a8 ≈ lim  (1 ≈ 1)
  PASS  std::isfinite(g) && g >= 0.0
  PASS  std::isfinite(g) && g >= 0.0
  PASS  g >= prev - 1e-9
  PASS  std::isfinite(g) && g >= 0.0
  PASS  g >= prev - 1e-9
  PASS  std::isfinite(g) && g >= 0.0
  PASS  g >= prev - 1e-9
  PASS  std::isfinite(g) && g >= 0.0
  PASS  g >= prev - 1e-9
  PASS  std::isfinite(g) && g >= 0.0
  PASS  g >= prev - 1e-9
  PASS  std::isfinite(g) && g >= 0.0
  PASS  g >= prev - 1e-9
  PASS  std::isfinite(g) && g >= 0.0
  PASS  g >= prev - 1e-9
  PASS  std::isfinite(asympt)
  PASS  std::isfinite(a8)
  PASS  a8 ≈ lim  (1 ≈ 1)
  PASS  std::isfinite(g) && g >= 0.0
  PASS  std::isfinite(g) && g >= 0.0
  PASS  g >= prev - 1e-9
  PASS  std::isfinite(g) && g >= 0.0
  PASS  g >= prev - 1e-9
  PASS  std::isfinite(g) && g >= 0.0
  PASS  g >= prev - 1e-9
  PASS  std::isfinite(g) && g >= 0.0
  PASS  g >= prev - 1e-9
  PASS  std::isfinite(g) && g >= 0.0
  PASS  g >= prev - 1e-9
  PASS  std::isfinite(g) && g >= 0.0
  PASS  g >= prev - 1e-9
  PASS  std::isfinite(g) && g >= 0.0
  PASS  g >= prev - 1e-9
  PASS  std::isfinite(asympt)
  PASS  std::isfinite(a8)
  PASS  a8 ≈ lim  (1 ≈ 1)
  PASS  std::isfinite(g) && g >= 0.0
  PASS  std::isfinite(g) && g >= 0.0
  PASS  g >= prev - 1e-9
  PASS  std::isfinite(g) && g >= 0.0
  PASS  g >= prev - 1e-9
  PASS  std::isfinite(g) && g >= 0.0
  PASS  g >= prev - 1e-9
  PASS  std::isfinite(g) && g >= 0.0
  PASS  g >= prev - 1e-9
  PASS  std::isfinite(g) && g >= 0.0
  PASS  g >= prev - 1e-9
  PASS  std::isfinite(g) && g >= 0.0
  PASS  g >= prev - 1e-9
  PASS  std::isfinite(g) && g >= 0.0
  PASS  g >= prev - 1e-9
  PASS  std::isfinite(asympt)
  PASS  std::isfinite(a8)
  PASS  a8 ≈ lim  (1 ≈ 1)
  PASS  std::isfinite(g) && g >= 0.0
  PASS  g ≈ 1.0  (1 ≈ 1)
  PASS  std::isfinite(g) && g >= 0.0
  PASS  g ≈ 1.0  (1 ≈ 1)
  PASS  g >= prev - 1e-9
  PASS  std::isfinite(g) && g >= 0.0
  PASS  g ≈ 1.0  (1 ≈ 1)
  PASS  g >= prev - 1e-9
  PASS  std::isfinite(g) && g >= 0.0
  PASS  g ≈ 1.0  (1 ≈ 1)
  PASS  g >= prev - 1e-9
  PASS  std::isfinite(g) && g >= 0.0
  PASS  g ≈ 1.0  (1 ≈ 1)
  PASS  g >= prev - 1e-9
  PASS  std::isfinite(g) && g >= 0.0
  PASS  g ≈ 1.0  (1 ≈ 1)
  PASS  g >= prev - 1e-9
  PASS  std::isfinite(g) && g >= 0.0
  PASS  g ≈ 1.0  (1 ≈ 1)
  PASS  g >= prev - 1e-9
  PASS  std::isfinite(g) && g >= 0.0
  PASS  g ≈ 1.0  (1 ≈ 1)
  PASS  g >= prev - 1e-9
  PASS  std::isfinite(asympt)
  PASS  std::isfinite(g) && g >= 0.0
  PASS  g ≈ 1.0  (1 ≈ 1)
  PASS  std::isfinite(g) && g >= 0.0
  PASS  g ≈ 1.0  (1 ≈ 1)
  PASS  g >= prev - 1e-9
  PASS  std::isfinite(g) && g >= 0.0
  PASS  g ≈ 1.0  (1 ≈ 1)
  PASS  g >= prev - 1e-9
  PASS  std::isfinite(g) && g >= 0.0
  PASS  g ≈ 1.0  (1 ≈ 1)
  PASS  g >= prev - 1e-9
  PASS  std::isfinite(g) && g >= 0.0
  PASS  g ≈ 1.0  (1 ≈ 1)
  PASS  g >= prev - 1e-9
  PASS  std::isfinite(g) && g >= 0.0
  PASS  g ≈ 1.0  (1 ≈ 1)
  PASS  g >= prev - 1e-9
  PASS  std::isfinite(g) && g >= 0.0
  PASS  g ≈ 1.0  (1 ≈ 1)
  PASS  g >= prev - 1e-9
  PASS  std::isfinite(g) && g >= 0.0
  PASS  g ≈ 1.0  (1 ≈ 1)
  PASS  g >= prev - 1e-9
  PASS  std::isfinite(asympt)
  PASS  std::isfinite(g) && g >= 0.0
  PASS  g ≈ 1.0  (1 ≈ 1)
  PASS  std::isfinite(g) && g >= 0.0
  PASS  g ≈ 1.0  (1 ≈ 1)
  PASS  g >= prev - 1e-9
  PASS  std::isfinite(g) && g >= 0.0
  PASS  g ≈ 1.0  (1 ≈ 1)
  PASS  g >= prev - 1e-9
  PASS  std::isfinite(g) && g >= 0.0
  PASS  g ≈ 1.0  (1 ≈ 1)
  PASS  g >= prev - 1e-9
  PASS  std::isfinite(g) && g >= 0.0
  PASS  g ≈ 1.0  (1 ≈ 1)
  PASS  g >= prev - 1e-9
  PASS  std::isfinite(g) && g >= 0.0
  PASS  g ≈ 1.0  (1 ≈ 1)
  PASS  g >= prev - 1e-9
  PASS  std::isfinite(g) && g >= 0.0
  PASS  g ≈ 1.0  (1 ≈ 1)
  PASS  g >= prev - 1e-9
  PASS  std::isfinite(g) && g >= 0.0
  PASS  g ≈ 1.0  (1 ≈ 1)
  PASS  g >= prev - 1e-9
  PASS  std::isfinite(asympt)
  PASS  std::isfinite(g) && g >= 0.0
  PASS  g ≈ 1.0  (1 ≈ 1)
  PASS  std::isfinite(g) && g >= 0.0
  PASS  g ≈ 1.0  (1 ≈ 1)
  PASS  g >= prev - 1e-9
  PASS  std::isfinite(g) && g >= 0.0
  PASS  g ≈ 1.0  (1 ≈ 1)
  PASS  g >= prev - 1e-9
  PASS  std::isfinite(g) && g >= 0.0
  PASS  g ≈ 1.0  (1 ≈ 1)
  PASS  g >= prev - 1e-9
  PASS  std::isfinite(g) && g >= 0.0
  PASS  g ≈ 1.0  (1 ≈ 1)
  PASS  g >= prev - 1e-9
  PASS  std::isfinite(g) && g >= 0.0
  PASS  g ≈ 1.0  (1 ≈ 1)
  PASS  g >= prev - 1e-9
  PASS  std::isfinite(g) && g >= 0.0
  PASS  g ≈ 1.0  (1 ≈ 1)
  PASS  g >= prev - 1e-9
  PASS  std::isfinite(g) && g >= 0.0
  PASS  g ≈ 1.0  (1 ≈ 1)
  PASS  g >= prev - 1e-9
  PASS  std::isfinite(asympt)
  PASS  std::isfinite(g) && g >= 0.0
  PASS  std::isfinite(g) && g >= 0.0
  PASS  g >= prev - 1e-9
  PASS  std::isfinite(g) && g >= 0.0
  PASS  g >= prev - 1e-9
  PASS  std::isfinite(g) && g >= 0.0
  PASS  g >= prev - 1e-9
  PASS  std::isfinite(g) && g >= 0.0
  PASS  g >= prev - 1e-9
  PASS  std::isfinite(g) && g >= 0.0
  PASS  g >= prev - 1e-9
  PASS  std::isfinite(g) && g >= 0.0
  PASS  g >= prev - 1e-9
  PASS  std::isfinite(g) && g >= 0.0
  PASS  g >= prev - 1e-9
  PASS  std::isfinite(asympt)
  PASS  std::isfinite(a8)
  PASS  a8 ≈ lim  (1.5 ≈ 1.5)
  PASS  std::isfinite(g) && g >= 0.0
  PASS  std::isfinite(g) && g >= 0.0
  PASS  g >= prev - 1e-9
  PASS  std::isfinite(g) && g >= 0.0
  PASS  g >= prev - 1e-9
  PASS  std::isfinite(g) && g >= 0.0
  PASS  g >= prev - 1e-9
  PASS  std::isfinite(g) && g >= 0.0
  PASS  g >= prev - 1e-9
  PASS  std::isfinite(g) && g >= 0.0
  PASS  g >= prev - 1e-9
  PASS  std::isfinite(g) && g >= 0.0
  PASS  g >= prev - 1e-9
  PASS  std::isfinite(g) && g >= 0.0
  PASS  g >= prev - 1e-9
  PASS  std::isfinite(asympt)
  PASS  std::isfinite(a8)
  PASS  a8 ≈ lim  (1.49998 ≈ 1.5)
  PASS  std::isfinite(g) && g >= 0.0
  PASS  std::isfinite(g) && g >= 0.0
  PASS  g >= prev - 1e-9
  PASS  std::isfinite(g) && g >= 0.0
  PASS  g >= prev - 1e-9
  PASS  std::isfinite(g) && g >= 0.0
  PASS  g >= prev - 1e-9
  PASS  std::isfinite(g) && g >= 0.0
  PASS  g >= prev - 1e-9
  PASS  std::isfinite(g) && g >= 0.0
  PASS  g >= prev - 1e-9
  PASS  std::isfinite(g) && g >= 0.0
  PASS  g >= prev - 1e-9
  PASS  std::isfinite(g) && g >= 0.0
  PASS  g >= prev - 1e-9
  PASS  std::isfinite(asympt)
  PASS  std::isfinite(a8)
  PASS  a8 ≈ lim  (1.49999 ≈ 1.5)
  PASS  std::isfinite(g) && g >= 0.0
  PASS  std::isfinite(g) && g >= 0.0
  PASS  g >= prev - 1e-9
  PASS  std::isfinite(g) && g >= 0.0
  PASS  g >= prev - 1e-9
  PASS  std::isfinite(g) && g >= 0.0
  PASS  g >= prev - 1e-9
  PASS  std::isfinite(g) && g >= 0.0
  PASS  g >= prev - 1e-9
  PASS  std::isfinite(g) && g >= 0.0
  PASS  g >= prev - 1e-9
  PASS  std::isfinite(g) && g >= 0.0
  PASS  g >= prev - 1e-9
  PASS  std::isfinite(g) && g >= 0.0
  PASS  g >= prev - 1e-9
  PASS  std::isfinite(asympt)
  PASS  std::isfinite(a8)
  PASS  a8 ≈ lim  (1.49997 ≈ 1.5)
  PASS  std::isfinite(g) && g >= 0.0
  PASS  std::isfinite(g) && g >= 0.0
  PASS  g >= prev - 1e-9
  PASS  std::isfinite(g) && g >= 0.0
  PASS  g >= prev - 1e-9
  PASS  std::isfinite(g) && g >= 0.0
  PASS  g >= prev - 1e-9
  PASS  std::isfinite(g) && g >= 0.0
  PASS  g >= prev - 1e-9
  PASS  std::isfinite(g) && g >= 0.0
  PASS  g >= prev - 1e-9
  PASS  std::isfinite(g) && g >= 0.0
  PASS  g >= prev - 1e-9
  PASS  std::isfinite(g) && g >= 0.0
  PASS  g >= prev - 1e-9
  PASS  std::isfinite(asympt)
  PASS  std::isfinite(a8)
  PASS  a8 ≈ lim  (1.5 ≈ 1.5)
  PASS  std::isfinite(g) && g >= 0.0
  PASS  std::isfinite(g) && g >= 0.0
  PASS  g >= prev - 1e-9
  PASS  std::isfinite(g) && g >= 0.0
  PASS  g >= prev - 1e-9
  PASS  std::isfinite(g) && g >= 0.0
  PASS  g >= prev - 1e-9
  PASS  std::isfinite(g) && g >= 0.0
  PASS  g >= prev - 1e-9
  PASS  std::isfinite(g) && g >= 0.0
  PASS  g >= prev - 1e-9
  PASS  std::isfinite(g) && g >= 0.0
  PASS  g >= prev - 1e-9
  PASS  std::isfinite(g) && g >= 0.0
  PASS  g >= prev - 1e-9
  PASS  std::isfinite(asympt)
  PASS  std::isfinite(a8)
  PASS  a8 ≈ lim  (1.5 ≈ 1.5)
  PASS  std::isfinite(g) && g >= 0.0
  PASS  std::isfinite(g) && g >= 0.0
  PASS  g >= prev - 1e-9
  PASS  std::isfinite(g) && g >= 0.0
  PASS  g >= prev - 1e-9
  PASS  std::isfinite(g) && g >= 0.0
  PASS  g >= prev - 1e-9
  PASS  std::isfinite(g) && g >= 0.0
  PASS  g >= prev - 1e-9
  PASS  std::isfinite(g) && g >= 0.0
  PASS  g >= prev - 1e-9
  PASS  std::isfinite(g) && g >= 0.0
  PASS  g >= prev - 1e-9
  PASS  std::isfinite(g) && g >= 0.0
  PASS  g >= prev - 1e-9
  PASS  std::isfinite(asympt)
  PASS  std::isfinite(a8)
  PASS  a8 ≈ lim  (1.49999 ≈ 1.5)
  PASS  std::isfinite(g) && g >= 0.0
  PASS  std::isfinite(g) && g >= 0.0
  PASS  g >= prev - 1e-9
  PASS  std::isfinite(g) && g >= 0.0
  PASS  g >= prev - 1e-9
  PASS  std::isfinite(g) && g >= 0.0
  PASS  g >= prev - 1e-9
  PASS  std::isfinite(g) && g >= 0.0
  PASS  g >= prev - 1e-9
  PASS  std::isfinite(g) && g >= 0.0
  PASS  g >= prev - 1e-9
  PASS  std::isfinite(g) && g >= 0.0
  PASS  g >= prev - 1e-9
  PASS  std::isfinite(g) && g >= 0.0
  PASS  g >= prev - 1e-9
  PASS  std::isfinite(asympt)
  PASS  std::isfinite(a8)
  PASS  a8 ≈ lim  (1.49999 ≈ 1.5)
  PASS  std::isfinite(g) && g >= 0.0
  PASS  std::isfinite(g) && g >= 0.0
  PASS  g >= prev - 1e-9
  PASS  std::isfinite(g) && g >= 0.0
  PASS  g >= prev - 1e-9
  PASS  std::isfinite(g) && g >= 0.0
  PASS  g >= prev - 1e-9
  PASS  std::isfinite(g) && g >= 0.0
  PASS  g >= prev - 1e-9
  PASS  std::isfinite(g) && g >= 0.0
  PASS  g >= prev - 1e-9
  PASS  std::isfinite(g) && g >= 0.0
  PASS  g >= prev - 1e-9
  PASS  std::isfinite(g) && g >= 0.0
  PASS  g >= prev - 1e-9
  PASS  std::isfinite(asympt)
  PASS  std::isfinite(a8)
  PASS  a8 ≈ lim  (1.5 ≈ 1.5)
  PASS  std::isfinite(g) && g >= 0.0
  PASS  std::isfinite(g) && g >= 0.0
  PASS  g >= prev - 1e-9
  PASS  std::isfinite(g) && g >= 0.0
  PASS  g >= prev - 1e-9
  PASS  std::isfinite(g) && g >= 0.0
  PASS  g >= prev - 1e-9
  PASS  std::isfinite(g) && g >= 0.0
  PASS  g >= prev - 1e-9
  PASS  std::isfinite(g) && g >= 0.0
  PASS  g >= prev - 1e-9
  PASS  std::isfinite(g) && g >= 0.0
  PASS  g >= prev - 1e-9
  PASS  std::isfinite(g) && g >= 0.0
  PASS  g >= prev - 1e-9
  PASS  std::isfinite(asympt)
  PASS  std::isfinite(a8)
  PASS  a8 ≈ lim  (1.5 ≈ 1.5)
  PASS  std::isfinite(g) && g >= 0.0
  PASS  std::isfinite(g) && g >= 0.0
  PASS  g >= prev - 1e-9
  PASS  std::isfinite(g) && g >= 0.0
  PASS  g >= prev - 1e-9
  PASS  std::isfinite(g) && g >= 0.0
  PASS  g >= prev - 1e-9
  PASS  std::isfinite(g) && g >= 0.0
  PASS  g >= prev - 1e-9
  PASS  std::isfinite(g) && g >= 0.0
  PASS  g >= prev - 1e-9
  PASS  std::isfinite(g) && g >= 0.0
  PASS  g >= prev - 1e-9
  PASS  std::isfinite(g) && g >= 0.0
  PASS  g >= prev - 1e-9
  PASS  std::isfinite(asympt)
  PASS  std::isfinite(a8)
  PASS  a8 ≈ lim  (1.49999 ≈ 1.5)
  PASS  std::isfinite(g) && g >= 0.0
  PASS  std::isfinite(g) && g >= 0.0
  PASS  g >= prev - 1e-9
  PASS  std::isfinite(g) && g >= 0.0
  PASS  g >= prev - 1e-9
  PASS  std::isfinite(g) && g >= 0.0
  PASS  g >= prev - 1e-9
  PASS  std::isfinite(g) && g >= 0.0
  PASS  g >= prev - 1e-9
  PASS  std::isfinite(g) && g >= 0.0
  PASS  g >= prev - 1e-9
  PASS  std::isfinite(g) && g >= 0.0
  PASS  g >= prev - 1e-9
  PASS  std::isfinite(g) && g >= 0.0
  PASS  g >= prev - 1e-9
  PASS  std::isfinite(asympt)
  PASS  std::isfinite(a8)
  PASS  a8 ≈ lim  (1.49999 ≈ 1.5)
  PASS  std::isfinite(g) && g >= 0.0
  PASS  std::isfinite(g) && g >= 0.0
  PASS  g >= prev - 1e-9
  PASS  std::isfinite(g) && g >= 0.0
  PASS  g >= prev - 1e-9
  PASS  std::isfinite(g) && g >= 0.0
  PASS  g >= prev - 1e-9
  PASS  std::isfinite(g) && g >= 0.0
  PASS  g >= prev - 1e-9
  PASS  std::isfinite(g) && g >= 0.0
  PASS  g >= prev - 1e-9
  PASS  std::isfinite(g) && g >= 0.0
  PASS  g >= prev - 1e-9
  PASS  std::isfinite(g) && g >= 0.0
  PASS  g >= prev - 1e-9
  PASS  std::isfinite(asympt)
  PASS  std::isfinite(a8)
  PASS  a8 ≈ lim  (1.5 ≈ 1.5)
  PASS  std::isfinite(g) && g >= 0.0
  PASS  std::isfinite(g) && g >= 0.0
  PASS  g >= prev - 1e-9
  PASS  std::isfinite(g) && g >= 0.0
  PASS  g >= prev - 1e-9
  PASS  std::isfinite(g) && g >= 0.0
  PASS  g >= prev - 1e-9
  PASS  std::isfinite(g) && g >= 0.0
  PASS  g >= prev - 1e-9
  PASS  std::isfinite(g) && g >= 0.0
  PASS  g >= prev - 1e-9
  PASS  std::isfinite(g) && g >= 0.0
  PASS  g >= prev - 1e-9
  PASS  std::isfinite(g) && g >= 0.0
  PASS  g >= prev - 1e-9
  PASS  std::isfinite(asympt)
  PASS  std::isfinite(a8)
  PASS  a8 ≈ lim  (1.5 ≈ 1.5)
  PASS  std::isfinite(g) && g >= 0.0
  PASS  std::isfinite(g) && g >= 0.0
  PASS  g >= prev - 1e-9
  PASS  std::isfinite(g) && g >= 0.0
  PASS  g >= prev - 1e-9
  PASS  std::isfinite(g) && g >= 0.0
  PASS  g >= prev - 1e-9
  PASS  std::isfinite(g) && g >= 0.0
  PASS  g >= prev - 1e-9
  PASS  std::isfinite(g) && g >= 0.0
  PASS  g >= prev - 1e-9
  PASS  std::isfinite(g) && g >= 0.0
  PASS  g >= prev - 1e-9
  PASS  std::isfinite(g) && g >= 0.0
  PASS  g >= prev - 1e-9
  PASS  std::isfinite(asympt)
  PASS  std::isfinite(a8)
  PASS  a8 ≈ lim  (1.49999 ≈ 1.5)
  PASS  std::isfinite(g) && g >= 0.0
  PASS  std::isfinite(g) && g >= 0.0
  PASS  g >= prev - 1e-9
  PASS  std::isfinite(g) && g >= 0.0
  PASS  g >= prev - 1e-9
  PASS  std::isfinite(g) && g >= 0.0
  PASS  g >= prev - 1e-9
  PASS  std::isfinite(g) && g >= 0.0
  PASS  g >= prev - 1e-9
  PASS  std::isfinite(g) && g >= 0.0
  PASS  g >= prev - 1e-9
  PASS  std::isfinite(g) && g >= 0.0
  PASS  g >= prev - 1e-9
  PASS  std::isfinite(g) && g >= 0.0
  PASS  g >= prev - 1e-9
  PASS  std::isfinite(asympt)
  PASS  std::isfinite(a8)
  PASS  a8 ≈ lim  (1.49999 ≈ 1.5)
  PASS  std::isfinite(g) && g >= 0.0
  PASS  g ≈ 1.0  (1 ≈ 1)
  PASS  std::isfinite(g) && g >= 0.0
  PASS  g ≈ 1.0  (1 ≈ 1)
  PASS  g >= prev - 1e-9
  PASS  std::isfinite(g) && g >= 0.0
  PASS  g ≈ 1.0  (1 ≈ 1)
  PASS  g >= prev - 1e-9
  PASS  std::isfinite(g) && g >= 0.0
  PASS  g ≈ 1.0  (1 ≈ 1)
  PASS  g >= prev - 1e-9
  PASS  std::isfinite(g) && g >= 0.0
  PASS  g ≈ 1.0  (1 ≈ 1)
  PASS  g >= prev - 1e-9
  PASS  std::isfinite(g) && g >= 0.0
  PASS  g ≈ 1.0  (1 ≈ 1)
  PASS  g >= prev - 1e-9
  PASS  std::isfinite(g) && g >= 0.0
  PASS  g ≈ 1.0  (1 ≈ 1)
  PASS  g >= prev - 1e-9
  PASS  std::isfinite(g) && g >= 0.0
  PASS  g ≈ 1.0  (1 ≈ 1)
  PASS  g >= prev - 1e-9
  PASS  std::isfinite(asympt)
  PASS  std::isfinite(g) && g >= 0.0
  PASS  g ≈ 1.0  (1 ≈ 1)
  PASS  std::isfinite(g) && g >= 0.0
  PASS  g ≈ 1.0  (1 ≈ 1)
  PASS  g >= prev - 1e-9
  PASS  std::isfinite(g) && g >= 0.0
  PASS  g ≈ 1.0  (1 ≈ 1)
  PASS  g >= prev - 1e-9
  PASS  std::isfinite(g) && g >= 0.0
  PASS  g ≈ 1.0  (1 ≈ 1)
  PASS  g >= prev - 1e-9
  PASS  std::isfinite(g) && g >= 0.0
  PASS  g ≈ 1.0  (1 ≈ 1)
  PASS  g >= prev - 1e-9
  PASS  std::isfinite(g) && g >= 0.0
  PASS  g ≈ 1.0  (1 ≈ 1)
  PASS  g >= prev - 1e-9
  PASS  std::isfinite(g) && g >= 0.0
  PASS  g ≈ 1.0  (1 ≈ 1)
  PASS  g >= prev - 1e-9
  PASS  std::isfinite(g) && g >= 0.0
  PASS  g ≈ 1.0  (1 ≈ 1)
  PASS  g >= prev - 1e-9
  PASS  std::isfinite(asympt)
  PASS  std::isfinite(g) && g >= 0.0
  PASS  g ≈ 1.0  (1 ≈ 1)
  PASS  std::isfinite(g) && g >= 0.0
  PASS  g ≈ 1.0  (1 ≈ 1)
  PASS  g >= prev - 1e-9
  PASS  std::isfinite(g) && g >= 0.0
  PASS  g ≈ 1.0  (1 ≈ 1)
  PASS  g >= prev - 1e-9
  PASS  std::isfinite(g) && g >= 0.0
  PASS  g ≈ 1.0  (1 ≈ 1)
  PASS  g >= prev - 1e-9
  PASS  std::isfinite(g) && g >= 0.0
  PASS  g ≈ 1.0  (1 ≈ 1)
  PASS  g >= prev - 1e-9
  PASS  std::isfinite(g) && g >= 0.0
  PASS  g ≈ 1.0  (1 ≈ 1)
  PASS  g >= prev - 1e-9
  PASS  std::isfinite(g) && g >= 0.0
  PASS  g ≈ 1.0  (1 ≈ 1)
  PASS  g >= prev - 1e-9
  PASS  std::isfinite(g) && g >= 0.0
  PASS  g ≈ 1.0  (1 ≈ 1)
  PASS  g >= prev - 1e-9
  PASS  std::isfinite(asympt)
  PASS  std::isfinite(g) && g >= 0.0
  PASS  g ≈ 1.0  (1 ≈ 1)
  PASS  std::isfinite(g) && g >= 0.0
  PASS  g ≈ 1.0  (1 ≈ 1)
  PASS  g >= prev - 1e-9
  PASS  std::isfinite(g) && g >= 0.0
  PASS  g ≈ 1.0  (1 ≈ 1)
  PASS  g >= prev - 1e-9
  PASS  std::isfinite(g) && g >= 0.0
  PASS  g ≈ 1.0  (1 ≈ 1)
  PASS  g >= prev - 1e-9
  PASS  std::isfinite(g) && g >= 0.0
  PASS  g ≈ 1.0  (1 ≈ 1)
  PASS  g >= prev - 1e-9
  PASS  std::isfinite(g) && g >= 0.0
  PASS  g ≈ 1.0  (1 ≈ 1)
  PASS  g >= prev - 1e-9
  PASS  std::isfinite(g) && g >= 0.0
  PASS  g ≈ 1.0  (1 ≈ 1)
  PASS  g >= prev - 1e-9
  PASS  std::isfinite(g) && g >= 0.0
  PASS  g ≈ 1.0  (1 ≈ 1)
  PASS  g >= prev - 1e-9
  PASS  std::isfinite(asympt)
  PASS  std::isfinite(g) && g >= 0.0
  PASS  std::isfinite(g) && g >= 0.0
  PASS  g >= prev - 1e-9
  PASS  std::isfinite(g) && g >= 0.0
  PASS  g >= prev - 1e-9
  PASS  std::isfinite(g) && g >= 0.0
  PASS  g >= prev - 1e-9
  PASS  std::isfinite(g) && g >= 0.0
  PASS  g >= prev - 1e-9
  PASS  std::isfinite(g) && g >= 0.0
  PASS  g >= prev - 1e-9
  PASS  std::isfinite(g) && g >= 0.0
  PASS  g >= prev - 1e-9
  PASS  std::isfinite(g) && g >= 0.0
  PASS  g >= prev - 1e-9
  PASS  std::isfinite(asympt)
  PASS  std::isfinite(a8)
  PASS  a8 ≈ lim  (3 ≈ 3)
  PASS  std::isfinite(g) && g >= 0.0
  PASS  std::isfinite(g) && g >= 0.0
  PASS  g >= prev - 1e-9
  PASS  std::isfinite(g) && g >= 0.0
  PASS  g >= prev - 1e-9
  PASS  std::isfinite(g) && g >= 0.0
  PASS  g >= prev - 1e-9
  PASS  std::isfinite(g) && g >= 0.0
  PASS  g >= prev - 1e-9
  PASS  std::isfinite(g) && g >= 0.0
  PASS  g >= prev - 1e-9
  PASS  std::isfinite(g) && g >= 0.0
  PASS  g >= prev - 1e-9
  PASS  std::isfinite(g) && g >= 0.0
  PASS  g >= prev - 1e-9
  PASS  std::isfinite(asympt)
  PASS  std::isfinite(a8)
  PASS  a8 ≈ lim  (2.9996 ≈ 3)
  PASS  std::isfinite(g) && g >= 0.0
  PASS  std::isfinite(g) && g >= 0.0
  PASS  g >= prev - 1e-9
  PASS  std::isfinite(g) && g >= 0.0
  PASS  g >= prev - 1e-9
  PASS  std::isfinite(g) && g >= 0.0
  PASS  g >= prev - 1e-9
  PASS  std::isfinite(g) && g >= 0.0
  PASS  g >= prev - 1e-9
  PASS  std::isfinite(g) && g >= 0.0
  PASS  g >= prev - 1e-9
  PASS  std::isfinite(g) && g >= 0.0
  PASS  g >= prev - 1e-9
  PASS  std::isfinite(g) && g >= 0.0
  PASS  g >= prev - 1e-9
  PASS  std::isfinite(asympt)
  PASS  std::isfinite(a8)
  PASS  a8 ≈ lim  (2.99998 ≈ 3)
  PASS  std::isfinite(g) && g >= 0.0
  PASS  std::isfinite(g) && g >= 0.0
  PASS  g >= prev - 1e-9
  PASS  std::isfinite(g) && g >= 0.0
  PASS  g >= prev - 1e-9
  PASS  std::isfinite(g) && g >= 0.0
  PASS  g >= prev - 1e-9
  PASS  std::isfinite(g) && g >= 0.0
  PASS  g >= prev - 1e-9
  PASS  std::isfinite(g) && g >= 0.0
  PASS  g >= prev - 1e-9
  PASS  std::isfinite(g) && g >= 0.0
  PASS  g >= prev - 1e-9
  PASS  std::isfinite(g) && g >= 0.0
  PASS  g >= prev - 1e-9
  PASS  std::isfinite(asympt)
  PASS  std::isfinite(a8)
  PASS  a8 ≈ lim  (2.99958 ≈ 3)
  PASS  std::isfinite(g) && g >= 0.0
  PASS  std::isfinite(g) && g >= 0.0
  PASS  g >= prev - 1e-9
  PASS  std::isfinite(g) && g >= 0.0
  PASS  g >= prev - 1e-9
  PASS  std::isfinite(g) && g >= 0.0
  PASS  g >= prev - 1e-9
  PASS  std::isfinite(g) && g >= 0.0
  PASS  g >= prev - 1e-9
  PASS  std::isfinite(g) && g >= 0.0
  PASS  g >= prev - 1e-9
  PASS  std::isfinite(g) && g >= 0.0
  PASS  g >= prev - 1e-9
  PASS  std::isfinite(g) && g >= 0.0
  PASS  g >= prev - 1e-9
  PASS  std::isfinite(asympt)
  PASS  std::isfinite(a8)
  PASS  a8 ≈ lim  (3 ≈ 3)
  PASS  std::isfinite(g) && g >= 0.0
  PASS  std::isfinite(g) && g >= 0.0
  PASS  g >= prev - 1e-9
  PASS  std::isfinite(g) && g >= 0.0
  PASS  g >= prev - 1e-9
  PASS  std::isfinite(g) && g >= 0.0
  PASS  g >= prev - 1e-9
  PASS  std::isfinite(g) && g >= 0.0
  PASS  g >= prev - 1e-9
  PASS  std::isfinite(g) && g >= 0.0
  PASS  g >= prev - 1e-9
  PASS  std::isfinite(g) && g >= 0.0
  PASS  g >= prev - 1e-9
  PASS  std::isfinite(g) && g >= 0.0
  PASS  g >= prev - 1e-9
  PASS  std::isfinite(asympt)
  PASS  std::isfinite(a8)
  PASS  a8 ≈ lim  (3 ≈ 3)
  PASS  std::isfinite(g) && g >= 0.0
  PASS  std::isfinite(g) && g >= 0.0
  PASS  g >= prev - 1e-9
  PASS  std::isfinite(g) && g >= 0.0
  PASS  g >= prev - 1e-9
  PASS  std::isfinite(g) && g >= 0.0
  PASS  g >= prev - 1e-9
  PASS  std::isfinite(g) && g >= 0.0
  PASS  g >= prev - 1e-9
  PASS  std::isfinite(g) && g >= 0.0
  PASS  g >= prev - 1e-9
  PASS  std::isfinite(g) && g >= 0.0
  PASS  g >= prev - 1e-9
  PASS  std::isfinite(g) && g >= 0.0
  PASS  g >= prev - 1e-9
  PASS  std::isfinite(asympt)
  PASS  std::isfinite(a8)
  PASS  a8 ≈ lim  (2.99998 ≈ 3)
  PASS  std::isfinite(g) && g >= 0.0
  PASS  std::isfinite(g) && g >= 0.0
  PASS  g >= prev - 1e-9
  PASS  std::isfinite(g) && g >= 0.0
  PASS  g >= prev - 1e-9
  PASS  std::isfinite(g) && g >= 0.0
  PASS  g >= prev - 1e-9
  PASS  std::isfinite(g) && g >= 0.0
  PASS  g >= prev - 1e-9
  PASS  std::isfinite(g) && g >= 0.0
  PASS  g >= prev - 1e-9
  PASS  std::isfinite(g) && g >= 0.0
  PASS  g >= prev - 1e-9
  PASS  std::isfinite(g) && g >= 0.0
  PASS  g >= prev - 1e-9
  PASS  std::isfinite(asympt)
  PASS  std::isfinite(a8)
  PASS  a8 ≈ lim  (2.99998 ≈ 3)
  PASS  std::isfinite(g) && g >= 0.0
  PASS  std::isfinite(g) && g >= 0.0
  PASS  g >= prev - 1e-9
  PASS  std::isfinite(g) && g >= 0.0
  PASS  g >= prev - 1e-9
  PASS  std::isfinite(g) && g >= 0.0
  PASS  g >= prev - 1e-9
  PASS  std::isfinite(g) && g >= 0.0
  PASS  g >= prev - 1e-9
  PASS  std::isfinite(g) && g >= 0.0
  PASS  g >= prev - 1e-9
  PASS  std::isfinite(g) && g >= 0.0
  PASS  g >= prev - 1e-9
  PASS  std::isfinite(g) && g >= 0.0
  PASS  g >= prev - 1e-9
  PASS  std::isfinite(asympt)
  PASS  std::isfinite(a8)
  PASS  a8 ≈ lim  (3 ≈ 3)
  PASS  std::isfinite(g) && g >= 0.0
  PASS  std::isfinite(g) && g >= 0.0
  PASS  g >= prev - 1e-9
  PASS  std::isfinite(g) && g >= 0.0
  PASS  g >= prev - 1e-9
  PASS  std::isfinite(g) && g >= 0.0
  PASS  g >= prev - 1e-9
  PASS  std::isfinite(g) && g >= 0.0
  PASS  g >= prev - 1e-9
  PASS  std::isfinite(g) && g >= 0.0
  PASS  g >= prev - 1e-9
  PASS  std::isfinite(g) && g >= 0.0
  PASS  g >= prev - 1e-9
  PASS  std::isfinite(g) && g >= 0.0
  PASS  g >= prev - 1e-9
  PASS  std::isfinite(asympt)
  PASS  std::isfinite(a8)
  PASS  a8 ≈ lim  (3 ≈ 3)
  PASS  std::isfinite(g) && g >= 0.0
  PASS  std::isfinite(g) && g >= 0.0
  PASS  g >= prev - 1e-9
  PASS  std::isfinite(g) && g >= 0.0
  PASS  g >= prev - 1e-9
  PASS  std::isfinite(g) && g >= 0.0
  PASS  g >= prev - 1e-9
  PASS  std::isfinite(g) && g >= 0.0
  PASS  g >= prev - 1e-9
  PASS  std::isfinite(g) && g >= 0.0
  PASS  g >= prev - 1e-9
  PASS  std::isfinite(g) && g >= 0.0
  PASS  g >= prev - 1e-9
  PASS  std::isfinite(g) && g >= 0.0
  PASS  g >= prev - 1e-9
  PASS  std::isfinite(asympt)
  PASS  std::isfinite(a8)
  PASS  a8 ≈ lim  (2.99998 ≈ 3)
  PASS  std::isfinite(g) && g >= 0.0
  PASS  std::isfinite(g) && g >= 0.0
  PASS  g >= prev - 1e-9
  PASS  std::isfinite(g) && g >= 0.0
  PASS  g >= prev - 1e-9
  PASS  std::isfinite(g) && g >= 0.0
  PASS  g >= prev - 1e-9
  PASS  std::isfinite(g) && g >= 0.0
  PASS  g >= prev - 1e-9
  PASS  std::isfinite(g) && g >= 0.0
  PASS  g >= prev - 1e-9
  PASS  std::isfinite(g) && g >= 0.0
  PASS  g >= prev - 1e-9
  PASS  std::isfinite(g) && g >= 0.0
  PASS  g >= prev - 1e-9
  PASS  std::isfinite(asympt)
  PASS  std::isfinite(a8)
  PASS  a8 ≈ lim  (2.99998 ≈ 3)
  PASS  std::isfinite(g) && g >= 0.0
  PASS  std::isfinite(g) && g >= 0.0
  PASS  g >= prev - 1e-9
  PASS  std::isfinite(g) && g >= 0.0
  PASS  g >= prev - 1e-9
  PASS  std::isfinite(g) && g >= 0.0
  PASS  g >= prev - 1e-9
  PASS  std::isfinite(g) && g >= 0.0
  PASS  g >= prev - 1e-9
  PASS  std::isfinite(g) && g >= 0.0
  PASS  g >= prev - 1e-9
  PASS  std::isfinite(g) && g >= 0.0
  PASS  g >= prev - 1e-9
  PASS  std::isfinite(g) && g >= 0.0
  PASS  g >= prev - 1e-9
  PASS  std::isfinite(asympt)
  PASS  std::isfinite(a8)
  PASS  a8 ≈ lim  (3 ≈ 3)
  PASS  std::isfinite(g) && g >= 0.0
  PASS  std::isfinite(g) && g >= 0.0
  PASS  g >= prev - 1e-9
  PASS  std::isfinite(g) && g >= 0.0
  PASS  g >= prev - 1e-9
  PASS  std::isfinite(g) && g >= 0.0
  PASS  g >= prev - 1e-9
  PASS  std::isfinite(g) && g >= 0.0
  PASS  g >= prev - 1e-9
  PASS  std::isfinite(g) && g >= 0.0
  PASS  g >= prev - 1e-9
  PASS  std::isfinite(g) && g >= 0.0
  PASS  g >= prev - 1e-9
  PASS  std::isfinite(g) && g >= 0.0
  PASS  g >= prev - 1e-9
  PASS  std::isfinite(asympt)
  PASS  std::isfinite(a8)
  PASS  a8 ≈ lim  (3 ≈ 3)
  PASS  std::isfinite(g) && g >= 0.0
  PASS  std::isfinite(g) && g >= 0.0
  PASS  g >= prev - 1e-9
  PASS  std::isfinite(g) && g >= 0.0
  PASS  g >= prev - 1e-9
  PASS  std::isfinite(g) && g >= 0.0
  PASS  g >= prev - 1e-9
  PASS  std::isfinite(g) && g >= 0.0
  PASS  g >= prev - 1e-9
  PASS  std::isfinite(g) && g >= 0.0
  PASS  g >= prev - 1e-9
  PASS  std::isfinite(g) && g >= 0.0
  PASS  g >= prev - 1e-9
  PASS  std::isfinite(g) && g >= 0.0
  PASS  g >= prev - 1e-9
  PASS  std::isfinite(asympt)
  PASS  std::isfinite(a8)
  PASS  a8 ≈ lim  (2.99998 ≈ 3)
  PASS  std::isfinite(g) && g >= 0.0
  PASS  std::isfinite(g) && g >= 0.0
  PASS  g >= prev - 1e-9
  PASS  std::isfinite(g) && g >= 0.0
  PASS  g >= prev - 1e-9
  PASS  std::isfinite(g) && g >= 0.0
  PASS  g >= prev - 1e-9
  PASS  std::isfinite(g) && g >= 0.0
  PASS  g >= prev - 1e-9
  PASS  std::isfinite(g) && g >= 0.0
  PASS  g >= prev - 1e-9
  PASS  std::isfinite(g) && g >= 0.0
  PASS  g >= prev - 1e-9
  PASS  std::isfinite(g) && g >= 0.0
  PASS  g >= prev - 1e-9
  PASS  std::isfinite(asympt)
  PASS  std::isfinite(a8)
  PASS  a8 ≈ lim  (2.99998 ≈ 3)
  PASS  std::isfinite(g) && g >= 0.0
  PASS  g ≈ 1.0  (1 ≈ 1)
  PASS  std::isfinite(g) && g >= 0.0
  PASS  g ≈ 1.0  (1 ≈ 1)
  PASS  g >= prev - 1e-9
  PASS  std::isfinite(g) && g >= 0.0
  PASS  g ≈ 1.0  (1 ≈ 1)
  PASS  g >= prev - 1e-9
  PASS  std::isfinite(g) && g >= 0.0
  PASS  g ≈ 1.0  (1 ≈ 1)
  PASS  g >= prev - 1e-9
  PASS  std::isfinite(g) && g >= 0.0
  PASS  g ≈ 1.0  (1 ≈ 1)
  PASS  g >= prev - 1e-9
  PASS  std::isfinite(g) && g >= 0.0
  PASS  g ≈ 1.0  (1 ≈ 1)
  PASS  g >= prev - 1e-9
  PASS  std::isfinite(g) && g >= 0.0
  PASS  g ≈ 1.0  (1 ≈ 1)
  PASS  g >= prev - 1e-9
  PASS  std::isfinite(g) && g >= 0.0
  PASS  g ≈ 1.0  (1 ≈ 1)
  PASS  g >= prev - 1e-9
  PASS  std::isfinite(asympt)
  PASS  std::isfinite(g) && g >= 0.0
  PASS  g ≈ 1.0  (1 ≈ 1)
  PASS  std::isfinite(g) && g >= 0.0
  PASS  g ≈ 1.0  (1 ≈ 1)
  PASS  g >= prev - 1e-9
  PASS  std::isfinite(g) && g >= 0.0
  PASS  g ≈ 1.0  (1 ≈ 1)
  PASS  g >= prev - 1e-9
  PASS  std::isfinite(g) && g >= 0.0
  PASS  g ≈ 1.0  (1 ≈ 1)
  PASS  g >= prev - 1e-9
  PASS  std::isfinite(g) && g >= 0.0
  PASS  g ≈ 1.0  (1 ≈ 1)
  PASS  g >= prev - 1e-9
  PASS  std::isfinite(g) && g >= 0.0
  PASS  g ≈ 1.0  (1 ≈ 1)
  PASS  g >= prev - 1e-9
  PASS  std::isfinite(g) && g >= 0.0
  PASS  g ≈ 1.0  (1 ≈ 1)
  PASS  g >= prev - 1e-9
  PASS  std::isfinite(g) && g >= 0.0
  PASS  g ≈ 1.0  (1 ≈ 1)
  PASS  g >= prev - 1e-9
  PASS  std::isfinite(asympt)
  PASS  std::isfinite(g) && g >= 0.0
  PASS  g ≈ 1.0  (1 ≈ 1)
  PASS  std::isfinite(g) && g >= 0.0
  PASS  g ≈ 1.0  (1 ≈ 1)
  PASS  g >= prev - 1e-9
  PASS  std::isfinite(g) && g >= 0.0
  PASS  g ≈ 1.0  (1 ≈ 1)
  PASS  g >= prev - 1e-9
  PASS  std::isfinite(g) && g >= 0.0
  PASS  g ≈ 1.0  (1 ≈ 1)
  PASS  g >= prev - 1e-9
  PASS  std::isfinite(g) && g >= 0.0
  PASS  g ≈ 1.0  (1 ≈ 1)
  PASS  g >= prev - 1e-9
  PASS  std::isfinite(g) && g >= 0.0
  PASS  g ≈ 1.0  (1 ≈ 1)
  PASS  g >= prev - 1e-9
  PASS  std::isfinite(g) && g >= 0.0
  PASS  g ≈ 1.0  (1 ≈ 1)
  PASS  g >= prev - 1e-9
  PASS  std::isfinite(g) && g >= 0.0
  PASS  g ≈ 1.0  (1 ≈ 1)
  PASS  g >= prev - 1e-9
  PASS  std::isfinite(asympt)
  PASS  std::isfinite(g) && g >= 0.0
  PASS  g ≈ 1.0  (1 ≈ 1)
  PASS  std::isfinite(g) && g >= 0.0
  PASS  g ≈ 1.0  (1 ≈ 1)
  PASS  g >= prev - 1e-9
  PASS  std::isfinite(g) && g >= 0.0
  PASS  g ≈ 1.0  (1 ≈ 1)
  PASS  g >= prev - 1e-9
  PASS  std::isfinite(g) && g >= 0.0
  PASS  g ≈ 1.0  (1 ≈ 1)
  PASS  g >= prev - 1e-9
  PASS  std::isfinite(g) && g >= 0.0
  PASS  g ≈ 1.0  (1 ≈ 1)
  PASS  g >= prev - 1e-9
  PASS  std::isfinite(g) && g >= 0.0
  PASS  g ≈ 1.0  (1 ≈ 1)
  PASS  g >= prev - 1e-9
  PASS  std::isfinite(g) && g >= 0.0
  PASS  g ≈ 1.0  (1 ≈ 1)
  PASS  g >= prev - 1e-9
  PASS  std::isfinite(g) && g >= 0.0
  PASS  g ≈ 1.0  (1 ≈ 1)
  PASS  g >= prev - 1e-9
  PASS  std::isfinite(asympt)
  PASS  std::isfinite(g) && g >= 0.0
  PASS  std::isfinite(g) && g >= 0.0
  PASS  g >= prev - 1e-9
  PASS  std::isfinite(g) && g >= 0.0
  PASS  g >= prev - 1e-9
  PASS  std::isfinite(g) && g >= 0.0
  PASS  g >= prev - 1e-9
  PASS  std::isfinite(g) && g >= 0.0
  PASS  g >= prev - 1e-9
  PASS  std::isfinite(g) && g >= 0.0
  PASS  g >= prev - 1e-9
  PASS  std::isfinite(g) && g >= 0.0
  PASS  g >= prev - 1e-9
  PASS  std::isfinite(g) && g >= 0.0
  PASS  g >= prev - 1e-9
  PASS  std::isfinite(asympt)
  PASS  std::isfinite(a9)
  PASS  a9 > lim * 0.9
  PASS  std::isfinite(g) && g >= 0.0
  PASS  std::isfinite(g) && g >= 0.0
  PASS  g >= prev - 1e-9
  PASS  std::isfinite(g) && g >= 0.0
  PASS  g >= prev - 1e-9
  PASS  std::isfinite(g) && g >= 0.0
  PASS  g >= prev - 1e-9
  PASS  std::isfinite(g) && g >= 0.0
  PASS  g >= prev - 1e-9
  PASS  std::isfinite(g) && g >= 0.0
  PASS  g >= prev - 1e-9
  PASS  std::isfinite(g) && g >= 0.0
  PASS  g >= prev - 1e-9
  PASS  std::isfinite(g) && g >= 0.0
  PASS  g >= prev - 1e-9
  PASS  std::isfinite(asympt)
  PASS  std::isfinite(a9)
  PASS  a9 > lim * 0.9
  PASS  std::isfinite(g) && g >= 0.0
  PASS  std::isfinite(g) && g >= 0.0
  PASS  g >= prev - 1e-9
  PASS  std::isfinite(g) && g >= 0.0
  PASS  g >= prev - 1e-9
  PASS  std::isfinite(g) && g >= 0.0
  PASS  g >= prev - 1e-9
  PASS  std::isfinite(g) && g >= 0.0
  PASS  g >= prev - 1e-9
  PASS  std::isfinite(g) && g >= 0.0
  PASS  g >= prev - 1e-9
  PASS  std::isfinite(g) && g >= 0.0
  PASS  g >= prev - 1e-9
  PASS  std::isfinite(g) && g >= 0.0
  PASS  g >= prev - 1e-9
  PASS  std::isfinite(asympt)
  PASS  std::isfinite(a9)
  PASS  a9 > lim * 0.9
  PASS  std::isfinite(g) && g >= 0.0
  PASS  std::isfinite(g) && g >= 0.0
  PASS  g >= prev - 1e-9
  PASS  std::isfinite(g) && g >= 0.0
  PASS  g >= prev - 1e-9
  PASS  std::isfinite(g) && g >= 0.0
  PASS  g >= prev - 1e-9
  PASS  std::isfinite(g) && g >= 0.0
  PASS  g >= prev - 1e-9
  PASS  std::isfinite(g) && g >= 0.0
  PASS  g >= prev - 1e-9
  PASS  std::isfinite(g) && g >= 0.0
  PASS  g >= prev - 1e-9
  PASS  std::isfinite(g) && g >= 0.0
  PASS  g >= prev - 1e-9
  PASS  std::isfinite(asympt)
  PASS  std::isfinite(a9)
  PASS  a9 > lim * 0.9
  PASS  std::isfinite(g) && g >= 0.0
  PASS  std::isfinite(g) && g >= 0.0
  PASS  g >= prev - 1e-9
  PASS  std::isfinite(g) && g >= 0.0
  PASS  g >= prev - 1e-9
  PASS  std::isfinite(g) && g >= 0.0
  PASS  g >= prev - 1e-9
  PASS  std::isfinite(g) && g >= 0.0
  PASS  g >= prev - 1e-9
  PASS  std::isfinite(g) && g >= 0.0
  PASS  g >= prev - 1e-9
  PASS  std::isfinite(g) && g >= 0.0
  PASS  g >= prev - 1e-9
  PASS  std::isfinite(g) && g >= 0.0
  PASS  g >= prev - 1e-9
  PASS  std::isfinite(asympt)
  PASS  std::isfinite(a9)
  PASS  a9 > lim * 0.9
  PASS  std::isfinite(g) && g >= 0.0
  PASS  std::isfinite(g) && g >= 0.0
  PASS  g >= prev - 1e-9
  PASS  std::isfinite(g) && g >= 0.0
  PASS  g >= prev - 1e-9
  PASS  std::isfinite(g) && g >= 0.0
  PASS  g >= prev - 1e-9
  PASS  std::isfinite(g) && g >= 0.0
  PASS  g >= prev - 1e-9
  PASS  std::isfinite(g) && g >= 0.0
  PASS  g >= prev - 1e-9
  PASS  std::isfinite(g) && g >= 0.0
  PASS  g >= prev - 1e-9
  PASS  std::isfinite(g) && g >= 0.0
  PASS  g >= prev - 1e-9
  PASS  std::isfinite(asympt)
  PASS  std::isfinite(a9)
  PASS  a9 > lim * 0.9
  PASS  std::isfinite(g) && g >= 0.0
  PASS  std::isfinite(g) && g >= 0.0
  PASS  g >= prev - 1e-9
  PASS  std::isfinite(g) && g >= 0.0
  PASS  g >= prev - 1e-9
  PASS  std::isfinite(g) && g >= 0.0
  PASS  g >= prev - 1e-9
  PASS  std::isfinite(g) && g >= 0.0
  PASS  g >= prev - 1e-9
  PASS  std::isfinite(g) && g >= 0.0
  PASS  g >= prev - 1e-9
  PASS  std::isfinite(g) && g >= 0.0
  PASS  g >= prev - 1e-9
  PASS  std::isfinite(g) && g >= 0.0
  PASS  g >= prev - 1e-9
  PASS  std::isfinite(asympt)
  PASS  std::isfinite(a9)
  PASS  a9 > lim * 0.9
  PASS  std::isfinite(g) && g >= 0.0
  PASS  std::isfinite(g) && g >= 0.0
  PASS  g >= prev - 1e-9
  PASS  std::isfinite(g) && g >= 0.0
  PASS  g >= prev - 1e-9
  PASS  std::isfinite(g) && g >= 0.0
  PASS  g >= prev - 1e-9
  PASS  std::isfinite(g) && g >= 0.0
  PASS  g >= prev - 1e-9
  PASS  std::isfinite(g) && g >= 0.0
  PASS  g >= prev - 1e-9
  PASS  std::isfinite(g) && g >= 0.0
  PASS  g >= prev - 1e-9
  PASS  std::isfinite(g) && g >= 0.0
  PASS  g >= prev - 1e-9
  PASS  std::isfinite(asympt)
  PASS  std::isfinite(a9)
  PASS  a9 > lim * 0.9
  PASS  std::isfinite(g) && g >= 0.0
  PASS  std::isfinite(g) && g >= 0.0
  PASS  g >= prev - 1e-9
  PASS  std::isfinite(g) && g >= 0.0
  PASS  g >= prev - 1e-9
  PASS  std::isfinite(g) && g >= 0.0
  PASS  g >= prev - 1e-9
  PASS  std::isfinite(g) && g >= 0.0
  PASS  g >= prev - 1e-9
  PASS  std::isfinite(g) && g >= 0.0
  PASS  g >= prev - 1e-9
  PASS  std::isfinite(g) && g >= 0.0
  PASS  g >= prev - 1e-9
  PASS  std::isfinite(g) && g >= 0.0
  PASS  g >= prev - 1e-9
  PASS  std::isfinite(asympt)
  PASS  std::isfinite(a9)
  PASS  a9 > lim * 0.9
  PASS  std::isfinite(g) && g >= 0.0
  PASS  std::isfinite(g) && g >= 0.0
  PASS  g >= prev - 1e-9
  PASS  std::isfinite(g) && g >= 0.0
  PASS  g >= prev - 1e-9
  PASS  std::isfinite(g) && g >= 0.0
  PASS  g >= prev - 1e-9
  PASS  std::isfinite(g) && g >= 0.0
  PASS  g >= prev - 1e-9
  PASS  std::isfinite(g) && g >= 0.0
  PASS  g >= prev - 1e-9
  PASS  std::isfinite(g) && g >= 0.0
  PASS  g >= prev - 1e-9
  PASS  std::isfinite(g) && g >= 0.0
  PASS  g >= prev - 1e-9
  PASS  std::isfinite(asympt)
  PASS  std::isfinite(a9)
  PASS  a9 > lim * 0.9
  PASS  std::isfinite(g) && g >= 0.0
  PASS  std::isfinite(g) && g >= 0.0
  PASS  g >= prev - 1e-9
  PASS  std::isfinite(g) && g >= 0.0
  PASS  g >= prev - 1e-9
  PASS  std::isfinite(g) && g >= 0.0
  PASS  g >= prev - 1e-9
  PASS  std::isfinite(g) && g >= 0.0
  PASS  g >= prev - 1e-9
  PASS  std::isfinite(g) && g >= 0.0
  PASS  g >= prev - 1e-9
  PASS  std::isfinite(g) && g >= 0.0
  PASS  g >= prev - 1e-9
  PASS  std::isfinite(g) && g >= 0.0
  PASS  g >= prev - 1e-9
  PASS  std::isfinite(asympt)
  PASS  std::isfinite(a9)
  PASS  a9 > lim * 0.9
  PASS  std::isfinite(g) && g >= 0.0
  PASS  std::isfinite(g) && g >= 0.0
  PASS  g >= prev - 1e-9
  PASS  std::isfinite(g) && g >= 0.0
  PASS  g >= prev - 1e-9
  PASS  std::isfinite(g) && g >= 0.0
  PASS  g >= prev - 1e-9
  PASS  std::isfinite(g) && g >= 0.0
  PASS  g >= prev - 1e-9
  PASS  std::isfinite(g) && g >= 0.0
  PASS  g >= prev - 1e-9
  PASS  std::isfinite(g) && g >= 0.0
  PASS  g >= prev - 1e-9
  PASS  std::isfinite(g) && g >= 0.0
  PASS  g >= prev - 1e-9
  PASS  std::isfinite(asympt)
  PASS  std::isfinite(a9)
  PASS  a9 > lim * 0.9
  PASS  std::isfinite(g) && g >= 0.0
  PASS  std::isfinite(g) && g >= 0.0
  PASS  g >= prev - 1e-9
  PASS  std::isfinite(g) && g >= 0.0
  PASS  g >= prev - 1e-9
  PASS  std::isfinite(g) && g >= 0.0
  PASS  g >= prev - 1e-9
  PASS  std::isfinite(g) && g >= 0.0
  PASS  g >= prev - 1e-9
  PASS  std::isfinite(g) && g >= 0.0
  PASS  g >= prev - 1e-9
  PASS  std::isfinite(g) && g >= 0.0
  PASS  g >= prev - 1e-9
  PASS  std::isfinite(g) && g >= 0.0
  PASS  g >= prev - 1e-9
  PASS  std::isfinite(asympt)
  PASS  std::isfinite(a9)
  PASS  a9 > lim * 0.9
  PASS  std::isfinite(g) && g >= 0.0
  PASS  std::isfinite(g) && g >= 0.0
  PASS  g >= prev - 1e-9
  PASS  std::isfinite(g) && g >= 0.0
  PASS  g >= prev - 1e-9
  PASS  std::isfinite(g) && g >= 0.0
  PASS  g >= prev - 1e-9
  PASS  std::isfinite(g) && g >= 0.0
  PASS  g >= prev - 1e-9
  PASS  std::isfinite(g) && g >= 0.0
  PASS  g >= prev - 1e-9
  PASS  std::isfinite(g) && g >= 0.0
  PASS  g >= prev - 1e-9
  PASS  std::isfinite(g) && g >= 0.0
  PASS  g >= prev - 1e-9
  PASS  std::isfinite(asympt)
  PASS  std::isfinite(a9)
  PASS  a9 > lim * 0.9
  PASS  std::isfinite(g) && g >= 0.0
  PASS  std::isfinite(g) && g >= 0.0
  PASS  g >= prev - 1e-9
  PASS  std::isfinite(g) && g >= 0.0
  PASS  g >= prev - 1e-9
  PASS  std::isfinite(g) && g >= 0.0
  PASS  g >= prev - 1e-9
  PASS  std::isfinite(g) && g >= 0.0
  PASS  g >= prev - 1e-9
  PASS  std::isfinite(g) && g >= 0.0
  PASS  g >= prev - 1e-9
  PASS  std::isfinite(g) && g >= 0.0
  PASS  g >= prev - 1e-9
  PASS  std::isfinite(g) && g >= 0.0
  PASS  g >= prev - 1e-9
  PASS  std::isfinite(asympt)
  PASS  std::isfinite(a9)
  PASS  a9 > lim * 0.9
  PASS  std::isfinite(g) && g >= 0.0
  PASS  std::isfinite(g) && g >= 0.0
  PASS  g >= prev - 1e-9
  PASS  std::isfinite(g) && g >= 0.0
  PASS  g >= prev - 1e-9
  PASS  std::isfinite(g) && g >= 0.0
  PASS  g >= prev - 1e-9
  PASS  std::isfinite(g) && g >= 0.0
  PASS  g >= prev - 1e-9
  PASS  std::isfinite(g) && g >= 0.0
  PASS  g >= prev - 1e-9
  PASS  std::isfinite(g) && g >= 0.0
  PASS  g >= prev - 1e-9
  PASS  std::isfinite(g) && g >= 0.0
  PASS  g >= prev - 1e-9
  PASS  std::isfinite(asympt)
  PASS  std::isfinite(a9)
  PASS  a9 > lim * 0.9
  PASS  n(0.0, args) ≈ 1.0  (1 ≈ 1)
  PASS  n(off + 1e-9, args) ≈ 1.0  (1 ≈ 1)
  PASS  n(off + 5.0, args) ≈ 1.0  (1 ≈ 1)
  PASS  n(off + 1e6, args) ≈ 1.0  (1 ≈ 1)
  PASS  n(0.0, args) ≈ 1.0  (1 ≈ 1)
  PASS  n(off + 1e-9, args) ≈ 1.0  (1 ≈ 1)
  PASS  n(off + 5.0, args) ≈ 1.0  (1 ≈ 1)
  PASS  n(off + 1e6, args) ≈ 1.0  (1 ≈ 1)
  PASS  n(0.0, args) ≈ 1.0  (1 ≈ 1)
  PASS  n(off + 1e-9, args) ≈ 1.0  (1 ≈ 1)
  PASS  n(off + 5.0, args) ≈ 1.0  (1 ≈ 1)
  PASS  n(off + 1e6, args) ≈ 1.0  (1 ≈ 1)
  PASS  n(0.0, args) ≈ 1.0  (1 ≈ 1)
  PASS  n(off + 1e-9, args) ≈ 1.0  (1 ≈ 1)
  PASS  n(off + 5.0, args) ≈ 1.0  (1 ≈ 1)
  PASS  n(off + 1e6, args) ≈ 1.0  (1 ≈ 1)

[P105 — natural: smooth/sync_speed/scale/output_offset foreign independence + smooth 0 vs tiny]
  PASS  std::isfinite(g) && g > 0.0
  PASS  nv(x, alt) ≈ n0(x, base)  (1 ≈ 1)
  PASS  std::isfinite(g) && g > 0.0
  PASS  nv(x, alt) ≈ n0(x, base)  (1.00005 ≈ 1.00005)
  PASS  std::isfinite(g) && g > 0.0
  PASS  nv(x, alt) ≈ n0(x, base)  (1.02419 ≈ 1.02419)
  PASS  std::isfinite(g) && g > 0.0
  PASS  nv(x, alt) ≈ n0(x, base)  (1.18394 ≈ 1.18394)
  PASS  std::isfinite(g) && g > 0.0
  PASS  nv(x, alt) ≈ n0(x, base)  (1.475 ≈ 1.475)
  PASS  std::isfinite(g) && g > 0.0
  PASS  nv(x, alt) ≈ n0(x, base)  (1.5 ≈ 1.5)
  PASS  std::isfinite(g) && g > 0.0
  PASS  nv(x, alt) ≈ n0(x, base)  (1 ≈ 1)
  PASS  std::isfinite(g) && g > 0.0
  PASS  nv(x, alt) ≈ n0(x, base)  (1.00005 ≈ 1.00005)
  PASS  std::isfinite(g) && g > 0.0
  PASS  nv(x, alt) ≈ n0(x, base)  (1.02419 ≈ 1.02419)
  PASS  std::isfinite(g) && g > 0.0
  PASS  nv(x, alt) ≈ n0(x, base)  (1.18394 ≈ 1.18394)
  PASS  std::isfinite(g) && g > 0.0
  PASS  nv(x, alt) ≈ n0(x, base)  (1.475 ≈ 1.475)
  PASS  std::isfinite(g) && g > 0.0
  PASS  nv(x, alt) ≈ n0(x, base)  (1.5 ≈ 1.5)
  PASS  std::isfinite(g) && g > 0.0
  PASS  nv(x, alt) ≈ n0(x, base)  (1 ≈ 1)
  PASS  std::isfinite(g) && g > 0.0
  PASS  nv(x, alt) ≈ n0(x, base)  (1.00005 ≈ 1.00005)
  PASS  std::isfinite(g) && g > 0.0
  PASS  nv(x, alt) ≈ n0(x, base)  (1.02419 ≈ 1.02419)
  PASS  std::isfinite(g) && g > 0.0
  PASS  nv(x, alt) ≈ n0(x, base)  (1.18394 ≈ 1.18394)
  PASS  std::isfinite(g) && g > 0.0
  PASS  nv(x, alt) ≈ n0(x, base)  (1.475 ≈ 1.475)
  PASS  std::isfinite(g) && g > 0.0
  PASS  nv(x, alt) ≈ n0(x, base)  (1.5 ≈ 1.5)
  PASS  std::isfinite(g) && g > 0.0
  PASS  nv(x, alt) ≈ n0(x, base)  (1 ≈ 1)
  PASS  std::isfinite(g) && g > 0.0
  PASS  nv(x, alt) ≈ n0(x, base)  (1.00005 ≈ 1.00005)
  PASS  std::isfinite(g) && g > 0.0
  PASS  nv(x, alt) ≈ n0(x, base)  (1.02419 ≈ 1.02419)
  PASS  std::isfinite(g) && g > 0.0
  PASS  nv(x, alt) ≈ n0(x, base)  (1.18394 ≈ 1.18394)
  PASS  std::isfinite(g) && g > 0.0
  PASS  nv(x, alt) ≈ n0(x, base)  (1.475 ≈ 1.475)
  PASS  std::isfinite(g) && g > 0.0
  PASS  nv(x, alt) ≈ n0(x, base)  (1.5 ≈ 1.5)
  PASS  std::isfinite(g) && g > 0.0
  PASS  nv(x, alt) ≈ n0(x, base)  (1 ≈ 1)
  PASS  std::isfinite(g) && g > 0.0
  PASS  nv(x, alt) ≈ n0(x, base)  (1.00005 ≈ 1.00005)
  PASS  std::isfinite(g) && g > 0.0
  PASS  nv(x, alt) ≈ n0(x, base)  (1.02419 ≈ 1.02419)
  PASS  std::isfinite(g) && g > 0.0
  PASS  nv(x, alt) ≈ n0(x, base)  (1.18394 ≈ 1.18394)
  PASS  std::isfinite(g) && g > 0.0
  PASS  nv(x, alt) ≈ n0(x, base)  (1.475 ≈ 1.475)
  PASS  std::isfinite(g) && g > 0.0
  PASS  nv(x, alt) ≈ n0(x, base)  (1.5 ≈ 1.5)
  PASS  std::isfinite(g) && g > 0.0
  PASS  nv(x, alt) ≈ n0(x, base)  (1 ≈ 1)
  PASS  std::isfinite(g) && g > 0.0
  PASS  nv(x, alt) ≈ n0(x, base)  (1.00005 ≈ 1.00005)
  PASS  std::isfinite(g) && g > 0.0
  PASS  nv(x, alt) ≈ n0(x, base)  (1.02419 ≈ 1.02419)
  PASS  std::isfinite(g) && g > 0.0
  PASS  nv(x, alt) ≈ n0(x, base)  (1.18394 ≈ 1.18394)
  PASS  std::isfinite(g) && g > 0.0
  PASS  nv(x, alt) ≈ n0(x, base)  (1.475 ≈ 1.475)
  PASS  std::isfinite(g) && g > 0.0
  PASS  nv(x, alt) ≈ n0(x, base)  (1.5 ≈ 1.5)
  PASS  std::isfinite(g) && g > 0.0
  PASS  nv(x, alt) ≈ n0(x, base)  (1 ≈ 1)
  PASS  std::isfinite(g) && g > 0.0
  PASS  nv(x, alt) ≈ n0(x, base)  (1.00005 ≈ 1.00005)
  PASS  std::isfinite(g) && g > 0.0
  PASS  nv(x, alt) ≈ n0(x, base)  (1.02419 ≈ 1.02419)
  PASS  std::isfinite(g) && g > 0.0
  PASS  nv(x, alt) ≈ n0(x, base)  (1.18394 ≈ 1.18394)
  PASS  std::isfinite(g) && g > 0.0
  PASS  nv(x, alt) ≈ n0(x, base)  (1.475 ≈ 1.475)
  PASS  std::isfinite(g) && g > 0.0
  PASS  nv(x, alt) ≈ n0(x, base)  (1.5 ≈ 1.5)
  PASS  std::isfinite(g) && g > 0.0
  PASS  nv(x, alt) ≈ n0(x, base)  (1 ≈ 1)
  PASS  std::isfinite(g) && g > 0.0
  PASS  nv(x, alt) ≈ n0(x, base)  (1.00005 ≈ 1.00005)
  PASS  std::isfinite(g) && g > 0.0
  PASS  nv(x, alt) ≈ n0(x, base)  (1.02419 ≈ 1.02419)
  PASS  std::isfinite(g) && g > 0.0
  PASS  nv(x, alt) ≈ n0(x, base)  (1.18394 ≈ 1.18394)
  PASS  std::isfinite(g) && g > 0.0
  PASS  nv(x, alt) ≈ n0(x, base)  (1.475 ≈ 1.475)
  PASS  std::isfinite(g) && g > 0.0
  PASS  nv(x, alt) ≈ n0(x, base)  (1.5 ≈ 1.5)
  PASS  std::isfinite(g) && g > 0.0
  PASS  nv(x, alt) ≈ n0(x, base)  (1 ≈ 1)
  PASS  std::isfinite(g) && g > 0.0
  PASS  nv(x, alt) ≈ n0(x, base)  (1.00005 ≈ 1.00005)
  PASS  std::isfinite(g) && g > 0.0
  PASS  nv(x, alt) ≈ n0(x, base)  (1.02419 ≈ 1.02419)
  PASS  std::isfinite(g) && g > 0.0
  PASS  nv(x, alt) ≈ n0(x, base)  (1.18394 ≈ 1.18394)
  PASS  std::isfinite(g) && g > 0.0
  PASS  nv(x, alt) ≈ n0(x, base)  (1.475 ≈ 1.475)
  PASS  std::isfinite(g) && g > 0.0
  PASS  nv(x, alt) ≈ n0(x, base)  (1.5 ≈ 1.5)
  PASS  std::isfinite(g) && g > 0.0
  PASS  nv(x, alt) ≈ n0(x, base)  (1 ≈ 1)
  PASS  std::isfinite(g) && g > 0.0
  PASS  nv(x, alt) ≈ n0(x, base)  (1.00005 ≈ 1.00005)
  PASS  std::isfinite(g) && g > 0.0
  PASS  nv(x, alt) ≈ n0(x, base)  (1.02419 ≈ 1.02419)
  PASS  std::isfinite(g) && g > 0.0
  PASS  nv(x, alt) ≈ n0(x, base)  (1.18394 ≈ 1.18394)
  PASS  std::isfinite(g) && g > 0.0
  PASS  nv(x, alt) ≈ n0(x, base)  (1.475 ≈ 1.475)
  PASS  std::isfinite(g) && g > 0.0
  PASS  nv(x, alt) ≈ n0(x, base)  (1.5 ≈ 1.5)
  PASS  std::isfinite(g) && g > 0.0
  PASS  nv(x, alt) ≈ n0(x, base)  (1 ≈ 1)
  PASS  std::isfinite(g) && g > 0.0
  PASS  nv(x, alt) ≈ n0(x, base)  (1.00005 ≈ 1.00005)
  PASS  std::isfinite(g) && g > 0.0
  PASS  nv(x, alt) ≈ n0(x, base)  (1.02419 ≈ 1.02419)
  PASS  std::isfinite(g) && g > 0.0
  PASS  nv(x, alt) ≈ n0(x, base)  (1.18394 ≈ 1.18394)
  PASS  std::isfinite(g) && g > 0.0
  PASS  nv(x, alt) ≈ n0(x, base)  (1.475 ≈ 1.475)
  PASS  std::isfinite(g) && g > 0.0
  PASS  nv(x, alt) ≈ n0(x, base)  (1.5 ≈ 1.5)
  PASS  std::isfinite(g) && g > 0.0
  PASS  nv(x, alt) ≈ n0(x, base)  (1 ≈ 1)
  PASS  std::isfinite(g) && g > 0.0
  PASS  nv(x, alt) ≈ n0(x, base)  (1.00005 ≈ 1.00005)
  PASS  std::isfinite(g) && g > 0.0
  PASS  nv(x, alt) ≈ n0(x, base)  (1.02419 ≈ 1.02419)
  PASS  std::isfinite(g) && g > 0.0
  PASS  nv(x, alt) ≈ n0(x, base)  (1.18394 ≈ 1.18394)
  PASS  std::isfinite(g) && g > 0.0
  PASS  nv(x, alt) ≈ n0(x, base)  (1.475 ≈ 1.475)
  PASS  std::isfinite(g) && g > 0.0
  PASS  nv(x, alt) ≈ n0(x, base)  (1.5 ≈ 1.5)
  PASS  std::isfinite(g) && g > 0.0
  PASS  nv(x, alt) ≈ n0(x, base)  (1 ≈ 1)
  PASS  std::isfinite(g) && g > 0.0
  PASS  nv(x, alt) ≈ n0(x, base)  (1.00005 ≈ 1.00005)
  PASS  std::isfinite(g) && g > 0.0
  PASS  nv(x, alt) ≈ n0(x, base)  (1.02419 ≈ 1.02419)
  PASS  std::isfinite(g) && g > 0.0
  PASS  nv(x, alt) ≈ n0(x, base)  (1.18394 ≈ 1.18394)
  PASS  std::isfinite(g) && g > 0.0
  PASS  nv(x, alt) ≈ n0(x, base)  (1.475 ≈ 1.475)
  PASS  std::isfinite(g) && g > 0.0
  PASS  nv(x, alt) ≈ n0(x, base)  (1.5 ≈ 1.5)
  PASS  std::isfinite(g) && g > 0.0
  PASS  nv(x, alt) ≈ n0(x, base)  (1 ≈ 1)
  PASS  std::isfinite(g) && g > 0.0
  PASS  nv(x, alt) ≈ n0(x, base)  (1.00005 ≈ 1.00005)
  PASS  std::isfinite(g) && g > 0.0
  PASS  nv(x, alt) ≈ n0(x, base)  (1.02419 ≈ 1.02419)
  PASS  std::isfinite(g) && g > 0.0
  PASS  nv(x, alt) ≈ n0(x, base)  (1.18394 ≈ 1.18394)
  PASS  std::isfinite(g) && g > 0.0
  PASS  nv(x, alt) ≈ n0(x, base)  (1.475 ≈ 1.475)
  PASS  std::isfinite(g) && g > 0.0
  PASS  nv(x, alt) ≈ n0(x, base)  (1.5 ≈ 1.5)
  PASS  std::isfinite(g) && g > 0.0
  PASS  nv(x, alt) ≈ n0(x, base)  (1 ≈ 1)
  PASS  std::isfinite(g) && g > 0.0
  PASS  nv(x, alt) ≈ n0(x, base)  (1.00005 ≈ 1.00005)
  PASS  std::isfinite(g) && g > 0.0
  PASS  nv(x, alt) ≈ n0(x, base)  (1.02419 ≈ 1.02419)
  PASS  std::isfinite(g) && g > 0.0
  PASS  nv(x, alt) ≈ n0(x, base)  (1.18394 ≈ 1.18394)
  PASS  std::isfinite(g) && g > 0.0
  PASS  nv(x, alt) ≈ n0(x, base)  (1.475 ≈ 1.475)
  PASS  std::isfinite(g) && g > 0.0
  PASS  nv(x, alt) ≈ n0(x, base)  (1.5 ≈ 1.5)
  PASS  std::isfinite(g) && g > 0.0
  PASS  nv(x, alt) ≈ n0(x, base)  (1 ≈ 1)
  PASS  std::isfinite(g) && g > 0.0
  PASS  nv(x, alt) ≈ n0(x, base)  (1.00005 ≈ 1.00005)
  PASS  std::isfinite(g) && g > 0.0
  PASS  nv(x, alt) ≈ n0(x, base)  (1.02419 ≈ 1.02419)
  PASS  std::isfinite(g) && g > 0.0
  PASS  nv(x, alt) ≈ n0(x, base)  (1.18394 ≈ 1.18394)
  PASS  std::isfinite(g) && g > 0.0
  PASS  nv(x, alt) ≈ n0(x, base)  (1.475 ≈ 1.475)
  PASS  std::isfinite(g) && g > 0.0
  PASS  nv(x, alt) ≈ n0(x, base)  (1.5 ≈ 1.5)
  PASS  std::isfinite(g) && g > 0.0
  PASS  nv(x, alt) ≈ n0(x, base)  (1 ≈ 1)
  PASS  std::isfinite(g) && g > 0.0
  PASS  nv(x, alt) ≈ n0(x, base)  (1.00005 ≈ 1.00005)
  PASS  std::isfinite(g) && g > 0.0
  PASS  nv(x, alt) ≈ n0(x, base)  (1.02419 ≈ 1.02419)
  PASS  std::isfinite(g) && g > 0.0
  PASS  nv(x, alt) ≈ n0(x, base)  (1.18394 ≈ 1.18394)
  PASS  std::isfinite(g) && g > 0.0
  PASS  nv(x, alt) ≈ n0(x, base)  (1.475 ≈ 1.475)
  PASS  std::isfinite(g) && g > 0.0
  PASS  nv(x, alt) ≈ n0(x, base)  (1.5 ≈ 1.5)
  PASS  std::isfinite(g) && g > 0.0
  PASS  nv(x, alt) ≈ n0(x, base)  (1 ≈ 1)
  PASS  std::isfinite(g) && g > 0.0
  PASS  nv(x, alt) ≈ n0(x, base)  (1.00005 ≈ 1.00005)
  PASS  std::isfinite(g) && g > 0.0
  PASS  nv(x, alt) ≈ n0(x, base)  (1.02419 ≈ 1.02419)
  PASS  std::isfinite(g) && g > 0.0
  PASS  nv(x, alt) ≈ n0(x, base)  (1.18394 ≈ 1.18394)
  PASS  std::isfinite(g) && g > 0.0
  PASS  nv(x, alt) ≈ n0(x, base)  (1.475 ≈ 1.475)
  PASS  std::isfinite(g) && g > 0.0
  PASS  nv(x, alt) ≈ n0(x, base)  (1.5 ≈ 1.5)
  PASS  std::isfinite(g) && g > 0.0
  PASS  nv(x, alt) ≈ n0(x, base)  (1 ≈ 1)
  PASS  std::isfinite(g) && g > 0.0
  PASS  nv(x, alt) ≈ n0(x, base)  (1.00005 ≈ 1.00005)
  PASS  std::isfinite(g) && g > 0.0
  PASS  nv(x, alt) ≈ n0(x, base)  (1.02419 ≈ 1.02419)
  PASS  std::isfinite(g) && g > 0.0
  PASS  nv(x, alt) ≈ n0(x, base)  (1.18394 ≈ 1.18394)
  PASS  std::isfinite(g) && g > 0.0
  PASS  nv(x, alt) ≈ n0(x, base)  (1.475 ≈ 1.475)
  PASS  std::isfinite(g) && g > 0.0
  PASS  nv(x, alt) ≈ n0(x, base)  (1.5 ≈ 1.5)
  PASS  std::isfinite(g) && g > 0.0
  PASS  nv(x, alt) ≈ n0(x, base)  (1 ≈ 1)
  PASS  std::isfinite(g) && g > 0.0
  PASS  nv(x, alt) ≈ n0(x, base)  (1.00005 ≈ 1.00005)
  PASS  std::isfinite(g) && g > 0.0
  PASS  nv(x, alt) ≈ n0(x, base)  (1.02419 ≈ 1.02419)
  PASS  std::isfinite(g) && g > 0.0
  PASS  nv(x, alt) ≈ n0(x, base)  (1.18394 ≈ 1.18394)
  PASS  std::isfinite(g) && g > 0.0
  PASS  nv(x, alt) ≈ n0(x, base)  (1.475 ≈ 1.475)
  PASS  std::isfinite(g) && g > 0.0
  PASS  nv(x, alt) ≈ n0(x, base)  (1.5 ≈ 1.5)
  PASS  std::isfinite(g) && g > 0.0
  PASS  nv(x, alt) ≈ n0(x, base)  (1 ≈ 1)
  PASS  std::isfinite(g) && g > 0.0
  PASS  nv(x, alt) ≈ n0(x, base)  (1.00005 ≈ 1.00005)
  PASS  std::isfinite(g) && g > 0.0
  PASS  nv(x, alt) ≈ n0(x, base)  (1.02419 ≈ 1.02419)
  PASS  std::isfinite(g) && g > 0.0
  PASS  nv(x, alt) ≈ n0(x, base)  (1.18394 ≈ 1.18394)
  PASS  std::isfinite(g) && g > 0.0
  PASS  nv(x, alt) ≈ n0(x, base)  (1.475 ≈ 1.475)
  PASS  std::isfinite(g) && g > 0.0
  PASS  nv(x, alt) ≈ n0(x, base)  (1.5 ≈ 1.5)
  PASS  std::isfinite(g) && g > 0.0
  PASS  nv(x, alt) ≈ n0(x, base)  (1 ≈ 1)
  PASS  std::isfinite(g) && g > 0.0
  PASS  nv(x, alt) ≈ n0(x, base)  (1.00005 ≈ 1.00005)
  PASS  std::isfinite(g) && g > 0.0
  PASS  nv(x, alt) ≈ n0(x, base)  (1.02419 ≈ 1.02419)
  PASS  std::isfinite(g) && g > 0.0
  PASS  nv(x, alt) ≈ n0(x, base)  (1.18394 ≈ 1.18394)
  PASS  std::isfinite(g) && g > 0.0
  PASS  nv(x, alt) ≈ n0(x, base)  (1.475 ≈ 1.475)
  PASS  std::isfinite(g) && g > 0.0
  PASS  nv(x, alt) ≈ n0(x, base)  (1.5 ≈ 1.5)
  PASS  std::isfinite(g) && g > 0.0
  PASS  nv(x, alt) ≈ n0(x, base)  (1 ≈ 1)
  PASS  std::isfinite(g) && g > 0.0
  PASS  nv(x, alt) ≈ n0(x, base)  (1.00005 ≈ 1.00005)
  PASS  std::isfinite(g) && g > 0.0
  PASS  nv(x, alt) ≈ n0(x, base)  (1.02419 ≈ 1.02419)
  PASS  std::isfinite(g) && g > 0.0
  PASS  nv(x, alt) ≈ n0(x, base)  (1.18394 ≈ 1.18394)
  PASS  std::isfinite(g) && g > 0.0
  PASS  nv(x, alt) ≈ n0(x, base)  (1.475 ≈ 1.475)
  PASS  std::isfinite(g) && g > 0.0
  PASS  nv(x, alt) ≈ n0(x, base)  (1.5 ≈ 1.5)
  PASS  std::isfinite(g) && g > 0.0
  PASS  nv(x, alt) ≈ n0(x, base)  (1 ≈ 1)
  PASS  std::isfinite(g) && g > 0.0
  PASS  nv(x, alt) ≈ n0(x, base)  (1.00005 ≈ 1.00005)
  PASS  std::isfinite(g) && g > 0.0
  PASS  nv(x, alt) ≈ n0(x, base)  (1.02419 ≈ 1.02419)
  PASS  std::isfinite(g) && g > 0.0
  PASS  nv(x, alt) ≈ n0(x, base)  (1.18394 ≈ 1.18394)
  PASS  std::isfinite(g) && g > 0.0
  PASS  nv(x, alt) ≈ n0(x, base)  (1.475 ≈ 1.475)
  PASS  std::isfinite(g) && g > 0.0
  PASS  nv(x, alt) ≈ n0(x, base)  (1.5 ≈ 1.5)
  PASS  ns0(x, s0) ≈ nst(x, st)  (1 ≈ 1)
  PASS  ns0(x, s0) ≈ nst(x, st)  (1.00005 ≈ 1.00005)
  PASS  ns0(x, s0) ≈ nst(x, st)  (1.02419 ≈ 1.02419)
  PASS  ns0(x, s0) ≈ nst(x, st)  (1.18394 ≈ 1.18394)
  PASS  ns0(x, s0) ≈ nst(x, st)  (1.475 ≈ 1.475)
  PASS  ns0(x, s0) ≈ nst(x, st)  (1.5 ≈ 1.5)

[O4 — natural matches RawAccel reference integral]
  PASS  ng(10.0, g_args) ≈ out10 / 10.0 + 1.0  (1.28383 ≈ 1.28383)
  PASS  ng(10.0, g_args) ≈ 1.283834  (1.28383 ≈ 1.28383)
  PASS  ng(1e9, g_args) < 1.5001
  PASS  nl(10.0, l_args) ≈ ref  (1.31924 ≈ 1.31924)

[R10 — simple EMA smoother: half-life convergence]
  PASS  val ≈ 10.0  (10 ≈ 10)
  PASS  v2 > 3.0 && v2 < 8.0
  PASS  v3 ≈ 42.0  (42 ≈ 42)

[R10 — EMA smoother with zero/negative time]
  PASS  v ≈ prev  (2.42142 ≈ 2.42142)
  PASS  std::isfinite(vn)

[R10 — linear EMA smoother: convergence and stability]
  PASS  val ≈ 20.0  (20 ≈ 20)
  PASS  val >= 0.0
  PASS  v2 ≈ 77.0  (77 ≈ 77)

[R10 — NaN propagation: full pipeline for every accel mode]
  PASS  !any_nan
  PASS  !any_nan
  PASS  !any_nan
  PASS  !any_nan
  PASS  !any_nan
  PASS  !any_nan
  PASS  !any_nan

[R10 — NaN propagation: pathological parameter combos]
  PASS  std::isfinite(r)
  PASS  std::isfinite(r)
  PASS  std::isfinite(r)
  PASS  std::isfinite(r0)
  PASS  std::isfinite(r)
  PASS  std::isfinite(r0)
  PASS  std::isfinite(r)

[R10 — event batching: accumulated dx/dy matches separate events]
  PASS  total_batch ≈ total_single  (11 ≈ 11)

[R10 — event batching: split events vs combined in separate SYN frames]
  PASS  combined > split - 1.0
  PASS  std::isfinite(combined)
  PASS  std::isfinite(split)

[R10 — speed processor: all distance modes produce finite results]
  PASS  ok
  PASS  ox != 0 || oy != 0 || std::fabs(rem_x) > 0 || std::fabs(rem_y) > 0
  PASS  ok
  PASS  ox != 0 || oy != 0 || std::fabs(rem_x) > 0 || std::fabs(rem_y) > 0
  PASS  ok
  PASS  ox != 0 || oy != 0 || std::fabs(rem_x) > 0 || std::fabs(rem_y) > 0
  PASS  ok
  PASS  ox != 0 || oy != 0 || std::fabs(rem_x) > 0 || std::fabs(rem_y) > 0

[R10 — speed processor: EMA smoothing produces stable output]
  PASS  all_finite
  PASS  last_ox > 0
  PASS  all_finite

[R10 — SYN_DROPPED: remainder reset preserves correctness]
  PASS  std::isfinite(rem_x) && std::isfinite(rem_y)
  PASS  std::isfinite(rem_x) && std::isfinite(rem_y)
  PASS  total >= 0.0 && total < 1000.0

[T24 — SYN_DROPPED: baseline fresh motion is flushed on SYN]
  PASS  s.out.size() == 3
  PASS  has_rel(s.out, 5, 7)
  PASS  s.out[2].type == ev_syn && s.out[2].code == syn_report
  PASS  !s.dropped && s.dx == 0 && s.dy == 0 && !s.has_motion

[T24 — SYN_DROPPED mid-batch discards motion, buttons and clears on SYN]
  PASS  s.out.empty()
  PASS  !s.dropped

[T24 — SYN_DROPPED persists across batches until SYN_REPORT (BUG-18)]
  PASS  s.dropped
  PASS  s.out.empty()
  PASS  !s.dropped

[T24 — DOUBLE SYN_DROPPED keeps discarding until first SYN_REPORT]
  PASS  s.out.empty()
  PASS  !s.dropped

[T24 — fresh motion after trawaccel: dropping 99744 profile(s) beyond the retained cap of 256 (SEC-9)
he clearing SYN_REPORT is flushed normally]
  PASS  has_rel(s.out, 3, 1)
  PASS  s.out.size() == 3
  PASS  !s.dropped

[T24 — SYN_MT_REPORT inside the dropped window does NOT end it (R1-06)]
  PASS  s.out.empty()
  PASS  !s.dropped

[T24 — buttons before a drop are kept, after a drop are discarded]
  PASS  s.out.size() == 2
  PASS  s.out[0].type == ev_key && s.out[0].code == btn_left
  PASS  s.out[1].type == ev_syn && s.out[1].code == syn_report

[T24 — motion without SYN_REPORT is flushed at batch end (BUG-20: synthetic SYN)]
  PASS  s.out.size() == 3
  PASS  has_rel(s.out, 8, 0)
  PASS  s.out[2].type == ev_syn && s.out[2].code == syn_report
  PASS  !s.dropped && !s.has_motion && !s.has_syn

[T24 — batch end with only forwarded buttons emits one synthetic SYN]
  PASS  s.out.size() == 2
  PASS  s.out[0].type == ev_key && s.out[0].code == btn_left
  PASS  s.out[1].type == ev_syn && s.out[1].code == syn_report
  PASS  !s.has_syn && !s.wrote_unsynced

[T24 — clean batch ending on SYN_REPORT does not double-flush]
  PASS  s.out.size() == 3
  PASS  has_rel(s.out, 3, 0)
  PASS  s.out.back().type == ev_syn && s.out.back().code == syn_report
  PASS  !s.wrote_unsynced

[T24 — mid-batch SYN then tail motion is NOT lost (BUG-CRIT-1)]
  PASS  s.out.size() == 6
  PASS  has_rel(s.out, 5, 0)
  PASS  has_rel(s.out, 3, 0)
  PASS  s.out[5].type == ev_syn && s.out[5].code == syn_report
  PASS  !s.has_motion && !s.has_syn

[T24 — motion then button (no SYN): relative order preserved, one closing SYN]
  PASS  s.out.size() == 4
  PASS  has_rel(s.out, 4, 0)
  PASS  s.out[2].type == ev_key && s.out[2].code == btn_left
  PASS  s.out[3].type == ev_syn && s.out[3].code == syn_report

[T24 — dropped flag does NOT leak into the next good batch window]
  PASS  has_rel(s.out, 4, 0)
  PASS  s.out.size() == 3
  PASS  !s.dropped

[R10 — config: >MAX_PROFILES entries survive load→save (no silent data loss)]
  PASS  cfg.profiles.size() == N
  PASS  cfg.profiles[N - 1].name == "p" + std::to_string(N - 1)
  PASS  cfg.profiles[0].name == "p0"
  PASS  re.profiles.size() == N
  PASS  re.profiles[N - 1].name == "p" + std::to_string(N - 1)
  PASS  ipc.profiles.size() == MAX_PROFILES

[R10 — config: empty profiles array handling]
  PASS  cfg.profiles.empty()
  PASS  cfg.active_profile == "nonexistent"
  PASS  cfg2.profiles.empty()

[R10 — config: active_profile references non-existent profile]
  PASS  cfg.active_profile == "ghost"
  PASS  cfg.profiles.size() == 1
  PASS  cfg.profiles[0].name == "real"

[K1 — config: malformed `profiles` is rejected and the file is left intact]
  PASS  c.profiles.size() == 3
  PASS  c2.profiles.size() == 3
  PASS  c2.active_profile == "cs2"
  PASS  threw
  PASS  oku() == onceki
  PASS  threw
  PASS  oku() == onceki
  PASS  threw
  PASS  oku() == onceki
  PASS  threw
  PASS  oku() == onceki
  PASS  c.profiles.empty()
  PASS  !threw
  PASS  c.profiles.empty()
  PASS  !threw

[K4 — save_config: permission bits are preserved, umask-independent]
  PASS  ::chmod(tmp.c_str(), 0600) == 0
  PASS  izin(tmp) == 0600
  PASS  ::chmod(tmp.c_str(), 0644) == 0
  PASS  izin(tmp) == 0644
  PASS  izin(tmp) == onceki
  PASS  izin(tmp) == 0600

[R10 — config: extreme values are clamped by sanitize]
  PASS  dp.dev_cfg.dpi >= 1 && dp.dev_cfg.dpi <= 32000
  PASS  dp.dev_cfg.polling_rate >= 125 && dp.dev_cfg.polling_rate <= 8000
  PASS  dp.prof.degrees_rotation >= 0 && dp.prof.degrees_rotation < 360
  PASS  dp.prof.degrees_snap >= 0 && dp.prof.degrees_snap <= 45
  PASS  dp.prof.lr_output_dpi_ratio >= 0.01
  PASS  dp.prof.ud_output_dpi_ratio <= 100
  PASS  dp.prof.speed_min >= 0
  PASS  dp.prof.speed_max >= 0
  PASS  dp.prof.accel_x.scale >= 0
  PASS  dp.prof.accel_x.decay_rate >= 0
  PASS  dp.prof.accel_x.exponent_power >= 1e-4
  PASS  dp.prof.accel_x.limit >= 0
  PASS  dp.prof.accel_x.sync_speed >= 1e-4
  PASS  dp.prof.accel_x.smooth >= 0

[R10 — config: duplicate device_id → first match wins]
  PASS  cfg.profiles.size() == 2
  PASS  cfg.profiles[0].device_id == cfg.profiles[1].device_id
  PASS  cfg.profiles[0].name == "fast"

[R11 — check_duplicate_device_ids warning logic]
  PASS  check_dup_ids(cfg).empty()
  PASS  check_dup_ids(cfg).empty()
  PASS  !w.empty()
  PASS  w.find("fast") != std::string::npos
  PASS  w.find("slow") != std::string::npos
  PASS  w.find("usb:1234:5678:") != std::string::npos
  PASS  !w.empty()
  PASS  w.find("\"a\"") != std::string::npos
  PASS  w.find("\"c\"") != std::string::npos
  PASS  w.find("\"b\"") == std::string::npos
  PASS  check_dup_ids(cfg).empty()

[R11 — sanitize replaces NaN/Inf in all accel_args + profile fields]
  PASS  std::isfinite(dp.prof.accel_x.acceleration)
  PASS  std::isfinite(dp.prof.accel_x.scale)
  PASS  std::isfinite(dp.prof.accel_x.decay_rate)
  PASS  std::isfinite(dp.prof.accel_x.exponent_classic)
  PASS  std::isfinite(dp.prof.accel_x.exponent_power)
  PASS  std::isfinite(dp.prof.accel_x.input_offset)
  PASS  std::isfinite(dp.prof.accel_x.output_offset)
  PASS  std::isfinite(dp.prof.accel_x.limit)
  PASS  std::isfinite(dp.prof.accel_x.sync_speed)
  PASS  std::isfinite(dp.prof.accel_x.smooth)
  PASS  std::isfinite(dp.prof.accel_x.cap.x)
  PASS  std::isfinite(dp.prof.accel_x.cap.y)
  PASS  std::isfinite(dp.prof.degrees_rotation)
  PASS  std::isfinite(dp.prof.degrees_snap)
  PASS  std::isfinite(dp.prof.speed_min)
  PASS  std::isfinite(dp.prof.speed_max)
  PASS  std::isfinite(dp.prof.lr_output_dpi_ratio)
  PASS  std::isfinite(dp.prof.ud_output_dpi_ratio)
  PASS  std::isfinite(dp.prof.domain_weights.x)
  PASS  std::isfinite(dp.prof.domain_weights.y)
  PASS  std::isfinite(dp.prof.range_weights.x)
  PASS  std::isfinite(dp.prof.range_weights.y)
  PASS  std::isfinite(dp.prof.speed_processor_args.lp_norm)

[R11 — modify() with subnormal time does not produce NaN]
  PASS  std::isfinite(input.x)
  PASS  std::isfinite(input.y)
  PASS  std::isfinite(input.x)
  PASS  std::isfinite(input.y)
  PASS  std::isfinite(input.x)
  PASS  std::isfinite(input.y)
  PASS  std::isfinite(input.x)
  PASS  std::isfinite(input.y)
  PASS  std::isfinite(input.x)
  PASS  std::isfinite(input.y)
  PASS  std::isfinite(input.x)
  PASS  std::isfinite(input.y)
  PASS  std::isfinite(input.x)
  PASS  std::isfinite(input.y)
  PASS  std::isfinite(input.x)
  PASS  std::isfinite(input.y)
  PASS  std::isfinite(input.x)
  PASS  std::isfinite(input.y)
  PASS  std::isfinite(input.x)
  PASS  std::isfinite(input.y)
  PASS  std::isfinite(input.x)
  PASS  std::isfinite(input.y)
  PASS  std::isfinite(input.x)
  PASS  std::isfinite(input.y)
  PASS  std::isfinite(input.x)
  PASS  std::isfinite(input.y)
  PASS  std::isfinite(input.x)
  PASS  std::isfinite(input.y)
  PASS  std::isfinite(input.x)
  PASS  std::isfinite(input.y)
  PASS  std::isfinite(input.x)
  PASS  std::isfinite(input.y)
  PASS  std::isfinite(input.x)
  PASS  std::isfinite(input.y)
  PASS  std::isfinite(input.x)
  PASS  std::isfinite(input.y)
  PASS  std::isfinite(input.x)
  PASS  std::isfinite(input.y)
  PASS  std::isfinite(input.x)
  PASS  std::isfinite(input.y)
  PASS  std::isfinite(input.x)
  PASS  std::isfinite(input.y)

[R12 — classic cap_mode::io sign flip (cap.y < 1 → deceleration)]
  PASS  std::isfinite(g_low)
  PASS  std::isfinite(g_mid)
  PASS  std::isfinite(g_high)
  PASS  g_high <= 1.0 + 1e-6
  PASS  g_zero ≈ 1.0  (1 ≈ 1)

[R12 — classic linear path (exp<=1) with various cap values]
  PASS  g ≈ 1.05  (1.05 ≈ 1.05)
  PASS  g2 ≈ 1.1  (1.1 ≈ 1.1)
  PASS  g3 ≈ 1.0  (1 ≈ 1)

[R12 — power mode cap branch (speed >= cap_x)]
  PASS  std::isfinite(g)
  PASS  std::isfinite(g)
  PASS  std::isfinite(g)
  PASS  std::isfinite(g)
  PASS  std::isfinite(g)
  PASS  std::isfinite(g)
  PASS  std::isfinite(g)
  PASS  std::isfinite(g)
  PASS  std::isfinite(g)
  PASS  std::isfinite(g)
  PASS  std::isfinite(g_high)
  PASS  g_high ≈ args.cap.y  (2 ≈ 2)
  PASS  std::isfinite(g_below)
  PASS  std::isfinite(g_above)
  PASS  std::isfinite(g_at_cap)
  PASS  g_at_cap ≈ 1.8  (1.38462 ≈ 1.8)

[R12 — modifier rotation + snap combined flags]
  PASS  settings.data.flags.apply_rotate
  PASS  settings.data.flags.apply_snap
  PASS  settings.data.flags.compute_ref_angle
  PASS  std::isfinite(in1.x)
  PASS  std::isfinite(in1.y)
  PASS  std::isfinite(in2.x)
  PASS  std::isfinite(in2.y)
  PASS  snap_h.y ≈ 0.0  (0 ≈ 0)
  PASS  std::fabs(snap_h.x) > 50.0
  PASS  snap_v.x ≈ 0.0  (0 ≈ 0)
  PASS  std::fabs(snap_v.y) > 50.0

[R12 — speed_processor Lp distance mode (lp_norm = 3)]
  PASS  sp.speed_flags.dist_mode == distance_mode::Lp
  PASS  speed ≈ expected  (4.49794 ≈ 4.49794)
  PASS  sp2.speed_flags.dist_mode == distance_mode::max
  PASS  speed2 ≈ 4.0  (4 ≈ 4)
  PASS  sp3.speed_flags.dist_mode == distance_mode::separate
  PASS  v3.x ≈ 3.0  (3 ≈ 3)
  PASS  v3.y ≈ 4.0  (4 ≈ 4)

[R12 — lookup LUT at max capacity boundary]
  PASS  lut.size == max_pts
  PASS  g0 ≈ 0.0  (0 ≈ 0)
  PASS  g_mid ≈ 1.128  (1.128 ≈ 1.128)
  PASS  g_end ≈ 1.256  (1.256 ≈ 1.256)
  PASS  g_beyond ≈ 2.0  (2.00003 ≈ 2)
  PASS  g_half ≈ 1.0005  (1.0005 ≈ 1.0005)
  PASS  lut_over.size <= (int)LUT_POINTS_CAPACITY

[R12 — EMA smoother with halfLife=0 (coefficient=0)]
  PASS  ses.windowCoefficient ≈ 0.0  (0 ≈ 0)
  PASS  s1 ≈ 10.0  (10 ≈ 10)
  PASS  s2 ≈ 20.0  (20 ≈ 20)
  PASS  les.windowCoefficient ≈ 0.0  (0 ≈ 0)
  PASS  std::isfinite(ls1)
  PASS  std::isfinite(ls2)
  PASS  std::isfinite(s3)
  PASS  s3 ≈ 100.0  (100 ≈ 100)

[R12 — modifier directional weight cos/sin blend]
  PASS  settings.data.flags.apply_directional_weight
  PASS  h.x ≈ 11.0  (11 ≈ 11)
  PASS  v.y ≈ 10.25  (10.25 ≈ 10.25)
  PASS  std::isfinite(d.x)
  PASS  std::isfinite(d.y)
  PASS  d.x ≈ 10.8839  (10.8839 ≈ 10.8839)
  PASS  d.y ≈ 10.8839  (10.8839 ≈ 10.8839)

[R12 — classic cap_mode::io with cap.y > 1 (no sign flip)]
  PASS  g_at_zero ≈ 1.0  (1 ≈ 1)
  PASS  g_mid >= 1.0
  PASS  g_high >= 1.0
  PASS  std::isfinite(g_mid)
  PASS  std::isfinite(g_high)
  PASS  g_cap ≈ 1.5  (1.5 ≈ 1.5)
  PASS  c(1e6, args) ≈ 2.0  (1.99999 ≈ 2)

[R12 — power mode offset.x guard (speed <= offset.x → offset.y)]
  PASS  std::isfinite(g_zero)
  PASS  std::isfinite(g_neg)
  PASS  std::isfinite(g_just)
  PASS  std::isfinite(g_huge)

[R12 — modifier speed_min/speed_max clamp]
  PASS  settings.data.flags.clamp_speed
  PASS  std::isfinite(slow.x)
  PASS  std::isfinite(fast.x)
  PASS  std::isfinite(normal.x)
  PASS  normal.x ≈ 50.0  (50 ≈ 50)
  PASS  std::isfinite(v.x)

[R12 — directional DPI multiplier negative direction]
  PASS  settings.data.flags.apply_dir_mul_x
  PASS  settings.data.flags.apply_dir_mul_y
  PASS  right.x ≈ 10.0  (10 ≈ 10)
  PASS  left.x ≈ -20.0  (-20 ≈ -20)
  PASS  down.y ≈ 10.0  (10 ≈ 10)
  PASS  up.y ≈ -30.0  (-30 ≈ -30)

[R12 — synchronous LEGACY activation framework (guards + identity)]
  PASS  std::isfinite(g_tiny)
  PASS  g_zero ≈ 1.0  (1 ≈ 1)
  PASS  g_sync ≈ 1.0  (1 ≈ 1)
  PASS  std::isfinite(g_high)
  PASS  g_high > 1.0
  PASS  g_high ≈ 1.5  (1.5 ≈ 1.5)
  PASS  std::isfinite(g_low)
  PASS  g_low < 1.0
  PASS  g_low > 1.0 / 1.5 - 1e-9
  PASS  g_low ≈ 0.672517  (0.672517 ≈ 0.672517)
  PASS  sc(1e-6, args_clamp) ≈ 1.0 / 1.5  (0.666667 ≈ 0.666667)
  PASS  sc(1.0, args_clamp) ≈ 1.0 / 1.5  (0.666667 ≈ 0.666667)
  PASS  sc(5.0, args_clamp) ≈ 1.0  (1 ≈ 1)
  PASS  sc(100.0, args_clamp) ≈ 1.5  (1.5 ≈ 1.5)

[R12 — natural legacy (non-gain) mode]
  PASS  g0 ≈ 1.0  (1 ≈ 1)
  PASS  g_high ≈ 2.0  (2 ≈ 2)
  PASS  g1 < g2
  PASS  g2 < g3
  PASS  g3 <= 2.0 + 1e-6

[R12 — sanitize output_dpi boundary values]
  PASS  dp.prof.output_dpi == 0.0
  PASS  dph.prof.output_dpi == 1.0
  PASS  dp2.prof.output_dpi <= 32000.0
  PASS  std::isfinite(dp3.prof.output_dpi)
  PASS  dp3.prof.output_dpi >= 1.0
  PASS  dp3.prof.output_dpi <= 32000.0

[BUG-1 — sanitize_profile: negative rotation maps to mathematical equivalent]
  PASS  dp.prof.degrees_rotation ≈ 315.0  (315 ≈ 315)
  PASS  dp.prof.degrees_rotation ≈ 270.0  (270 ≈ 270)
  PASS  dp.prof.degrees_rotation ≈ 180.5  (180.5 ≈ 180.5)
  PASS  dp.prof.degrees_rotation ≈ 0.0  (0 ≈ 0)
  PASS  dp.prof.degrees_rotation ≈ 355.0  (355 ≈ 355)
  PASS  dp.prof.degrees_rotation ≈ 0.0  (0 ≈ 0)
  PASS  dp.prof.degrees_rotation ≈ 45.0  (45 ≈ 45)
  PASS  d_neg.x ≈ d_pos.x  (0.866025 ≈ 0.866025)
  PASS  d_neg.y ≈ d_pos.y  (-0.5 ≈ -0.5)

[BUG-5 — JSON parse rejects out-of-range numbers without UB]
  PASS  cfg.profiles.size() == 1
  PASS  cfg.profiles[0].dev_cfg.dpi == 32000
  PASS  cfg.profiles[0].dev_cfg.polling_rate == 8000
  PASS  cfg.profiles[0].dev_cfg.dpi == 1
  PASS  cfg.profiles[0].dev_cfg.polling_rate == 125
  PASS  cfg.profiles[0].dev_cfg.dpi == 800
  PASS  cfg.profiles[0].dev_cfg.polling_rate == 1000
  PASS  cfg.profiles[0].prof.accel_x.length <= (int)LUT_RAW_DATA_CAPACITY
  PASS  cfg.profiles[0].prof.accel_x.length >= 0

[R13 — lat_stats move preserves data and resets source]
  PASS  ls.count == 3
  PASS  ls.sum_us ≈ 60.0  (60 ≈ 60)
  PASS  ls.min_us ≈ 10.0  (10 ≈ 10)
  PASS  ls.max_us ≈ 30.0  (30 ≈ 30)
  PASS  ls2.count == 3
  PASS  ls2.sum_us ≈ 60.0  (60 ≈ 60)
  PASS  ls2.min_us ≈ 10.0  (10 ≈ 10)
  PASS  ls2.max_us ≈ 30.0  (30 ≈ 30)
  PASS  ls.count == 0
  PASS  ls.sum_us ≈ 0.0  (0 ≈ 0)
  PASS  ls.min_us ≈ 1e9  (1e+09 ≈ 1e+09)
  PASS  ls.count == 3
  PASS  ls.sum_us ≈ 60.0  (60 ≈ 60)
  PASS  ls2.count == 0
  PASS  snap.count == 3
  PASS  snap.avg_us() ≈ 20.0  (20 ≈ 20)
  PASS  ls.count == 0

[R13 — dpi_factor pre-compute consistency]
  PASS  computed ≈ expected  (10 ≈ 10)
  PASS  computed ≈ expected  (2.5 ≈ 2.5)
  PASS  computed ≈ expected  (1.25 ≈ 1.25)
  PASS  computed ≈ expected  (0.625 ≈ 0.625)
  PASS  computed ≈ expected  (0.3125 ≈ 0.3125)
  PASS  computed ≈ expected  (0.0625 ≈ 0.0625)
  PASS  computed ≈ expected  (0.03125 ≈ 0.03125)
  PASS  NORMALIZED_DPI / 1.0 ≈ 1000.0  (1000 ≈ 1000)
  PASS  NORMALIZED_DPI / 32000.0 ≈ 0.03125  (0.03125 ≈ 0.03125)
  PASS  std::isfinite(f)
  PASS  f > 0
  PASS  std::isfinite(f)
  PASS  f > 0
  PASS  std::isfinite(f)
  PASS  f > 0
  PASS  std::isfinite(f)
  PASS  f > 0
  PASS  std::isfinite(f)
  PASS  f > 0
  PASS  std::isfinite(f)
  PASS  f > 0
  PASS  std::isfinite(f)
  PASS  f > 0
  PASS  std::isfinite(f)
  PASS  f > 0
  PASS  std::isfinite(f)
  PASS  f > 0
  PASS  std::isfinite(f)
  PASS  f > 0
  PASS  std::isfinite(f)
  PASS  f > 0
  PASS  std::isfinite(f)
  PASS  f > 0
  PASS  std::isfinite(f)
  PASS  f > 0
  PASS  std::isfinite(f)
  PASS  f > 0
  PASS  std::isfinite(f)
  PASS  f > 0
  PASS  std::isfinite(f)
  PASS  f > 0
  PASS  std::isfinite(f)
  PASS  f > 0
  PASS  std::isfinite(f)
  PASS  f > 0
  PASS  std::isfinite(f)
  PASS  f > 0
  PASS  std::isfinite(f)
  PASS  f > 0
  PASS  std::isfinite(f)
  PASS  f > 0
  PASS  std::isfinite(f)
  PASS  f > 0
  PASS  std::isfinite(f)
  PASS  f > 0
  PASS  std::isfinite(f)
  PASS  f > 0
  PASS  std::isfinite(f)
  PASS  f > 0
  PASS  std::isfinite(f)
  PASS  f > 0
  PASS  std::isfinite(f)
  PASS  f > 0
  PASS  std::isfinite(f)
  PASS  f > 0
  PASS  std::isfinite(f)
  PASS  f > 0
  PASS  std::isfinite(f)
  PASS  f > 0
  PASS  std::isfinite(f)
  PASS  f > 0
  PASS  std::isfinite(f)
  PASS  f > 0

[O5 — output_dpi scales modifier output like the reference]
  PASS  in1.x ≈ 10.0  (10 ≈ 10)
  PASS  in1.y ≈ -6.0  (-6 ≈ -6)
  PASS  in2.x ≈ 5.0  (5 ≈ 5)
  PASS  in2.y ≈ -3.0  (-3 ≈ -3)
  PASS  in3.x ≈ 10.0  (10 ≈ 10)
  PASS  in3.y ≈ -6.0  (-6 ≈ -6)
  PASS  in4.x ≈ 10.0  (10 ≈ 10)
  PASS  in4.y ≈ -6.0  (-6 ≈ -6)

[R14 — magnitude uses hypot (overflow-safe)]
  PASS  magnitude({3.0, 4.0}) ≈ 5.0  (5 ≈ 5)
  PASS  magnitude({0.0, 0.0}) ≈ 0.0  (0 ≈ 0)
  PASS  magnitude({1.0, 0.0}) ≈ 1.0  (1 ≈ 1)
  PASS  magnitude({0.0, -7.0}) ≈ 7.0  (7 ≈ 7)
  PASS  magnitude({5.0, 12.0}) ≈ 13.0  (13 ≈ 13)
  PASS  magnitude({-8.0, 6.0}) ≈ 10.0  (10 ≈ 10)
  PASS  std::isfinite(result)
  PASS  result ≈ big * std::sqrt(2.0)  (1.41421e+200 ≈ 1.41421e+200)
  PASS  tiny_result > 0.0
  PASS  std::isfinite(tiny_result)
  PASS  tiny_result ≈ tiny * std::sqrt(2.0)  (1.41421e-300 ≈ 1.41421e-300)
  PASS  speed ≈ 10.0 * std::sqrt(2.0)  (14.1421 ≈ 14.1421)

[R15 — LUT binary search boundary exhaustive]
  PASS  au.apply(0.0, a) ≈ 0.0  (0 ≈ 0)
  PASS  au.apply(5.0, a) ≈ 1.0  (1 ≈ 1)
  PASS  au.apply(10.0, a) ≈ 1.0  (1 ≈ 1)
  PASS  au.apply(30.0, a) ≈ 2.0  (2 ≈ 2)
  PASS  au.apply(50.0, a) ≈ 3.0  (3 ≈ 3)
  PASS  au.apply(100.0, a) ≈ 5.5  (5.5 ≈ 5.5)
  PASS  au.apply(1e6, a) ≈ 50000.5  (50000.5 ≈ 50000.5)
  PASS  au.apply(0.0, a) ≈ 0.0  (0 ≈ 0)
  PASS  au.apply(12.5, a) ≈ 1.5  (1.5 ≈ 1.5)
  PASS  au.apply(25.0, a) ≈ 2.0  (2 ≈ 2)
  PASS  au.apply(37.5, a) ≈ 3.0  (3 ≈ 3)
  PASS  au.apply(50.0, a) ≈ 4.0  (4 ≈ 4)
  PASS  au.apply(0.0, a) ≈ 0.0  (0 ≈ 0)
  PASS  au.apply(cap - 1, a) ≈ 1.0 + (cap - 1) * 0.01  (3.56 ≈ 3.56)
  PASS  au.apply(1000.0, a) ≈ 11.0  (11 ≈ 11)
  PASS  au.apply(128.5, a) ≈ 1.0 + 128.5 * 0.01  (2.285 ≈ 2.285)

[R15 — modifier full pipeline: all features enabled simultaneously]
  PASS  std::isfinite(in.x)
  PASS  std::isfinite(in.y)
  PASS  std::isfinite(in.x)
  PASS  std::isfinite(in.y)
  PASS  std::isfinite(in.x)
  PASS  std::isfinite(in.y)
  PASS  std::isfinite(in.x)
  PASS  std::isfinite(in.y)
  PASS  std::isfinite(in.x)
  PASS  std::isfinite(in.y)
  PASS  std::isfinite(in.x)
  PASS  std::isfinite(in.y)
  PASS  std::isfinite(in.x)
  PASS  std::isfinite(in.y)
  PASS  std::isfinite(in.x)
  PASS  std::isfinite(in.y)
  PASS  std::isfinite(in.x)
  PASS  std::isfinite(in.y)
  PASS  std::isfinite(in.x)
  PASS  std::isfinite(in.y)
  PASS  std::isfinite(in.x)
  PASS  std::isfinite(in.y)
  PASS  std::isfinite(in.x)
  PASS  std::isfinite(in.y)
  PASS  std::isfinite(in.x)
  PASS  std::isfinite(in.y)
  PASS  std::isfinite(in.x)
  PASS  std::isfinite(in.y)
  PASS  std::isfinite(in.x)
  PASS  std::isfinite(in.y)
  PASS  std::isfinite(in.x)
  PASS  std::isfinite(in.y)
  PASS  std::isfinite(in.x)
  PASS  std::isfinite(in.y)
  PASS  std::isfinite(in.x)
  PASS  std::isfinite(in.y)
  PASS  std::isfinite(in.x)
  PASS  std::isfinite(in.y)
  PASS  std::isfinite(in.x)
  PASS  std::isfinite(in.y)
  PASS  std::isfinite(in.x)
  PASS  std::isfinite(in.y)
  PASS  std::isfinite(in.x)
  PASS  std::isfinite(in.y)
  PASS  std::isfinite(in.x)
  PASS  std::isfinite(in.y)
  PASS  std::isfinite(in.x)
  PASS  std::isfinite(in.y)
  PASS  std::isfinite(in.x)
  PASS  std::isfinite(in.y)
  PASS  std::isfinite(in.x)
  PASS  std::isfinite(in.y)
  PASS  std::isfinite(in.x)
  PASS  std::isfinite(in.y)
  PASS  std::isfinite(in.x)
  PASS  std::isfinite(in.y)
  PASS  std::isfinite(in.x)
  PASS  std::isfinite(in.y)
  PASS  std::isfinite(in.x)
  PASS  std::isfinite(in.y)
  PASS  std::isfinite(in.x)
  PASS  std::isfinite(in.y)
  PASS  std::isfinite(in.x)
  PASS  std::isfinite(in.y)
  PASS  std::isfinite(in.x)
  PASS  std::isfinite(in.y)
  PASS  std::isfinite(in.x)
  PASS  std::isfinite(in.y)
  PASS  std::isfinite(in.x)
  PASS  std::isfinite(in.y)
  PASS  std::isfinite(in.x)
  PASS  std::isfinite(in.y)
  PASS  std::isfinite(in.x)
  PASS  std::isfinite(in.y)
  PASS  std::isfinite(in.x)
  PASS  std::isfinite(in.y)
  PASS  std::isfinite(in.x)
  PASS  std::isfinite(in.y)
  PASS  std::isfinite(in.x)
  PASS  std::isfinite(in.y)
  PASS  std::isfinite(in.x)
  PASS  std::isfinite(in.y)
  PASS  std::isfinite(in.x)
  PASS  std::isfinite(in.y)
  PASS  std::isfinite(in.x)
  PASS  std::isfinite(in.y)
  PASS  std::isfinite(in.x)
  PASS  std::isfinite(in.y)
  PASS  std::isfinite(in.x)
  PASS  std::isfinite(in.y)
  PASS  std::isfinite(in.x)
  PASS  std::isfinite(in.y)
  PASS  std::isfinite(in.x)
  PASS  std::isfinite(in.y)
  PASS  std::isfinite(in.x)
  PASS  std::isfinite(in.y)
  PASS  std::isfinite(in.x)
  PASS  std::isfinite(in.y)
  PASS  std::isfinite(in.x)
  PASS  std::isfinite(in.y)
  PASS  std::isfinite(in.x)
  PASS  std::isfinite(in.y)
  PASS  std::isfinite(in.x)
  PASS  std::isfinite(in.y)
  PASS  std::isfinite(in.x)
  PASS  std::isfinite(in.y)
  PASS  std::isfinite(in.x)
  PASS  std::isfinite(in.y)
  PASS  std::isfinite(in.x)
  PASS  std::isfinite(in.y)
  PASS  std::isfinite(in.x)
  PASS  std::isfinite(in.y)
  PASS  std::isfinite(in.x)
  PASS  std::isfinite(in.y)
  PASS  std::isfinite(in.x)
  PASS  std::isfinite(in.y)
  PASS  std::isfinite(in.x)
  PASS  std::isfinite(in.y)
  PASS  std::isfinite(in.x)
  PASS  std::isfinite(in.y)
  PASS  std::isfinite(in.x)
  PASS  std::isfinite(in.y)
  PASS  std::isfinite(in.x)
  PASS  std::isfinite(in.y)
  PASS  std::isfinite(in.x)
  PASS  std::isfinite(in.y)
  PASS  std::isfinite(in.x)
  PASS  std::isfinite(in.y)
  PASS  std::isfinite(in.x)
  PASS  std::isfinite(in.y)
  PASS  std::isfinite(in.x)
  PASS  std::isfinite(in.y)
  PASS  std::isfinite(in.x)
  PASS  std::isfinite(in.y)
  PASS  std::isfinite(in.x)
  PASS  std::isfinite(in.y)
  PASS  std::isfinite(in.x)
  PASS  std::isfinite(in.y)
  PASS  std::isfinite(in.x)
  PASS  std::isfinite(in.y)
  PASS  std::isfinite(in.x)
  PASS  std::isfinite(in.y)
  PASS  std::isfinite(in.x)
  PASS  std::isfinite(in.y)
  PASS  std::isfinite(in.x)
  PASS  std::isfinite(in.y)
  PASS  std::isfinite(in.x)
  PASS  std::isfinite(in.y)
  PASS  std::isfinite(in.x)
  PASS  std::isfinite(in.y)
  PASS  std::isfinite(in.x)
  PASS  std::isfinite(in.y)
  PASS  std::isfinite(in.x)
  PASS  std::isfinite(in.y)
  PASS  std::isfinite(in.x)
  PASS  std::isfinite(in.y)
  PASS  std::isfinite(in.x)
  PASS  std::isfinite(in.y)
  PASS  std::isfinite(in.x)
  PASS  std::isfinite(in.y)
  PASS  std::isfinite(in.x)
  PASS  std::isfinite(in.y)
  PASS  std::isfinite(in.x)
  PASS  std::isfinite(in.y)
  PASS  std::isfinite(in.x)
  PASS  std::isfinite(in.y)
  PASS  std::isfinite(in.x)
  PASS  std::isfinite(in.y)
  PASS  std::isfinite(in.x)
  PASS  std::isfinite(in.y)
  PASS  std::isfinite(in.x)
  PASS  std::isfinite(in.y)
  PASS  std::isfinite(in.x)
  PASS  std::isfinite(in.y)
  PASS  std::isfinite(in.x)
  PASS  std::isfinite(in.y)
  PASS  std::isfinite(in.x)
  PASS  std::isfinite(in.y)
  PASS  std::isfinite(in.x)
  PASS  std::isfinite(in.y)
  PASS  std::isfinite(in.x)
  PASS  std::isfinite(in.y)
  PASS  std::isfinite(in.x)
  PASS  std::isfinite(in.y)
  PASS  std::isfinite(in.x)
  PASS  std::isfinite(in.y)
  PASS  std::isfinite(in.x)
  PASS  std::isfinite(in.y)
  PASS  std::isfinite(in.x)
  PASS  std::isfinite(in.y)
  PASS  std::isfinite(in.x)
  PASS  std::isfinite(in.y)
  PASS  std::isfinite(in.x)
  PASS  std::isfinite(in.y)
  PASS  std::isfinite(in.x)
  PASS  std::isfinite(in.y)
  PASS  std::isfinite(in.x)
  PASS  std::isfinite(in.y)
  PASS  std::isfinite(in.x)
  PASS  std::isfinite(in.y)
  PASS  std::isfinite(in.x)
  PASS  std::isfinite(in.y)
  PASS  std::isfinite(in.x)
  PASS  std::isfinite(in.y)
  PASS  std::isfinite(in.x)
  PASS  std::isfinite(in.y)
  PASS  std::isfinite(in.x)
  PASS  std::isfinite(in.y)
  PASS  std::isfinite(in.x)
  PASS  std::isfinite(in.y)
  PASS  std::isfinite(in.x)
  PASS  std::isfinite(in.y)
  PASS  std::isfinite(in.x)
  PASS  std::isfinite(in.y)
  PASS  std::isfinite(in.x)
  PASS  std::isfinite(in.y)
  PASS  std::isfinite(in.x)
  PASS  std::isfinite(in.y)
  PASS  std::isfinite(in.x)
  PASS  std::isfinite(in.y)
  PASS  std::isfinite(in.x)
  PASS  std::isfinite(in.y)
  PASS  std::isfinite(in.x)
  PASS  std::isfinite(in.y)
  PASS  std::isfinite(in.x)
  PASS  std::isfinite(in.y)
  PASS  std::isfinite(in.x)
  PASS  std::isfinite(in.y)
  PASS  std::isfinite(in.x)
  PASS  std::isfinite(in.y)
  PASS  std::isfinite(in.x)
  PASS  std::isfinite(in.y)
  PASS  std::isfinite(in.x)
  PASS  std::isfinite(in.y)
  PASS  std::isfinite(in.x)
  PASS  std::isfinite(in.y)
  PASS  std::isfinite(in.x)
  PASS  std::isfinite(in.y)
  PASS  std::isfinite(in.x)
  PASS  std::isfinite(in.y)
  PASS  std::isfinite(in.x)
  PASS  std::isfinite(in.y)
  PASS  std::isfinite(in.x)
  PASS  std::isfinite(in.y)
  PASS  std::isfinite(in.x)
  PASS  std::isfinite(in.y)
  PASS  std::isfinite(in.x)
  PASS  std::isfinite(in.y)
  PASS  std::isfinite(in.x)
  PASS  std::isfinite(in.y)
  PASS  std::isfinite(in.x)
  PASS  std::isfinite(in.y)
  PASS  std::isfinite(in.x)
  PASS  std::isfinite(in.y)
  PASS  std::isfinite(in.x)
  PASS  std::isfinite(in.y)
  PASS  std::isfinite(in.x)
  PASS  std::isfinite(in.y)
  PASS  std::isfinite(in.x)
  PASS  std::isfinite(in.y)
  PASS  std::isfinite(in.x)
  PASS  std::isfinite(in.y)
  PASS  std::isfinite(in.x)
  PASS  std::isfinite(in.y)
  PASS  std::isfinite(in.x)
  PASS  std::isfinite(in.y)
  PASS  std::isfinite(in.x)
  PASS  std::isfinite(in.y)
  PASS  std::isfinite(in.x)
  PASS  std::isfinite(in.y)
  PASS  std::isfinite(in.x)
  PASS  std::isfinite(in.y)
  PASS  std::isfinite(in.x)
  PASS  std::isfinite(in.y)
  PASS  std::isfinite(in.x)
  PASS  std::isfinite(in.y)
  PASS  std::isfinite(in.x)
  PASS  std::isfinite(in.y)
  PASS  std::isfinite(in.x)
  PASS  std::isfinite(in.y)
  PASS  std::isfinite(in.x)
  PASS  std::isfinite(in.y)
  PASS  std::isfinite(in.x)
  PASS  std::isfinite(in.y)
  PASS  std::isfinite(in.x)
  PASS  std::isfinite(in.y)
  PASS  std::isfinite(in.x)
  PASS  std::isfinite(in.y)
  PASS  std::isfinite(in.x)
  PASS  std::isfinite(in.y)
  PASS  std::isfinite(in.x)
  PASS  std::isfinite(in.y)
  PASS  std::isfinite(in.x)
  PASS  std::isfinite(in.y)
  PASS  std::isfinite(in.x)
  PASS  std::isfinite(in.y)
  PASS  std::isfinite(in.x)
  PASS  std::isfinite(in.y)
  PASS  std::isfinite(in.x)
  PASS  std::isfinite(in.y)
  PASS  std::isfinite(in.x)
  PASS  std::isfinite(in.y)
  PASS  std::isfinite(in.x)
  PASS  std::isfinite(in.y)
  PASS  std::isfinite(in.x)
  PASS  std::isfinite(in.y)
  PASS  std::isfinite(in.x)
  PASS  std::isfinite(in.y)
  PASS  std::isfinite(in.x)
  PASS  std::isfinite(in.y)
  PASS  std::isfinite(in.x)
  PASS  std::isfinite(in.y)
  PASS  std::isfinite(in.x)
  PASS  std::isfinite(in.y)
  PASS  std::isfinite(in.x)
  PASS  std::isfinite(in.y)
  PASS  std::isfinite(in.x)
  PASS  std::isfinite(in.y)
  PASS  std::isfinite(in.x)
  PASS  std::isfinite(in.y)
  PASS  std::isfinite(in.x)
  PASS  std::isfinite(in.y)
  PASS  std::isfinite(in.x)
  PASS  std::isfinite(in.y)
  PASS  std::isfinite(in.x)
  PASS  std::isfinite(in.y)
  PASS  std::isfinite(in.x)
  PASS  std::isfinite(in.y)
  PASS  std::isfinite(in.x)
  PASS  std::isfinite(in.y)
  PASS  std::isfinite(in.x)
  PASS  std::isfinite(in.y)
  PASS  std::isfinite(in.x)
  PASS  std::isfinite(in.y)
  PASS  std::isfinite(in.x)
  PASS  std::isfinite(in.y)
  PASS  std::isfinite(in.x)
  PASS  std::isfinite(in.y)
  PASS  std::isfinite(in.x)
  PASS  std::isfinite(in.y)
  PASS  std::isfinite(in.x)
  PASS  std::isfinite(in.y)
  PASS  std::isfinite(in.x)
  PASS  std::isfinite(in.y)
  PASS  std::isfinite(in.x)
  PASS  std::isfinite(in.y)
  PASS  std::isfinite(in.x)
  PASS  std::isfinite(in.y)
  PASS  std::isfinite(in.x)
  PASS  std::isfinite(in.y)
  PASS  std::isfinite(in.x)
  PASS  std::isfinite(in.y)
  PASS  std::isfinite(in.x)
  PASS  std::isfinite(in.y)
  PASS  std::isfinite(in.x)
  PASS  std::isfinite(in.y)
  PASS  std::isfinite(in.x)
  PASS  std::isfinite(in.y)
  PASS  std::isfinite(in.x)
  PASS  std::isfinite(in.y)
  PASS  std::isfinite(in.x)
  PASS  std::isfinite(in.y)
  PASS  std::isfinite(in.x)
  PASS  std::isfinite(in.y)
  PASS  std::isfinite(in.x)
  PASS  std::isfinite(in.y)
  PASS  std::isfinite(in.x)
  PASS  std::isfinite(in.y)
  PASS  std::isfinite(in.x)
  PASS  std::isfinite(in.y)
  PASS  std::isfinite(in.x)
  PASS  std::isfinite(in.y)
  PASS  std::isfinite(in.x)
  PASS  std::isfinite(in.y)
  PASS  std::isfinite(in.x)
  PASS  std::isfinite(in.y)
  PASS  std::isfinite(in.x)
  PASS  std::isfinite(in.y)
  PASS  std::isfinite(in.x)
  PASS  std::isfinite(in.y)
  PASS  std::isfinite(in.x)
  PASS  std::isfinite(in.y)
  PASS  std::isfinite(in.x)
  PASS  std::isfinite(in.y)
  PASS  std::isfinite(in.x)
  PASS  std::isfinite(in.y)
  PASS  std::isfinite(in.x)
  PASS  std::isfinite(in.y)
  PASS  std::isfinite(in.x)
  PASS  std::isfinite(in.y)
  PASS  std::isfinite(in.x)
  PASS  std::isfinite(in.y)
  PASS  std::isfinite(in.x)
  PASS  std::isfinite(in.y)
  PASS  std::isfinite(in.x)
  PASS  std::isfinite(in.y)
  PASS  std::isfinite(in.x)
  PASS  std::isfinite(in.y)
  PASS  std::isfinite(in.x)
  PASS  std::isfinite(in.y)
  PASS  std::isfinite(in.x)
  PASS  std::isfinite(in.y)
  PASS  std::isfinite(in.x)
  PASS  std::isfinite(in.y)
  PASS  std::isfinite(in.x)
  PASS  std::isfinite(in.y)
  PASS  std::isfinite(in.x)
  PASS  std::isfinite(in.y)
  PASS  std::isfinite(in.x)
  PASS  std::isfinite(in.y)
  PASS  std::isfinite(in.x)
  PASS  std::isfinite(in.y)
  PASS  std::isfinite(in.x)
  PASS  std::isfinite(in.y)
  PASS  std::isfinite(in.x)
  PASS  std::isfinite(in.y)
  PASS  std::isfinite(in.x)
  PASS  std::isfinite(in.y)
  PASS  std::isfinite(in.x)
  PASS  std::isfinite(in.y)
  PASS  std::isfinite(in.x)
  PASS  std::isfinite(in.y)
  PASS  std::isfinite(in.x)
  PASS  std::isfinite(in.y)
  PASS  std::isfinite(in.x)
  PASS  std::isfinite(in.y)
  PASS  std::isfinite(in.x)
  PASS  std::isfinite(in.y)
  PASS  std::isfinite(in.x)
  PASS  std::isfinite(in.y)
  PASS  std::isfinite(in.x)
  PASS  std::isfinite(in.y)
  PASS  std::isfinite(in.x)
  PASS  std::isfinite(in.y)
  PASS  std::isfinite(in.x)
  PASS  std::isfinite(in.y)
  PASS  std::isfinite(in.x)
  PASS  std::isfinite(in.y)
  PASS  std::isfinite(in.x)
  PASS  std::isfinite(in.y)
  PASS  std::isfinite(in.x)
  PASS  std::isfinite(in.y)
  PASS  std::isfinite(in.x)
  PASS  std::isfinite(in.y)
  PASS  std::isfinite(in.x)
  PASS  std::isfinite(in.y)
  PASS  std::isfinite(in.x)
  PASS  std::isfinite(in.y)
  PASS  std::isfinite(in.x)
  PASS  std::isfinite(in.y)
  PASS  std::isfinite(in.x)
  PASS  std::isfinite(in.y)
  PASS  std::isfinite(in.x)
  PASS  std::isfinite(in.y)
  PASS  std::isfinite(in.x)
  PASS  std::isfinite(in.y)
  PASS  std::isfinite(in.x)
  PASS  std::isfinite(in.y)
  PASS  std::isfinite(in.x)
  PASS  std::isfinite(in.y)
  PASS  std::isfinite(in.x)
  PASS  std::isfinite(in.y)
  PASS  std::isfinite(in.x)
  PASS  std::isfinite(in.y)
  PASS  std::isfinite(in.x)
  PASS  std::isfinite(in.y)
  PASS  std::isfinite(in.x)
  PASS  std::isfinite(in.y)
  PASS  std::isfinite(in.x)
  PASS  std::isfinite(in.y)
  PASS  std::isfinite(in.x)
  PASS  std::isfinite(in.y)
  PASS  std::isfinite(in.x)
  PASS  std::isfinite(in.y)
  PASS  std::isfinite(in.x)
  PASS  std::isfinite(in.y)
  PASS  std::isfinite(in.x)
  PASS  std::isfinite(in.y)
  PASS  std::isfinite(in.x)
  PASS  std::isfinite(in.y)
  PASS  std::isfinite(in.x)
  PASS  std::isfinite(in.y)
  PASS  std::isfinite(in.x)
  PASS  std::isfinite(in.y)
  PASS  std::isfinite(in.x)
  PASS  std::isfinite(in.y)
  PASS  std::isfinite(in.x)
  PASS  std::isfinite(in.y)
  PASS  std::isfinite(in.x)
  PASS  std::isfinite(in.y)
  PASS  std::isfinite(in.x)
  PASS  std::isfinite(in.y)
  PASS  std::isfinite(in.x)
  PASS  std::isfinite(in.y)
  PASS  std::isfinite(in.x)
  PASS  std::isfinite(in.y)
  PASS  std::isfinite(in.x)
  PASS  std::isfinite(in.y)
  PASS  std::isfinite(in.x)
  PASS  std::isfinite(in.y)
  PASS  std::isfinite(in.x)
  PASS  std::isfinite(in.y)
  PASS  std::isfinite(in.x)
  PASS  std::isfinite(in.y)
  PASS  std::isfinite(in.x)
  PASS  std::isfinite(in.y)
  PASS  std::isfinite(in.x)
  PASS  std::isfinite(in.y)
  PASS  std::isfinite(in.x)
  PASS  std::isfinite(in.y)
  PASS  std::isfinite(in.x)
  PASS  std::isfinite(in.y)
  PASS  std::isfinite(in.x)
  PASS  std::isfinite(in.y)
  PASS  std::isfinite(in.x)
  PASS  std::isfinite(in.y)
  PASS  std::isfinite(in.x)
  PASS  std::isfinite(in.y)
  PASS  std::isfinite(in.x)
  PASS  std::isfinite(in.y)
  PASS  std::isfinite(in.x)
  PASS  std::isfinite(in.y)
  PASS  std::isfinite(in.x)
  PASS  std::isfinite(in.y)
  PASS  std::isfinite(in.x)
  PASS  std::isfinite(in.y)
  PASS  std::isfinite(in.x)
  PASS  std::isfinite(in.y)
  PASS  std::isfinite(in.x)
  PASS  std::isfinite(in.y)
  PASS  std::isfinite(in.x)
  PASS  std::isfinite(in.y)
  PASS  std::isfinite(in.x)
  PASS  std::isfinite(in.y)
  PASS  std::isfinite(in.x)
  PASS  std::isfinite(in.y)
  PASS  std::isfinite(in.x)
  PASS  std::isfinite(in.y)
  PASS  std::isfinite(in.x)
  PASS  std::isfinite(in.y)
  PASS  std::isfinite(in.x)
  PASS  std::isfinite(in.y)
  PASS  std::isfinite(in.x)
  PASS  std::isfinite(in.y)
  PASS  std::isfinite(in.x)
  PASS  std::isfinite(in.y)
  PASS  std::isfinite(in.x)
  PASS  std::isfinite(in.y)
  PASS  std::isfinite(in.x)
  PASS  std::isfinite(in.y)
  PASS  std::isfinite(in.x)
  PASS  std::isfinite(in.y)
  PASS  std::isfinite(in.x)
  PASS  std::isfinite(in.y)
  PASS  std::isfinite(in.x)
  PASS  std::isfinite(in.y)
  PASS  std::isfinite(in.x)
  PASS  std::isfinite(in.y)
  PASS  std::isfinite(in.x)
  PASS  std::isfinite(in.y)
  PASS  std::isfinite(in.x)
  PASS  std::isfinite(in.y)
  PASS  std::isfinite(in.x)
  PASS  std::isfinite(in.y)
  PASS  std::isfinite(in.x)
  PASS  std::isfinite(in.y)
  PASS  std::isfinite(in.x)
  PASS  std::isfinite(in.y)
  PASS  std::isfinite(in.x)
  PASS  std::isfinite(in.y)
  PASS  std::isfinite(in.x)
  PASS  std::isfinite(in.y)
  PASS  std::isfinite(in.x)
  PASS  std::isfinite(in.y)
  PASS  std::isfinite(in.x)
  PASS  std::isfinite(in.y)
  PASS  std::isfinite(in.x)
  PASS  std::isfinite(in.y)
  PASS  std::isfinite(in.x)
  PASS  std::isfinite(in.y)
  PASS  std::isfinite(in.x)
  PASS  std::isfinite(in.y)
  PASS  std::isfinite(in.x)
  PASS  std::isfinite(in.y)
  PASS  std::isfinite(in.x)
  PASS  std::isfinite(in.y)
  PASS  std::isfinite(in.x)
  PASS  std::isfinite(in.y)
  PASS  std::isfinite(in.x)
  PASS  std::isfinite(in.y)
  PASS  std::isfinite(in.x)
  PASS  std::isfinite(in.y)
  PASS  std::isfinite(in.x)
  PASS  std::isfinite(in.y)
  PASS  std::isfinite(in.x)
  PASS  std::isfinite(in.y)
  PASS  std::isfinite(in.x)
  PASS  std::isfinite(in.y)
  PASS  std::isfinite(in.x)
  PASS  std::isfinite(in.y)
  PASS  std::isfinite(in.x)
  PASS  std::isfinite(in.y)
  PASS  std::isfinite(in.x)
  PASS  std::isfinite(in.y)
  PASS  std::isfinite(in.x)
  PASS  std::isfinite(in.y)
  PASS  std::isfinite(in.x)
  PASS  std::isfinite(in.y)
  PASS  std::isfinite(in.x)
  PASS  std::isfinite(in.y)
  PASS  std::isfinite(in.x)
  PASS  std::isfinite(in.y)
  PASS  std::isfinite(in.x)
  PASS  std::isfinite(in.y)
  PASS  std::isfinite(in.x)
  PASS  std::isfinite(in.y)
  PASS  std::isfinite(in.x)
  PASS  std::isfinite(in.y)
  PASS  std::isfinite(in.x)
  PASS  std::isfinite(in.y)
  PASS  std::isfinite(in.x)
  PASS  std::isfinite(in.y)
  PASS  std::isfinite(in.x)
  PASS  std::isfinite(in.y)
  PASS  std::isfinite(in.x)
  PASS  std::isfinite(in.y)
  PASS  std::isfinite(in.x)
  PASS  std::isfinite(in.y)
  PASS  std::isfinite(in.x)
  PASS  std::isfinite(in.y)
  PASS  std::isfinite(in.x)
  PASS  std::isfinite(in.y)
  PASS  std::isfinite(in.x)
  PASS  std::isfinite(in.y)
  PASS  std::isfinite(in.x)
  PASS  std::isfinite(in.y)
  PASS  std::isfinite(in.x)
  PASS  std::isfinite(in.y)
  PASS  std::isfinite(in.x)
  PASS  std::isfinite(in.y)
  PASS  std::isfinite(in.x)
  PASS  std::isfinite(in.y)
  PASS  std::isfinite(in.x)
  PASS  std::isfinite(in.y)
  PASS  std::isfinite(in.x)
  PASS  std::isfinite(in.y)
  PASS  std::isfinite(in.x)
  PASS  std::isfinite(in.y)
  PASS  std::isfinite(in.x)
  PASS  std::isfinite(in.y)
  PASS  std::isfinite(in.x)
  PASS  std::isfinite(in.y)
  PASS  std::isfinite(in.x)
  PASS  std::isfinite(in.y)
  PASS  std::isfinite(in.x)
  PASS  std::isfinite(in.y)
  PASS  std::isfinite(in.x)
  PASS  std::isfinite(in.y)
  PASS  std::isfinite(in.x)
  PASS  std::isfinite(in.y)
  PASS  std::isfinite(in.x)
  PASS  std::isfinite(in.y)
  PASS  std::isfinite(in.x)
  PASS  std::isfinite(in.y)
  PASS  std::isfinite(in.x)
  PASS  std::isfinite(in.y)
  PASS  std::isfinite(in.x)
  PASS  std::isfinite(in.y)
  PASS  std::isfinite(in.x)
  PASS  std::isfinite(in.y)
  PASS  std::isfinite(in.x)
  PASS  std::isfinite(in.y)
  PASS  std::isfinite(in.x)
  PASS  std::isfinite(in.y)
  PASS  std::isfinite(in.x)
  PASS  std::isfinite(in.y)
  PASS  std::isfinite(in.x)
  PASS  std::isfinite(in.y)
  PASS  std::isfinite(in.x)
  PASS  std::isfinite(in.y)
  PASS  std::isfinite(in.x)
  PASS  std::isfinite(in.y)
  PASS  std::isfinite(in.x)
  PASS  std::isfinite(in.y)
  PASS  std::isfinite(in.x)
  PASS  std::isfinite(in.y)
  PASS  std::isfinite(in.x)
  PASS  std::isfinite(in.y)
  PASS  std::isfinite(in.x)
  PASS  std::isfinite(in.y)
  PASS  std::isfinite(in.x)
  PASS  std::isfinite(in.y)
  PASS  std::isfinite(in.x)
  PASS  std::isfinite(in.y)
  PASS  std::isfinite(in.x)
  PASS  std::isfinite(in.y)
  PASS  std::isfinite(in.x)
  PASS  std::isfinite(in.y)
  PASS  std::isfinite(in.x)
  PASS  std::isfinite(in.y)
  PASS  std::isfinite(in.x)
  PASS  std::isfinite(in.y)
  PASS  std::isfinite(in.x)
  PASS  std::isfinite(in.y)
  PASS  std::isfinite(in.x)
  PASS  std::isfinite(in.y)
  PASS  std::isfinite(in.x)
  PASS  std::isfinite(in.y)
  PASS  std::isfinite(in.x)
  PASS  std::isfinite(in.y)
  PASS  std::isfinite(in.x)
  PASS  std::isfinite(in.y)
  PASS  std::isfinite(in.x)
  PASS  std::isfinite(in.y)
  PASS  std::isfinite(in.x)
  PASS  std::isfinite(in.y)
  PASS  std::isfinite(in.x)
  PASS  std::isfinite(in.y)
  PASS  std::isfinite(in.x)
  PASS  std::isfinite(in.y)
  PASS  std::isfinite(in.x)
  PASS  std::isfinite(in.y)
  PASS  std::isfinite(in.x)
  PASS  std::isfinite(in.y)
  PASS  std::isfinite(in.x)
  PASS  std::isfinite(in.y)
  PASS  std::isfinite(in.x)
  PASS  std::isfinite(in.y)
  PASS  std::isfinite(in.x)
  PASS  std::isfinite(in.y)
  PASS  std::isfinite(in.x)
  PASS  std::isfinite(in.y)
  PASS  std::isfinite(in.x)
  PASS  std::isfinite(in.y)
  PASS  std::isfinite(in.x)
  PASS  std::isfinite(in.y)
  PASS  std::isfinite(in.x)
  PASS  std::isfinite(in.y)
  PASS  std::isfinite(in.x)
  PASS  std::isfinite(in.y)
  PASS  std::isfinite(in.x)
  PASS  std::isfinite(in.y)
  PASS  std::isfinite(in.x)
  PASS  std::isfinite(in.y)
  PASS  std::isfinite(in.x)
  PASS  std::isfinite(in.y)
  PASS  std::isfinite(in.x)
  PASS  std::isfinite(in.y)
  PASS  std::isfinite(in.x)
  PASS  std::isfinite(in.y)
  PASS  std::isfinite(in.x)
  PASS  std::isfinite(in.y)
  PASS  std::isfinite(in.x)
  PASS  std::isfinite(in.y)
  PASS  std::isfinite(in.x)
  PASS  std::isfinite(in.y)
  PASS  std::isfinite(in.x)
  PASS  std::isfinite(in.y)
  PASS  std::isfinite(in.x)
  PASS  std::isfinite(in.y)
  PASS  std::isfinite(in.x)
  PASS  std::isfinite(in.y)
  PASS  std::isfinite(in.x)
  PASS  std::isfinite(in.y)
  PASS  std::isfinite(in.x)
  PASS  std::isfinite(in.y)
  PASS  std::isfinite(in.x)
  PASS  std::isfinite(in.y)
  PASS  std::isfinite(in.x)
  PASS  std::isfinite(in.y)
  PASS  std::isfinite(in.x)
  PASS  std::isfinite(in.y)
  PASS  std::isfinite(in.x)
  PASS  std::isfinite(in.y)
  PASS  std::isfinite(in.x)
  PASS  std::isfinite(in.y)
  PASS  std::isfinite(in.x)
  PASS  std::isfinite(in.y)
  PASS  std::isfinite(in.x)
  PASS  std::isfinite(in.y)
  PASS  std::isfinite(in.x)
  PASS  std::isfinite(in.y)
  PASS  std::isfinite(in.x)
  PASS  std::isfinite(in.y)
  PASS  std::isfinite(in.x)
  PASS  std::isfinite(in.y)
  PASS  std::isfinite(in.x)
  PASS  std::isfinite(in.y)
  PASS  std::isfinite(in.x)
  PASS  std::isfinite(in.y)
  PASS  std::isfinite(in.x)
  PASS  std::isfinite(in.y)
  PASS  std::isfinite(in.x)
  PASS  std::isfinite(in.y)
  PASS  std::isfinite(in.x)
  PASS  std::isfinite(in.y)
  PASS  std::isfinite(in.x)
  PASS  std::isfinite(in.y)
  PASS  std::isfinite(in.x)
  PASS  std::isfinite(in.y)
  PASS  std::isfinite(in.x)
  PASS  std::isfinite(in.y)
  PASS  std::isfinite(in.x)
  PASS  std::isfinite(in.y)
  PASS  std::isfinite(in.x)
  PASS  std::isfinite(in.y)
  PASS  std::isfinite(in.x)
  PASS  std::isfinite(in.y)
  PASS  std::isfinite(in.x)
  PASS  std::isfinite(in.y)
  PASS  std::isfinite(in.x)
  PASS  std::isfinite(in.y)
  PASS  std::isfinite(in.x)
  PASS  std::isfinite(in.y)
  PASS  std::isfinite(in.x)
  PASS  std::isfinite(in.y)
  PASS  std::isfinite(in.x)
  PASS  std::isfinite(in.y)
  PASS  std::isfinite(in.x)
  PASS  std::isfinite(in.y)
  PASS  std::isfinite(in.x)
  PASS  std::isfinite(in.y)
  PASS  std::isfinite(in.x)
  PASS  std::isfinite(in.y)
  PASS  std::isfinite(in.x)
  PASS  std::isfinite(in.y)
  PASS  std::isfinite(in.x)
  PASS  std::isfinite(in.y)
  PASS  std::isfinite(in.x)
  PASS  std::isfinite(in.y)
  PASS  std::isfinite(in.x)
  PASS  std::isfinite(in.y)
  PASS  std::isfinite(in.x)
  PASS  std::isfinite(in.y)
  PASS  std::isfinite(in.x)
  PASS  std::isfinite(in.y)
  PASS  std::isfinite(in.x)
  PASS  std::isfinite(in.y)
  PASS  std::isfinite(in.x)
  PASS  std::isfinite(in.y)
  PASS  std::isfinite(in.x)
  PASS  std::isfinite(in.y)
  PASS  std::isfinite(in.x)
  PASS  std::isfinite(in.y)
  PASS  std::isfinite(in.x)
  PASS  std::isfinite(in.y)
  PASS  std::isfinite(in.x)
  PASS  std::isfinite(in.y)
  PASS  std::isfinite(in.x)
  PASS  std::isfinite(in.y)
  PASS  std::isfinite(in.x)
  PASS  std::isfinite(in.y)
  PASS  std::isfinite(in.x)
  PASS  std::isfinite(in.y)
  PASS  std::isfinite(in.x)
  PASS  std::isfinite(in.y)
  PASS  std::isfinite(in.x)
  PASS  std::isfinite(in.y)
  PASS  std::isfinite(in.x)
  PASS  std::isfinite(in.y)
  PASS  std::isfinite(in.x)
  PASS  std::isfinite(in.y)
  PASS  std::isfinite(in.x)
  PASS  std::isfinite(in.y)
  PASS  std::isfinite(in.x)
  PASS  std::isfinite(in.y)
  PASS  std::isfinite(in.x)
  PASS  std::isfinite(in.y)
  PASS  std::isfinite(in.x)
  PASS  std::isfinite(in.y)
  PASS  std::isfinite(in.x)
  PASS  std::isfinite(in.y)
  PASS  std::isfinite(in.x)
  PASS  std::isfinite(in.y)
  PASS  std::isfinite(in.x)
  PASS  std::isfinite(in.y)
  PASS  std::isfinite(in.x)
  PASS  std::isfinite(in.y)
  PASS  std::isfinite(in.x)
  PASS  std::isfinite(in.y)
  PASS  std::isfinite(in.x)
  PASS  std::isfinite(in.y)
  PASS  std::isfinite(in.x)
  PASS  std::isfinite(in.y)
  PASS  std::isfinite(in.x)
  PASS  std::isfinite(in.y)
  PASS  std::isfinite(in.x)
  PASS  std::isfinite(in.y)
  PASS  std::isfinite(in.x)
  PASS  std::isfinite(in.y)
  PASS  std::isfinite(in.x)
  PASS  std::isfinite(in.y)
  PASS  std::isfinite(in.x)
  PASS  std::isfinite(in.y)
  PASS  std::isfinite(in.x)
  PASS  std::isfinite(in.y)
  PASS  std::isfinite(in.x)
  PASS  std::isfinite(in.y)
  PASS  std::isfinite(in.x)
  PASS  std::isfinite(in.y)
  PASS  std::isfinite(in.x)
  PASS  std::isfinite(in.y)
  PASS  std::isfinite(in.x)
  PASS  std::isfinite(in.y)
  PASS  std::isfinite(in.x)
  PASS  std::isfinite(in.y)
  PASS  std::isfinite(in.x)
  PASS  std::isfinite(in.y)
  PASS  std::isfinite(in.x)
  PASS  std::isfinite(in.y)
  PASS  std::isfinite(in.x)
  PASS  std::isfinite(in.y)
  PASS  std::isfinite(in.x)
  PASS  std::isfinite(in.y)
  PASS  std::isfinite(in.x)
  PASS  std::isfinite(in.y)
  PASS  std::isfinite(in.x)
  PASS  std::isfinite(in.y)
  PASS  std::isfinite(in.x)
  PASS  std::isfinite(in.y)
  PASS  std::isfinite(in.x)
  PASS  std::isfinite(in.y)
  PASS  std::isfinite(in.x)
  PASS  std::isfinite(in.y)
  PASS  std::isfinite(in.x)
  PASS  std::isfinite(in.y)
  PASS  std::isfinite(in.x)
  PASS  std::isfinite(in.y)
  PASS  std::isfinite(in.x)
  PASS  std::isfinite(in.y)
  PASS  std::isfinite(in.x)
  PASS  std::isfinite(in.y)
  PASS  std::isfinite(in.x)
  PASS  std::isfinite(in.y)
  PASS  std::isfinite(in.x)
  PASS  std::isfinite(in.y)
  PASS  std::isfinite(in.x)
  PASS  std::isfinite(in.y)
  PASS  std::isfinite(in.x)
  PASS  std::isfinite(in.y)
  PASS  std::isfinite(in.x)
  PASS  std::isfinite(in.y)
  PASS  std::isfinite(in.x)
  PASS  std::isfinite(in.y)
  PASS  std::isfinite(in.x)
  PASS  std::isfinite(in.y)
  PASS  std::isfinite(in.x)
  PASS  std::isfinite(in.y)
  PASS  std::isfinite(in.x)
  PASS  std::isfinite(in.y)
  PASS  std::isfinite(in.x)
  PASS  std::isfinite(in.y)
  PASS  std::isfinite(in.x)
  PASS  std::isfinite(in.y)
  PASS  std::isfinite(in.x)
  PASS  std::isfinite(in.y)
  PASS  std::isfinite(in.x)
  PASS  std::isfinite(in.y)
  PASS  std::isfinite(in.x)
  PASS  std::isfinite(in.y)
  PASS  std::isfinite(in.x)
  PASS  std::isfinite(in.y)
  PASS  std::isfinite(in.x)
  PASS  std::isfinite(in.y)
  PASS  std::isfinite(in.x)
  PASS  std::isfinite(in.y)
  PASS  std::isfinite(in.x)
  PASS  std::isfinite(in.y)
  PASS  std::isfinite(in.x)
  PASS  std::isfinite(in.y)
  PASS  std::isfinite(in.x)
  PASS  std::isfinite(in.y)
  PASS  std::isfinite(in.x)
  PASS  std::isfinite(in.y)
  PASS  std::isfinite(in.x)
  PASS  std::isfinite(in.y)
  PASS  std::isfinite(in.x)
  PASS  std::isfinite(in.y)
  PASS  std::isfinite(in.x)
  PASS  std::isfinite(in.y)
  PASS  std::isfinite(in.x)
  PASS  std::isfinite(in.y)
  PASS  std::isfinite(in.x)
  PASS  std::isfinite(in.y)
  PASS  std::isfinite(in.x)
  PASS  std::isfinite(in.y)
  PASS  std::isfinite(in.x)
  PASS  std::isfinite(in.y)
  PASS  std::isfinite(in.x)
  PASS  std::isfinite(in.y)
  PASS  std::isfinite(in.x)
  PASS  std::isfinite(in.y)
  PASS  std::isfinite(in.x)
  PASS  std::isfinite(in.y)
  PASS  std::isfinite(in.x)
  PASS  std::isfinite(in.y)
  PASS  std::isfinite(in.x)
  PASS  std::isfinite(in.y)
  PASS  std::isfinite(in.x)
  PASS  std::isfinite(in.y)
  PASS  std::isfinite(in.x)
  PASS  std::isfinite(in.y)
  PASS  std::isfinite(in.x)
  PASS  std::isfinite(in.y)
  PASS  std::isfinite(in.x)
  PASS  std::isfinite(in.y)
  PASS  std::isfinite(in.x)
  PASS  std::isfinite(in.y)
  PASS  std::isfinite(in.x)
  PASS  std::isfinite(in.y)
  PASS  std::isfinite(in.x)
  PASS  std::isfinite(in.y)
  PASS  std::isfinite(in.x)
  PASS  std::isfinite(in.y)
  PASS  std::isfinite(in.x)
  PASS  std::isfinite(in.y)
  PASS  std::isfinite(in.x)
  PASS  std::isfinite(in.y)
  PASS  std::isfinite(in.x)
  PASS  std::isfinite(in.y)
  PASS  std::isfinite(in.x)
  PASS  std::isfinite(in.y)
  PASS  std::isfinite(in.x)
  PASS  std::isfinite(in.y)
  PASS  std::isfinite(in.x)
  PASS  std::isfinite(in.y)
  PASS  std::isfinite(in.x)
  PASS  std::isfinite(in.y)
  PASS  std::isfinite(in.x)
  PASS  std::isfinite(in.y)
  PASS  std::isfinite(in.x)
  PASS  std::isfinite(in.y)
  PASS  std::isfinite(in.x)
  PASS  std::isfinite(in.y)
  PASS  std::isfinite(in.x)
  PASS  std::isfinite(in.y)
  PASS  std::isfinite(in.x)
  PASS  std::isfinite(in.y)
  PASS  std::isfinite(in.x)
  PASS  std::isfinite(in.y)
  PASS  std::isfinite(in.x)
  PASS  std::isfinite(in.y)
  PASS  std::isfinite(in.x)
  PASS  std::isfinite(in.y)
  PASS  std::isfinite(in.x)
  PASS  std::isfinite(in.y)
  PASS  std::isfinite(in.x)
  PASS  std::isfinite(in.y)
  PASS  std::isfinite(in.x)
  PASS  std::isfinite(in.y)
  PASS  std::isfinite(in.x)
  PASS  std::isfinite(in.y)
  PASS  std::isfinite(in.x)
  PASS  std::isfinite(in.y)
  PASS  std::isfinite(in.x)
  PASS  std::isfinite(in.y)
  PASS  std::isfinite(in.x)
  PASS  std::isfinite(in.y)
  PASS  std::isfinite(in.x)
  PASS  std::isfinite(in.y)
  PASS  std::isfinite(in.x)
  PASS  std::isfinite(in.y)
  PASS  std::isfinite(in.x)
  PASS  std::isfinite(in.y)
  PASS  std::isfinite(in.x)
  PASS  std::isfinite(in.y)
  PASS  std::isfinite(in.x)
  PASS  std::isfinite(in.y)
  PASS  std::isfinite(in.x)
  PASS  std::isfinite(in.y)
  PASS  std::isfinite(in.x)
  PASS  std::isfinite(in.y)
  PASS  std::isfinite(in.x)
  PASS  std::isfinite(in.y)
  PASS  std::isfinite(in.x)
  PASS  std::isfinite(in.y)
  PASS  std::isfinite(in.x)
  PASS  std::isfinite(in.y)
  PASS  std::isfinite(in.x)
  PASS  std::isfinite(in.y)
  PASS  std::isfinite(in.x)
  PASS  std::isfinite(in.y)
  PASS  std::isfinite(in.x)
  PASS  std::isfinite(in.y)
  PASS  std::isfinite(in.x)
  PASS  std::isfinite(in.y)
  PASS  std::isfinite(in.x)
  PASS  std::isfinite(in.y)
  PASS  std::isfinite(in.x)
  PASS  std::isfinite(in.y)
  PASS  std::isfinite(in.x)
  PASS  std::isfinite(in.y)
  PASS  std::isfinite(in.x)
  PASS  std::isfinite(in.y)
  PASS  std::isfinite(in.x)
  PASS  std::isfinite(in.y)
  PASS  std::isfinite(in.x)
  PASS  std::isfinite(in.y)
  PASS  std::isfinite(in.x)
  PASS  std::isfinite(in.y)
  PASS  std::isfinite(in.x)
  PASS  std::isfinite(in.y)
  PASS  std::isfinite(in.x)
  PASS  std::isfinite(in.y)
  PASS  std::isfinite(in.x)
  PASS  std::isfinite(in.y)
  PASS  std::isfinite(in.x)
  PASS  std::isfinite(in.y)
  PASS  std::isfinite(in.x)
  PASS  std::isfinite(in.y)
  PASS  std::isfinite(in.x)
  PASS  std::isfinite(in.y)
  PASS  std::isfinite(in.x)
  PASS  std::isfinite(in.y)
  PASS  std::isfinite(in.x)
  PASS  std::isfinite(in.y)
  PASS  std::isfinite(in.x)
  PASS  std::isfinite(in.y)
  PASS  std::isfinite(in.x)
  PASS  std::isfinite(in.y)
  PASS  std::isfinite(in.x)
  PASS  std::isfinite(in.y)
  PASS  std::isfinite(in.x)
  PASS  std::isfinite(in.y)
  PASS  std::isfinite(in.x)
  PASS  std::isfinite(in.y)
  PASS  std::isfinite(in.x)
  PASS  std::isfinite(in.y)
  PASS  std::isfinite(in.x)
  PASS  std::isfinite(in.y)
  PASS  std::isfinite(in.x)
  PASS  std::isfinite(in.y)
  PASS  std::isfinite(in.x)
  PASS  std::isfinite(in.y)
  PASS  std::isfinite(in.x)
  PASS  std::isfinite(in.y)
  PASS  std::isfinite(in.x)
  PASS  std::isfinite(in.y)
  PASS  std::isfinite(in.x)
  PASS  std::isfinite(in.y)
  PASS  std::isfinite(in.x)
  PASS  std::isfinite(in.y)
  PASS  std::isfinite(in.x)
  PASS  std::isfinite(in.y)
  PASS  std::isfinite(in.x)
  PASS  std::isfinite(in.y)
  PASS  std::isfinite(in.x)
  PASS  std::isfinite(in.y)
  PASS  std::isfinite(in.x)
  PASS  std::isfinite(in.y)
  PASS  std::isfinite(in.x)
  PASS  std::isfinite(in.y)
  PASS  std::isfinite(in.x)
  PASS  std::isfinite(in.y)
  PASS  std::isfinite(in.x)
  PASS  std::isfinite(in.y)
  PASS  std::isfinite(in.x)
  PASS  std::isfinite(in.y)
  PASS  std::isfinite(in.x)
  PASS  std::isfinite(in.y)
  PASS  std::isfinite(in.x)
  PASS  std::isfinite(in.y)
  PASS  std::isfinite(in.x)
  PASS  std::isfinite(in.y)
  PASS  std::isfinite(in.x)
  PASS  std::isfinite(in.y)
  PASS  std::isfinite(in.x)
  PASS  std::isfinite(in.y)
  PASS  std::isfinite(in.x)
  PASS  std::isfinite(in.y)
  PASS  std::isfinite(in.x)
  PASS  std::isfinite(in.y)
  PASS  std::isfinite(in.x)
  PASS  std::isfinite(in.y)
  PASS  std::isfinite(in.x)
  PASS  std::isfinite(in.y)
  PASS  std::isfinite(in.x)
  PASS  std::isfinite(in.y)
  PASS  std::isfinite(in.x)
  PASS  std::isfinite(in.y)
  PASS  std::isfinite(in.x)
  PASS  std::isfinite(in.y)
  PASS  std::isfinite(in.x)
  PASS  std::isfinite(in.y)
  PASS  std::isfinite(in.x)
  PASS  std::isfinite(in.y)
  PASS  std::isfinite(in.x)
  PASS  std::isfinite(in.y)
  PASS  std::isfinite(in.x)
  PASS  std::isfinite(in.y)
  PASS  std::isfinite(in.x)
  PASS  std::isfinite(in.y)
  PASS  std::isfinite(in.x)
  PASS  std::isfinite(in.y)
  PASS  std::isfinite(in.x)
  PASS  std::isfinite(in.y)
  PASS  std::isfinite(in.x)
  PASS  std::isfinite(in.y)
  PASS  std::isfinite(in.x)
  PASS  std::isfinite(in.y)
  PASS  std::isfinite(in.x)
  PASS  std::isfinite(in.y)
  PASS  std::isfinite(in.x)
  PASS  std::isfinite(in.y)
  PASS  std::isfinite(in.x)
  PASS  std::isfinite(in.y)
  PASS  std::isfinite(in.x)
  PASS  std::isfinite(in.y)
  PASS  std::isfinite(in.x)
  PASS  std::isfinite(in.y)
  PASS  std::isfinite(in.x)
  PASS  std::isfinite(in.y)
  PASS  std::isfinite(in.x)
  PASS  std::isfinite(in.y)
  PASS  std::isfinite(in.x)
  PASS  std::isfinite(in.y)
  PASS  std::isfinite(in.x)
  PASS  std::isfinite(in.y)
  PASS  std::isfinite(in.x)
  PASS  std::isfinite(in.y)
  PASS  std::isfinite(in.x)
  PASS  std::isfinite(in.y)
  PASS  std::isfinite(in.x)
  PASS  std::isfinite(in.y)
  PASS  std::isfinite(in.x)
  PASS  std::isfinite(in.y)
  PASS  std::isfinite(in.x)
  PASS  std::isfinite(in.y)
  PASS  std::isfinite(in.x)
  PASS  std::isfinite(in.y)
  PASS  std::isfinite(in.x)
  PASS  std::isfinite(in.y)
  PASS  std::isfinite(in.x)
  PASS  std::isfinite(in.y)
  PASS  std::isfinite(in.x)
  PASS  std::isfinite(in.y)
  PASS  std::isfinite(in.x)
  PASS  std::isfinite(in.y)
  PASS  std::isfinite(in.x)
  PASS  std::isfinite(in.y)
  PASS  std::isfinite(in.x)
  PASS  std::isfinite(in.y)
  PASS  std::isfinite(in.x)
  PASS  std::isfinite(in.y)
  PASS  std::isfinite(in.x)
  PASS  std::isfinite(in.y)
  PASS  std::isfinite(in.x)
  PASS  std::isfinite(in.y)
  PASS  std::isfinite(in.x)
  PASS  std::isfinite(in.y)
  PASS  std::isfinite(in.x)
  PASS  std::isfinite(in.y)
  PASS  std::isfinite(in.x)
  PASS  std::isfinite(in.y)
  PASS  std::isfinite(in.x)
  PASS  std::isfinite(in.y)
  PASS  std::isfinite(in.x)
  PASS  std::isfinite(in.y)
  PASS  std::isfinite(in.x)
  PASS  std::isfinite(in.y)
  PASS  std::isfinite(in.x)
  PASS  std::isfinite(in.y)
  PASS  std::isfinite(in.x)
  PASS  std::isfinite(in.y)
  PASS  std::isfinite(in.x)
  PASS  std::isfinite(in.y)
  PASS  std::isfinite(in.x)
  PASS  std::isfinite(in.y)
  PASS  std::isfinite(in.x)
  PASS  std::isfinite(in.y)
  PASS  std::isfinite(in.x)
  PASS  std::isfinite(in.y)
  PASS  std::isfinite(in.x)
  PASS  std::isfinite(in.y)
  PASS  std::isfinite(in.x)
  PASS  std::isfinite(in.y)
  PASS  std::isfinite(in.x)
  PASS  std::isfinite(in.y)
  PASS  std::isfinite(in.x)
  PASS  std::isfinite(in.y)
  PASS  std::isfinite(in.x)
  PASS  std::isfinite(in.y)
  PASS  std::isfinite(in.x)
  PASS  std::isfinite(in.y)
  PASS  std::isfinite(in.x)
  PASS  std::isfinite(in.y)
  PASS  std::isfinite(in.x)
  PASS  std::isfinite(in.y)
  PASS  std::isfinite(in.x)
  PASS  std::isfinite(in.y)
  PASS  std::isfinite(in.x)
  PASS  std::isfinite(in.y)
  PASS  std::isfinite(in.x)
  PASS  std::isfinite(in.y)
  PASS  std::isfinite(in.x)
  PASS  std::isfinite(in.y)
  PASS  std::isfinite(in.x)
  PASS  std::isfinite(in.y)
  PASS  std::isfinite(in.x)
  PASS  std::isfinite(in.y)
  PASS  std::isfinite(in.x)
  PASS  std::isfinite(in.y)
  PASS  std::isfinite(in.x)
  PASS  std::isfinite(in.y)
  PASS  std::isfinite(in.x)
  PASS  std::isfinite(in.y)
  PASS  std::isfinite(in.x)
  PASS  std::isfinite(in.y)
  PASS  std::isfinite(in.x)
  PASS  std::isfinite(in.y)
  PASS  std::isfinite(in.x)
  PASS  std::isfinite(in.y)
  PASS  std::isfinite(in.x)
  PASS  std::isfinite(in.y)
  PASS  std::isfinite(in.x)
  PASS  std::isfinite(in.y)
  PASS  std::isfinite(in.x)
  PASS  std::isfinite(in.y)
  PASS  std::isfinite(in.x)
  PASS  std::isfinite(in.y)
  PASS  std::isfinite(in.x)
  PASS  std::isfinite(in.y)
  PASS  std::isfinite(in.x)
  PASS  std::isfinite(in.y)
  PASS  std::isfinite(in.x)
  PASS  std::isfinite(in.y)
  PASS  std::isfinite(in.x)
  PASS  std::isfinite(in.y)
  PASS  std::isfinite(in.x)
  PASS  std::isfinite(in.y)
  PASS  std::isfinite(in.x)
  PASS  std::isfinite(in.y)
  PASS  std::isfinite(in.x)
  PASS  std::isfinite(in.y)
  PASS  std::isfinite(in.x)
  PASS  std::isfinite(in.y)
  PASS  std::isfinite(in.x)
  PASS  std::isfinite(in.y)
  PASS  std::isfinite(in.x)
  PASS  std::isfinite(in.y)
  PASS  std::isfinite(in.x)
  PASS  std::isfinite(in.y)
  PASS  std::isfinite(in.x)
  PASS  std::isfinite(in.y)
  PASS  std::isfinite(in.x)
  PASS  std::isfinite(in.y)
  PASS  std::isfinite(in.x)
  PASS  std::isfinite(in.y)
  PASS  std::isfinite(in.x)
  PASS  std::isfinite(in.y)
  PASS  std::isfinite(in.x)
  PASS  std::isfinite(in.y)
  PASS  std::isfinite(in.x)
  PASS  std::isfinite(in.y)
  PASS  std::isfinite(in.x)
  PASS  std::isfinite(in.y)
  PASS  std::isfinite(in.x)
  PASS  std::isfinite(in.y)
  PASS  std::isfinite(in.x)
  PASS  std::isfinite(in.y)
  PASS  std::isfinite(in.x)
  PASS  std::isfinite(in.y)
  PASS  std::isfinite(in.x)
  PASS  std::isfinite(in.y)
  PASS  std::isfinite(in.x)
  PASS  std::isfinite(in.y)
  PASS  std::isfinite(in.x)
  PASS  std::isfinite(in.y)
  PASS  std::isfinite(in.x)
  PASS  std::isfinite(in.y)
  PASS  std::isfinite(in.x)
  PASS  std::isfinite(in.y)
  PASS  std::isfinite(in.x)
  PASS  std::isfinite(in.y)
  PASS  std::isfinite(in.x)
  PASS  std::isfinite(in.y)
  PASS  std::isfinite(in.x)
  PASS  std::isfinite(in.y)
  PASS  std::isfinite(in.x)
  PASS  std::isfinite(in.y)
  PASS  std::isfinite(in.x)
  PASS  std::isfinite(in.y)
  PASS  std::isfinite(in.x)
  PASS  std::isfinite(in.y)
  PASS  std::isfinite(in.x)
  PASS  std::isfinite(in.y)
  PASS  std::isfinite(in.x)
  PASS  std::isfinite(in.y)
  PASS  std::isfinite(in.x)
  PASS  std::isfinite(in.y)
  PASS  std::isfinite(in.x)
  PASS  std::isfinite(in.y)
  PASS  std::isfinite(in.x)
  PASS  std::isfinite(in.y)
  PASS  std::isfinite(in.x)
  PASS  std::isfinite(in.y)
  PASS  std::isfinite(in.x)
  PASS  std::isfinite(in.y)
  PASS  std::isfinite(in.x)
  PASS  std::isfinite(in.y)
  PASS  std::isfinite(in.x)
  PASS  std::isfinite(in.y)
  PASS  std::isfinite(in.x)
  PASS  std::isfinite(in.y)
  PASS  std::isfinite(in.x)
  PASS  std::isfinite(in.y)
  PASS  std::isfinite(in.x)
  PASS  std::isfinite(in.y)
  PASS  std::isfinite(in.x)
  PASS  std::isfinite(in.y)
  PASS  std::isfinite(in.x)
  PASS  std::isfinite(in.y)
  PASS  std::isfinite(in.x)
  PASS  std::isfinite(in.y)
  PASS  std::isfinite(in.x)
  PASS  std::isfinite(in.y)
  PASS  std::isfinite(in.x)
  PASS  std::isfinite(in.y)
  PASS  std::isfinite(in.x)
  PASS  std::isfinite(in.y)
  PASS  std::isfinite(in.x)
  PASS  std::isfinite(in.y)
  PASS  std::isfinite(in.x)
  PASS  std::isfinite(in.y)
  PASS  std::isfinite(in.x)
  PASS  std::isfinite(in.y)
  PASS  std::isfinite(in.x)
  PASS  std::isfinite(in.y)
  PASS  std::isfinite(in.x)
  PASS  std::isfinite(in.y)
  PASS  std::isfinite(in.x)
  PASS  std::isfinite(in.y)
  PASS  std::isfinite(in.x)
  PASS  std::isfinite(in.y)
  PASS  std::isfinite(in.x)
  PASS  std::isfinite(in.y)
  PASS  std::isfinite(in.x)
  PASS  std::isfinite(in.y)
  PASS  std::isfinite(in.x)
  PASS  std::isfinite(in.y)
  PASS  std::isfinite(in.x)
  PASS  std::isfinite(in.y)
  PASS  std::isfinite(in.x)
  PASS  std::isfinite(in.y)
  PASS  std::isfinite(in.x)
  PASS  std::isfinite(in.y)
  PASS  std::isfinite(in.x)
  PASS  std::isfinite(in.y)
  PASS  std::isfinite(in.x)
  PASS  std::isfinite(in.y)
  PASS  std::isfinite(in.x)
  PASS  std::isfinite(in.y)
  PASS  std::isfinite(in.x)
  PASS  std::isfinite(in.y)
  PASS  std::isfinite(in.x)
  PASS  std::isfinite(in.y)
  PASS  std::isfinite(in.x)
  PASS  std::isfinite(in.y)
  PASS  std::isfinite(in.x)
  PASS  std::isfinite(in.y)
  PASS  std::isfinite(in.x)
  PASS  std::isfinite(in.y)
  PASS  std::isfinite(in.x)
  PASS  std::isfinite(in.y)
  PASS  std::isfinite(in.x)
  PASS  std::isfinite(in.y)
  PASS  std::isfinite(in.x)
  PASS  std::isfinite(in.y)
  PASS  std::isfinite(in.x)
  PASS  std::isfinite(in.y)
  PASS  std::isfinite(in.x)
  PASS  std::isfinite(in.y)
  PASS  std::isfinite(in.x)
  PASS  std::isfinite(in.y)
  PASS  std::isfinite(in.x)
  PASS  std::isfinite(in.y)
  PASS  std::isfinite(in.x)
  PASS  std::isfinite(in.y)
  PASS  std::isfinite(in.x)
  PASS  std::isfinite(in.y)
  PASS  std::isfinite(in.x)
  PASS  std::isfinite(in.y)
  PASS  std::isfinite(in.x)
  PASS  std::isfinite(in.y)
  PASS  std::isfinite(in.x)
  PASS  std::isfinite(in.y)
  PASS  std::isfinite(in.x)
  PASS  std::isfinite(in.y)
  PASS  std::isfinite(in.x)
  PASS  std::isfinite(in.y)
  PASS  std::isfinite(in.x)
  PASS  std::isfinite(in.y)
  PASS  std::isfinite(in.x)
  PASS  std::isfinite(in.y)
  PASS  std::isfinite(in.x)
  PASS  std::isfinite(in.y)
  PASS  std::isfinite(in.x)
  PASS  std::isfinite(in.y)
  PASS  std::isfinite(in.x)
  PASS  std::isfinite(in.y)
  PASS  std::isfinite(in.x)
  PASS  std::isfinite(in.y)
  PASS  std::isfinite(in.x)
  PASS  std::isfinite(in.y)
  PASS  std::isfinite(in.x)
  PASS  std::isfinite(in.y)
  PASS  std::isfinite(in.x)
  PASS  std::isfinite(in.y)
  PASS  std::isfinite(in.x)
  PASS  std::isfinite(in.y)
  PASS  std::isfinite(in.x)
  PASS  std::isfinite(in.y)
  PASS  std::isfinite(in.x)
  PASS  std::isfinite(in.y)
  PASS  std::isfinite(in.x)
  PASS  std::isfinite(in.y)
  PASS  std::isfinite(in.x)
  PASS  std::isfinite(in.y)
  PASS  std::isfinite(in.x)
  PASS  std::isfinite(in.y)
  PASS  std::isfinite(in.x)
  PASS  std::isfinite(in.y)
  PASS  std::isfinite(in.x)
  PASS  std::isfinite(in.y)
  PASS  std::isfinite(in.x)
  PASS  std::isfinite(in.y)
  PASS  std::isfinite(in.x)
  PASS  std::isfinite(in.y)
  PASS  std::isfinite(in.x)
  PASS  std::isfinite(in.y)
  PASS  std::isfinite(in.x)
  PASS  std::isfinite(in.y)
  PASS  std::isfinite(in.x)
  PASS  std::isfinite(in.y)
  PASS  std::isfinite(in.x)
  PASS  std::isfinite(in.y)
  PASS  std::isfinite(in.x)
  PASS  std::isfinite(in.y)
  PASS  std::isfinite(in.x)
  PASS  std::isfinite(in.y)
  PASS  std::isfinite(in.x)
  PASS  std::isfinite(in.y)
  PASS  std::isfinite(in.x)
  PASS  std::isfinite(in.y)
  PASS  std::isfinite(in.x)
  PASS  std::isfinite(in.y)
  PASS  std::isfinite(in.x)
  PASS  std::isfinite(in.y)
  PASS  std::isfinite(in.x)
  PASS  std::isfinite(in.y)
  PASS  std::isfinite(in.x)
  PASS  std::isfinite(in.y)
  PASS  std::isfinite(in.x)
  PASS  std::isfinite(in.y)
  PASS  std::isfinite(in.x)
  PASS  std::isfinite(in.y)
  PASS  std::isfinite(in.x)
  PASS  std::isfinite(in.y)
  PASS  std::isfinite(in.x)
  PASS  std::isfinite(in.y)
  PASS  std::isfinite(in.x)
  PASS  std::isfinite(in.y)
  PASS  std::isfinite(in.x)
  PASS  std::isfinite(in.y)
  PASS  std::isfinite(in.x)
  PASS  std::isfinite(in.y)
  PASS  std::isfinite(in.x)
  PASS  std::isfinite(in.y)
  PASS  std::isfinite(in.x)
  PASS  std::isfinite(in.y)
  PASS  std::isfinite(in.x)
  PASS  std::isfinite(in.y)
  PASS  std::isfinite(in.x)
  PASS  std::isfinite(in.y)
  PASS  std::isfinite(in.x)
  PASS  std::isfinite(in.y)
  PASS  std::isfinite(in.x)
  PASS  std::isfinite(in.y)
  PASS  std::isfinite(in.x)
  PASS  std::isfinite(in.y)
  PASS  std::isfinite(in.x)
  PASS  std::isfinite(in.y)
  PASS  std::isfinite(in.x)
  PASS  std::isfinite(in.y)
  PASS  std::isfinite(in.x)
  PASS  std::isfinite(in.y)
  PASS  std::isfinite(in.x)
  PASS  std::isfinite(in.y)
  PASS  std::isfinite(in.x)
  PASS  std::isfinite(in.y)
  PASS  std::isfinite(in.x)
  PASS  std::isfinite(in.y)
  PASS  std::isfinite(in.x)
  PASS  std::isfinite(in.y)
  PASS  std::isfinite(in.x)
  PASS  std::isfinite(in.y)
  PASS  std::isfinite(in.x)
  PASS  std::isfinite(in.y)
  PASS  std::isfinite(in.x)
  PASS  std::isfinite(in.y)
  PASS  std::isfinite(in.x)
  PASS  std::isfinite(in.y)
  PASS  std::isfinite(in.x)
  PASS  std::isfinite(in.y)
  PASS  std::isfinite(in.x)
  PASS  std::isfinite(in.y)
  PASS  std::isfinite(in.x)
  PASS  std::isfinite(in.y)
  PASS  std::isfinite(in.x)
  PASS  std::isfinite(in.y)
  PASS  std::isfinite(in.x)
  PASS  std::isfinite(in.y)
  PASS  std::isfinite(in.x)
  PASS  std::isfinite(in.y)
  PASS  std::isfinite(in.x)
  PASS  std::isfinite(in.y)
  PASS  std::isfinite(in.x)
  PASS  std::isfinite(in.y)
  PASS  std::isfinite(in.x)
  PASS  std::isfinite(in.y)
  PASS  std::isfinite(in.x)
  PASS  std::isfinite(in.y)
  PASS  std::isfinite(in.x)
  PASS  std::isfinite(in.y)
  PASS  std::isfinite(in.x)
  PASS  std::isfinite(in.y)
  PASS  std::isfinite(in.x)
  PASS  std::isfinite(in.y)
  PASS  std::isfinite(in.x)
  PASS  std::isfinite(in.y)
  PASS  std::isfinite(in.x)
  PASS  std::isfinite(in.y)
  PASS  std::isfinite(in.x)
  PASS  std::isfinite(in.y)
  PASS  std::isfinite(in.x)
  PASS  std::isfinite(in.y)
  PASS  std::isfinite(in.x)
  PASS  std::isfinite(in.y)
  PASS  std::isfinite(in.x)
  PASS  std::isfinite(in.y)
  PASS  std::isfinite(in.x)
  PASS  std::isfinite(in.y)
  PASS  std::isfinite(in.x)
  PASS  std::isfinite(in.y)
  PASS  std::isfinite(in.x)
  PASS  std::isfinite(in.y)
  PASS  std::isfinite(in.x)
  PASS  std::isfinite(in.y)
  PASS  std::isfinite(in.x)
  PASS  std::isfinite(in.y)
  PASS  std::isfinite(in.x)
  PASS  std::isfinite(in.y)
  PASS  std::isfinite(in.x)
  PASS  std::isfinite(in.y)
  PASS  std::isfinite(in.x)
  PASS  std::isfinite(in.y)
  PASS  std::isfinite(in.x)
  PASS  std::isfinite(in.y)
  PASS  std::isfinite(in.x)
  PASS  std::isfinite(in.y)
  PASS  std::isfinite(in.x)
  PASS  std::isfinite(in.y)
  PASS  std::isfinite(in.x)
  PASS  std::isfinite(in.y)
  PASS  std::isfinite(in.x)
  PASS  std::isfinite(in.y)
  PASS  std::isfinite(in.x)
  PASS  std::isfinite(in.y)
  PASS  std::isfinite(in.x)
  PASS  std::isfinite(in.y)
  PASS  std::isfinite(in.x)
  PASS  std::isfinite(in.y)
  PASS  std::isfinite(in.x)
  PASS  std::isfinite(in.y)
  PASS  std::isfinite(in.x)
  PASS  std::isfinite(in.y)
  PASS  std::isfinite(in.x)
  PASS  std::isfinite(in.y)
  PASS  std::isfinite(in.x)
  PASS  std::isfinite(in.y)
  PASS  std::isfinite(in.x)
  PASS  std::isfinite(in.y)
  PASS  std::isfinite(in.x)
  PASS  std::isfinite(in.y)
  PASS  std::isfinite(in.x)
  PASS  std::isfinite(in.y)
  PASS  std::isfinite(in.x)
  PASS  std::isfinite(in.y)
  PASS  std::isfinite(in.x)
  PASS  std::isfinite(in.y)
  PASS  std::isfinite(in.x)
  PASS  std::isfinite(in.y)
  PASS  std::isfinite(in.x)
  PASS  std::isfinite(in.y)
  PASS  std::isfinite(in.x)
  PASS  std::isfinite(in.y)
  PASS  std::isfinite(in.x)
  PASS  std::isfinite(in.y)
  PASS  std::isfinite(in.x)
  PASS  std::isfinite(in.y)
  PASS  std::isfinite(in.x)
  PASS  std::isfinite(in.y)
  PASS  std::isfinite(in.x)
  PASS  std::isfinite(in.y)
  PASS  std::isfinite(in.x)
  PASS  std::isfinite(in.y)
  PASS  std::isfinite(in.x)
  PASS  std::isfinite(in.y)
  PASS  std::isfinite(in.x)
  PASS  std::isfinite(in.y)
  PASS  std::isfinite(in.x)
  PASS  std::isfinite(in.y)
  PASS  std::isfinite(in.x)
  PASS  std::isfinite(in.y)
  PASS  std::isfinite(in.x)
  PASS  std::isfinite(in.y)
  PASS  std::isfinite(in.x)
  PASS  std::isfinite(in.y)
  PASS  std::isfinite(in.x)
  PASS  std::isfinite(in.y)
  PASS  std::isfinite(in.x)
  PASS  std::isfinite(in.y)
  PASS  std::isfinite(in.x)
  PASS  std::isfinite(in.y)
  PASS  std::isfinite(in.x)
  PASS  std::isfinite(in.y)
  PASS  std::isfinite(in.x)
  PASS  std::isfinite(in.y)
  PASS  std::isfinite(in.x)
  PASS  std::isfinite(in.y)
  PASS  std::isfinite(in.x)
  PASS  std::isfinite(in.y)
  PASS  std::isfinite(in.x)
  PASS  std::isfinite(in.y)
  PASS  std::isfinite(in.x)
  PASS  std::isfinite(in.y)
  PASS  std::isfinite(in.x)
  PASS  std::isfinite(in.y)
  PASS  std::isfinite(in.x)
  PASS  std::isfinite(in.y)
  PASS  std::isfinite(in.x)
  PASS  std::isfinite(in.y)
  PASS  std::isfinite(in.x)
  PASS  std::isfinite(in.y)
  PASS  std::isfinite(in.x)
  PASS  std::isfinite(in.y)
  PASS  std::isfinite(in.x)
  PASS  std::isfinite(in.y)
  PASS  std::isfinite(in.x)
  PASS  std::isfinite(in.y)
  PASS  std::isfinite(in.x)
  PASS  std::isfinite(in.y)
  PASS  std::isfinite(in.x)
  PASS  std::isfinite(in.y)
  PASS  std::isfinite(in.x)
  PASS  std::isfinite(in.y)
  PASS  std::isfinite(in.x)
  PASS  std::isfinite(in.y)
  PASS  std::isfinite(in.x)
  PASS  std::isfinite(in.y)
  PASS  std::isfinite(in.x)
  PASS  std::isfinite(in.y)
  PASS  std::isfinite(in.x)
  PASS  std::isfinite(in.y)
  PASS  std::isfinite(in.x)
  PASS  std::isfinite(in.y)
  PASS  std::isfinite(in.x)
  PASS  std::isfinite(in.y)
  PASS  std::isfinite(in.x)
  PASS  std::isfinite(in.y)
  PASS  std::isfinite(in.x)
  PASS  std::isfinite(in.y)
  PASS  std::isfinite(in.x)
  PASS  std::isfinite(in.y)
  PASS  std::isfinite(in.x)
  PASS  std::isfinite(in.y)
  PASS  std::isfinite(in.x)
  PASS  std::isfinite(in.y)
  PASS  std::isfinite(in.x)
  PASS  std::isfinite(in.y)
  PASS  std::isfinite(in.x)
  PASS  std::isfinite(in.y)
  PASS  std::isfinite(in.x)
  PASS  std::isfinite(in.y)
  PASS  std::isfinite(in.x)
  PASS  std::isfinite(in.y)
  PASS  std::isfinite(in.x)
  PASS  std::isfinite(in.y)
  PASS  std::isfinite(in.x)
  PASS  std::isfinite(in.y)
  PASS  std::isfinite(in.x)
  PASS  std::isfinite(in.y)
  PASS  std::isfinite(in.x)
  PASS  std::isfinite(in.y)
  PASS  std::isfinite(in.x)
  PASS  std::isfinite(in.y)
  PASS  std::isfinite(in.x)
  PASS  std::isfinite(in.y)
  PASS  std::isfinite(in.x)
  PASS  std::isfinite(in.y)
  PASS  std::isfinite(in.x)
  PASS  std::isfinite(in.y)
  PASS  std::isfinite(in.x)
  PASS  std::isfinite(in.y)
  PASS  std::isfinite(in.x)
  PASS  std::isfinite(in.y)
  PASS  std::isfinite(in.x)
  PASS  std::isfinite(in.y)
  PASS  std::isfinite(in.x)
  PASS  std::isfinite(in.y)
  PASS  std::isfinite(in.x)
  PASS  std::isfinite(in.y)
  PASS  std::isfinite(in.x)
  PASS  std::isfinite(in.y)
  PASS  std::isfinite(in.x)
  PASS  std::isfinite(in.y)
  PASS  std::isfinite(in.x)
  PASS  std::isfinite(in.y)
  PASS  std::isfinite(in.x)
  PASS  std::isfinite(in.y)
  PASS  std::isfinite(in.x)
  PASS  std::isfinite(in.y)
  PASS  std::isfinite(in.x)
  PASS  std::isfinite(in.y)
  PASS  std::isfinite(in.x)
  PASS  std::isfinite(in.y)
  PASS  std::isfinite(in.x)
  PASS  std::isfinite(in.y)
  PASS  std::isfinite(in.x)
  PASS  std::isfinite(in.y)
  PASS  std::isfinite(in.x)
  PASS  std::isfinite(in.y)
  PASS  std::isfinite(in.x)
  PASS  std::isfinite(in.y)
  PASS  std::isfinite(in.x)
  PASS  std::isfinite(in.y)
  PASS  std::isfinite(in.x)
  PASS  std::isfinite(in.y)
  PASS  std::isfinite(in.x)
  PASS  std::isfinite(in.y)
  PASS  std::isfinite(in.x)
  PASS  std::isfinite(in.y)
  PASS  std::isfinite(in.x)
  PASS  std::isfinite(in.y)
  PASS  std::isfinite(in.x)
  PASS  std::isfinite(in.y)
  PASS  std::isfinite(in.x)
  PASS  std::isfinite(in.y)
  PASS  std::isfinite(in.x)
  PASS  std::isfinite(in.y)
  PASS  std::isfinite(in.x)
  PASS  std::isfinite(in.y)
  PASS  std::isfinite(in.x)
  PASS  std::isfinite(in.y)
  PASS  std::isfinite(in.x)
  PASS  std::isfinite(in.y)
  PASS  std::isfinite(in.x)
  PASS  std::isfinite(in.y)
  PASS  std::isfinite(in.x)
  PASS  std::isfinite(in.y)
  PASS  std::isfinite(in.x)
  PASS  std::isfinite(in.y)
  PASS  std::isfinite(in.x)
  PASS  std::isfinite(in.y)
  PASS  std::isfinite(in.x)
  PASS  std::isfinite(in.y)
  PASS  std::isfinite(in.x)
  PASS  std::isfinite(in.y)
  PASS  std::isfinite(in.x)
  PASS  std::isfinite(in.y)
  PASS  std::isfinite(in.x)
  PASS  std::isfinite(in.y)
  PASS  std::isfinite(in.x)
  PASS  std::isfinite(in.y)
  PASS  std::isfinite(in.x)
  PASS  std::isfinite(in.y)
  PASS  std::isfinite(in.x)
  PASS  std::isfinite(in.y)
  PASS  std::isfinite(in.x)
  PASS  std::isfinite(in.y)
  PASS  std::isfinite(in.x)
  PASS  std::isfinite(in.y)
  PASS  std::isfinite(in.x)
  PASS  std::isfinite(in.y)
  PASS  std::isfinite(in.x)
  PASS  std::isfinite(in.y)
  PASS  std::isfinite(in.x)
  PASS  std::isfinite(in.y)
  PASS  std::isfinite(in.x)
  PASS  std::isfinite(in.y)
  PASS  std::isfinite(in.x)
  PASS  std::isfinite(in.y)
  PASS  std::isfinite(in.x)
  PASS  std::isfinite(in.y)
  PASS  std::isfinite(in.x)
  PASS  std::isfinite(in.y)
  PASS  std::isfinite(in.x)
  PASS  std::isfinite(in.y)
  PASS  std::isfinite(in.x)
  PASS  std::isfinite(in.y)
  PASS  std::isfinite(in.x)
  PASS  std::isfinite(in.y)
  PASS  std::isfinite(in.x)
  PASS  std::isfinite(in.y)
  PASS  std::isfinite(in.x)
  PASS  std::isfinite(in.y)
  PASS  std::isfinite(in.x)
  PASS  std::isfinite(in.y)
  PASS  std::isfinite(in.x)
  PASS  std::isfinite(in.y)
  PASS  std::isfinite(in.x)
  PASS  std::isfinite(in.y)
  PASS  std::isfinite(in.x)
  PASS  std::isfinite(in.y)
  PASS  std::isfinite(in.x)
  PASS  std::isfinite(in.y)
  PASS  std::isfinite(in.x)
  PASS  std::isfinite(in.y)
  PASS  std::isfinite(in.x)
  PASS  std::isfinite(in.y)
  PASS  std::isfinite(in.x)
  PASS  std::isfinite(in.y)
  PASS  std::isfinite(in.x)
  PASS  std::isfinite(in.y)
  PASS  std::isfinite(in.x)
  PASS  std::isfinite(in.y)
  PASS  std::isfinite(in.x)
  PASS  std::isfinite(in.y)
  PASS  std::isfinite(in.x)
  PASS  std::isfinite(in.y)
  PASS  std::isfinite(in.x)
  PASS  std::isfinite(in.y)
  PASS  std::isfinite(in.x)
  PASS  std::isfinite(in.y)
  PASS  std::isfinite(in.x)
  PASS  std::isfinite(in.y)
  PASS  std::isfinite(in.x)
  PASS  std::isfinite(in.y)
  PASS  std::isfinite(in.x)
  PASS  std::isfinite(in.y)
  PASS  std::isfinite(in.x)
  PASS  std::isfinite(in.y)
  PASS  std::isfinite(in.x)
  PASS  std::isfinite(in.y)
  PASS  std::isfinite(in.x)
  PASS  std::isfinite(in.y)
  PASS  std::isfinite(in.x)
  PASS  std::isfinite(in.y)
  PASS  std::isfinite(in.x)
  PASS  std::isfinite(in.y)
  PASS  std::isfinite(in.x)
  PASS  std::isfinite(in.y)
  PASS  std::isfinite(in.x)
  PASS  std::isfinite(in.y)
  PASS  std::isfinite(in.x)
  PASS  std::isfinite(in.y)
  PASS  std::isfinite(in.x)
  PASS  std::isfinite(in.y)
  PASS  std::isfinite(in.x)
  PASS  std::isfinite(in.y)
  PASS  std::isfinite(in.x)
  PASS  std::isfinite(in.y)
  PASS  std::isfinite(in.x)
  PASS  std::isfinite(in.y)
  PASS  std::isfinite(in.x)
  PASS  std::isfinite(in.y)
  PASS  std::isfinite(in.x)
  PASS  std::isfinite(in.y)
  PASS  std::isfinite(in.x)
  PASS  std::isfinite(in.y)
  PASS  std::isfinite(in.x)
  PASS  std::isfinite(in.y)
  PASS  std::isfinite(in.x)
  PASS  std::isfinite(in.y)
  PASS  std::isfinite(in.x)
  PASS  std::isfinite(in.y)
  PASS  std::isfinite(in.x)
  PASS  std::isfinite(in.y)
  PASS  std::isfinite(in.x)
  PASS  std::isfinite(in.y)
  PASS  std::isfinite(in.x)
  PASS  std::isfinite(in.y)
  PASS  std::isfinite(in.x)
  PASS  std::isfinite(in.y)
  PASS  std::isfinite(in.x)
  PASS  std::isfinite(in.y)
  PASS  std::isfinite(in.x)
  PASS  std::isfinite(in.y)
  PASS  std::isfinite(in.x)
  PASS  std::isfinite(in.y)
  PASS  std::isfinite(in.x)
  PASS  std::isfinite(in.y)
  PASS  std::isfinite(in.x)
  PASS  std::isfinite(in.y)
  PASS  std::isfinite(in.x)
  PASS  std::isfinite(in.y)
  PASS  std::isfinite(in.x)
  PASS  std::isfinite(in.y)
  PASS  std::isfinite(in.x)
  PASS  std::isfinite(in.y)
  PASS  std::isfinite(in.x)
  PASS  std::isfinite(in.y)
  PASS  std::isfinite(in.x)
  PASS  std::isfinite(in.y)
  PASS  std::isfinite(in.x)
  PASS  std::isfinite(in.y)
  PASS  std::isfinite(in.x)
  PASS  std::isfinite(in.y)
  PASS  std::isfinite(in.x)
  PASS  std::isfinite(in.y)
  PASS  std::isfinite(in.x)
  PASS  std::isfinite(in.y)
  PASS  std::isfinite(in.x)
  PASS  std::isfinite(in.y)
  PASS  std::isfinite(in.x)
  PASS  std::isfinite(in.y)
  PASS  std::isfinite(in.x)
  PASS  std::isfinite(in.y)
  PASS  std::isfinite(in.x)
  PASS  std::isfinite(in.y)
  PASS  std::isfinite(in.x)
  PASS  std::isfinite(in.y)
  PASS  std::isfinite(in.x)
  PASS  std::isfinite(in.y)
  PASS  std::isfinite(in.x)
  PASS  std::isfinite(in.y)
  PASS  std::isfinite(in.x)
  PASS  std::isfinite(in.y)
  PASS  std::isfinite(in.x)
  PASS  std::isfinite(in.y)
  PASS  std::isfinite(in.x)
  PASS  std::isfinite(in.y)
  PASS  std::isfinite(in.x)
  PASS  std::isfinite(in.y)
  PASS  std::isfinite(in.x)
  PASS  std::isfinite(in.y)
  PASS  std::isfinite(in.x)
  PASS  std::isfinite(in.y)
  PASS  std::isfinite(in.x)
  PASS  std::isfinite(in.y)
  PASS  std::isfinite(in.x)
  PASS  std::isfinite(in.y)
  PASS  std::isfinite(in.x)
  PASS  std::isfinite(in.y)
  PASS  std::isfinite(in.x)
  PASS  std::isfinite(in.y)
  PASS  std::isfinite(in.x)
  PASS  std::isfinite(in.y)
  PASS  std::isfinite(in.x)
  PASS  std::isfinite(in.y)
  PASS  std::isfinite(in.x)
  PASS  std::isfinite(in.y)
  PASS  std::isfinite(in.x)
  PASS  std::isfinite(in.y)
  PASS  std::isfinite(in.x)
  PASS  std::isfinite(in.y)
  PASS  std::isfinite(in.x)
  PASS  std::isfinite(in.y)
  PASS  std::isfinite(in.x)
  PASS  std::isfinite(in.y)
  PASS  std::isfinite(in.x)
  PASS  std::isfinite(in.y)
  PASS  std::isfinite(in.x)
  PASS  std::isfinite(in.y)
  PASS  std::isfinite(in.x)
  PASS  std::isfinite(in.y)
  PASS  std::isfinite(in.x)
  PASS  std::isfinite(in.y)
  PASS  std::isfinite(in.x)
  PASS  std::isfinite(in.y)
  PASS  std::isfinite(in.x)
  PASS  std::isfinite(in.y)
  PASS  std::isfinite(in.x)
  PASS  std::isfinite(in.y)
  PASS  std::isfinite(in.x)
  PASS  std::isfinite(in.y)
  PASS  std::isfinite(in.x)
  PASS  std::isfinite(in.y)
  PASS  std::isfinite(in.x)
  PASS  std::isfinite(in.y)
  PASS  std::isfinite(in.x)
  PASS  std::isfinite(in.y)
  PASS  std::isfinite(in.x)
  PASS  std::isfinite(in.y)
  PASS  std::isfinite(in.x)
  PASS  std::isfinite(in.y)
  PASS  std::isfinite(in.x)
  PASS  std::isfinite(in.y)
  PASS  std::isfinite(in.x)
  PASS  std::isfinite(in.y)
  PASS  std::isfinite(in.x)
  PASS  std::isfinite(in.y)
  PASS  std::isfinite(in.x)
  PASS  std::isfinite(in.y)
  PASS  std::isfinite(in.x)
  PASS  std::isfinite(in.y)
  PASS  std::isfinite(in.x)
  PASS  std::isfinite(in.y)
  PASS  std::isfinite(in.x)
  PASS  std::isfinite(in.y)
  PASS  std::isfinite(in.x)
  PASS  std::isfinite(in.y)
  PASS  std::isfinite(in.x)
  PASS  std::isfinite(in.y)
  PASS  std::isfinite(in.x)
  PASS  std::isfinite(in.y)
  PASS  std::isfinite(in.x)
  PASS  std::isfinite(in.y)
  PASS  std::isfinite(in.x)
  PASS  std::isfinite(in.y)
  PASS  std::isfinite(in.x)
  PASS  std::isfinite(in.y)
  PASS  std::isfinite(in.x)
  PASS  std::isfinite(in.y)
  PASS  std::isfinite(in.x)
  PASS  std::isfinite(in.y)
  PASS  std::isfinite(in.x)
  PASS  std::isfinite(in.y)
  PASS  std::isfinite(in.x)
  PASS  std::isfinite(in.y)
  PASS  std::isfinite(in.x)
  PASS  std::isfinite(in.y)
  PASS  std::isfinite(in.x)
  PASS  std::isfinite(in.y)
  PASS  std::isfinite(in.x)
  PASS  std::isfinite(in.y)
  PASS  std::isfinite(in.x)
  PASS  std::isfinite(in.y)
  PASS  std::isfinite(in.x)
  PASS  std::isfinite(in.y)
  PASS  std::isfinite(in.x)
  PASS  std::isfinite(in.y)
  PASS  std::isfinite(in.x)
  PASS  std::isfinite(in.y)
  PASS  std::isfinite(in.x)
  PASS  std::isfinite(in.y)
  PASS  std::isfinite(in.x)
  PASS  std::isfinite(in.y)
  PASS  std::isfinite(in.x)
  PASS  std::isfinite(in.y)
  PASS  std::isfinite(in.x)
  PASS  std::isfinite(in.y)
  PASS  std::isfinite(in.x)
  PASS  std::isfinite(in.y)
  PASS  std::isfinite(in.x)
  PASS  std::isfinite(in.y)
  PASS  std::isfinite(in.x)
  PASS  std::isfinite(in.y)
  PASS  std::isfinite(in.x)
  PASS  std::isfinite(in.y)
  PASS  std::isfinite(in.x)
  PASS  std::isfinite(in.y)
  PASS  std::isfinite(in.x)
  PASS  std::isfinite(in.y)
  PASS  std::isfinite(in.x)
  PASS  std::isfinite(in.y)
  PASS  std::isfinite(in.x)
  PASS  std::isfinite(in.y)
  PASS  std::isfinite(in.x)
  PASS  std::isfinite(in.y)
  PASS  std::isfinite(in.x)
  PASS  std::isfinite(in.y)
  PASS  std::isfinite(in.x)
  PASS  std::isfinite(in.y)
  PASS  std::isfinite(in.x)
  PASS  std::isfinite(in.y)
  PASS  std::isfinite(in.x)
  PASS  std::isfinite(in.y)
  PASS  std::isfinite(in.x)
  PASS  std::isfinite(in.y)
  PASS  std::isfinite(in.x)
  PASS  std::isfinite(in.y)
  PASS  std::isfinite(in.x)
  PASS  std::isfinite(in.y)
  PASS  std::isfinite(in.x)
  PASS  std::isfinite(in.y)
  PASS  std::isfinite(in.x)
  PASS  std::isfinite(in.y)
  PASS  std::isfinite(in.x)
  PASS  std::isfinite(in.y)
  PASS  std::isfinite(in.x)
  PASS  std::isfinite(in.y)
  PASS  std::isfinite(in.x)
  PASS  std::isfinite(in.y)
  PASS  std::isfinite(in.x)
  PASS  std::isfinite(in.y)
  PASS  std::isfinite(in.x)
  PASS  std::isfinite(in.y)
  PASS  std::isfinite(in.x)
  PASS  std::isfinite(in.y)
  PASS  std::isfinite(in.x)
  PASS  std::isfinite(in.y)
  PASS  std::isfinite(in.x)
  PASS  std::isfinite(in.y)
  PASS  std::isfinite(in.x)
  PASS  std::isfinite(in.y)
  PASS  std::isfinite(in.x)
  PASS  std::isfinite(in.y)
  PASS  std::isfinite(in.x)
  PASS  std::isfinite(in.y)
  PASS  std::isfinite(in.x)
  PASS  std::isfinite(in.y)
  PASS  std::isfinite(in.x)
  PASS  std::isfinite(in.y)
  PASS  std::isfinite(in.x)
  PASS  std::isfinite(in.y)
  PASS  std::isfinite(in.x)
  PASS  std::isfinite(in.y)
  PASS  std::isfinite(in.x)
  PASS  std::isfinite(in.y)
  PASS  std::isfinite(in.x)
  PASS  std::isfinite(in.y)
  PASS  std::isfinite(in.x)
  PASS  std::isfinite(in.y)
  PASS  std::isfinite(in.x)
  PASS  std::isfinite(in.y)
  PASS  std::isfinite(in.x)
  PASS  std::isfinite(in.y)
  PASS  std::isfinite(in.x)
  PASS  std::isfinite(in.y)
  PASS  std::isfinite(in.x)
  PASS  std::isfinite(in.y)
  PASS  std::isfinite(in.x)
  PASS  std::isfinite(in.y)
  PASS  std::isfinite(in.x)
  PASS  std::isfinite(in.y)
  PASS  std::isfinite(in.x)
  PASS  std::isfinite(in.y)
  PASS  std::isfinite(in.x)
  PASS  std::isfinite(in.y)
  PASS  std::isfinite(in.x)
  PASS  std::isfinite(in.y)
  PASS  std::isfinite(in.x)
  PASS  std::isfinite(in.y)
  PASS  std::isfinite(in.x)
  PASS  std::isfinite(in.y)
  PASS  std::isfinite(in.x)
  PASS  std::isfinite(in.y)
  PASS  std::isfinite(in.x)
  PASS  std::isfinite(in.y)
  PASS  std::isfinite(in.x)
  PASS  std::isfinite(in.y)
  PASS  std::isfinite(in.x)
  PASS  std::isfinite(in.y)
  PASS  std::isfinite(in.x)
  PASS  std::isfinite(in.y)
  PASS  std::isfinite(in.x)
  PASS  std::isfinite(in.y)
  PASS  std::isfinite(in.x)
  PASS  std::isfinite(in.y)
  PASS  std::isfinite(in.x)
  PASS  std::isfinite(in.y)
  PASS  std::isfinite(in.x)
  PASS  std::isfinite(in.y)
  PASS  std::isfinite(in.x)
  PASS  std::isfinite(in.y)
  PASS  std::isfinite(in.x)
  PASS  std::isfinite(in.y)
  PASS  std::isfinite(in.x)
  PASS  std::isfinite(in.y)
  PASS  std::isfinite(in.x)
  PASS  std::isfinite(in.y)
  PASS  std::isfinite(in.x)
  PASS  std::isfinite(in.y)
  PASS  std::isfinite(in.x)
  PASS  std::isfinite(in.y)
  PASS  std::isfinite(in.x)
  PASS  std::isfinite(in.y)
  PASS  std::isfinite(in.x)
  PASS  std::isfinite(in.y)
  PASS  std::isfinite(in.x)
  PASS  std::isfinite(in.y)
  PASS  std::isfinite(in.x)
  PASS  std::isfinite(in.y)
  PASS  std::isfinite(in.x)
  PASS  std::isfinite(in.y)
  PASS  std::isfinite(in.x)
  PASS  std::isfinite(in.y)
  PASS  std::isfinite(in.x)
  PASS  std::isfinite(in.y)
  PASS  std::isfinite(in.x)
  PASS  std::isfinite(in.y)
  PASS  std::isfinite(in.x)
  PASS  std::isfinite(in.y)
  PASS  std::isfinite(in.x)
  PASS  std::isfinite(in.y)
  PASS  std::isfinite(in.x)
  PASS  std::isfinite(in.y)
  PASS  std::isfinite(in.x)
  PASS  std::isfinite(in.y)
  PASS  std::isfinite(in.x)
  PASS  std::isfinite(in.y)
  PASS  std::isfinite(in.x)
  PASS  std::isfinite(in.y)
  PASS  std::isfinite(in.x)
  PASS  std::isfinite(in.y)
  PASS  std::isfinite(in.x)
  PASS  std::isfinite(in.y)
  PASS  std::isfinite(in.x)
  PASS  std::isfinite(in.y)
  PASS  std::isfinite(in.x)
  PASS  std::isfinite(in.y)
  PASS  std::isfinite(in.x)
  PASS  std::isfinite(in.y)
  PASS  std::isfinite(in.x)
  PASS  std::isfinite(in.y)
  PASS  std::isfinite(in.x)
  PASS  std::isfinite(in.y)
  PASS  std::isfinite(in.x)
  PASS  std::isfinite(in.y)
  PASS  std::isfinite(in.x)
  PASS  std::isfinite(in.y)
  PASS  std::isfinite(in.x)
  PASS  std::isfinite(in.y)
  PASS  std::isfinite(in.x)
  PASS  std::isfinite(in.y)
  PASS  std::isfinite(in.x)
  PASS  std::isfinite(in.y)
  PASS  std::isfinite(in.x)
  PASS  std::isfinite(in.y)
  PASS  std::isfinite(in.x)
  PASS  std::isfinite(in.y)
  PASS  std::isfinite(in.x)
  PASS  std::isfinite(in.y)
  PASS  std::isfinite(in.x)
  PASS  std::isfinite(in.y)
  PASS  std::isfinite(in.x)
  PASS  std::isfinite(in.y)
  PASS  std::isfinite(in.x)
  PASS  std::isfinite(in.y)
  PASS  std::isfinite(in.x)
  PASS  std::isfinite(in.y)
  PASS  std::isfinite(in.x)
  PASS  std::isfinite(in.y)
  PASS  std::isfinite(in.x)
  PASS  std::isfinite(in.y)
  PASS  std::isfinite(in.x)
  PASS  std::isfinite(in.y)
  PASS  std::isfinite(in.x)
  PASS  std::isfinite(in.y)
  PASS  std::isfinite(in.x)
  PASS  std::isfinite(in.y)
  PASS  std::isfinite(in.x)
  PASS  std::isfinite(in.y)
  PASS  std::isfinite(in.x)
  PASS  std::isfinite(in.y)
  PASS  std::isfinite(in.x)
  PASS  std::isfinite(in.y)
  PASS  std::isfinite(in.x)
  PASS  std::isfinite(in.y)
  PASS  std::isfinite(in.x)
  PASS  std::isfinite(in.y)
  PASS  std::isfinite(in.x)
  PASS  std::isfinite(in.y)
  PASS  std::isfinite(in.x)
  PASS  std::isfinite(in.y)
  PASS  std::isfinite(in.x)
  PASS  std::isfinite(in.y)
  PASS  std::isfinite(in.x)
  PASS  std::isfinite(in.y)
  PASS  std::isfinite(in.x)
  PASS  std::isfinite(in.y)
  PASS  std::isfinite(in.x)
  PASS  std::isfinite(in.y)
  PASS  std::isfinite(in.x)
  PASS  std::isfinite(in.y)
  PASS  std::isfinite(in.x)
  PASS  std::isfinite(in.y)
  PASS  std::isfinite(in.x)
  PASS  std::isfinite(in.y)
  PASS  std::isfinite(in.x)
  PASS  std::isfinite(in.y)
  PASS  std::isfinite(in.x)
  PASS  std::isfinite(in.y)
  PASS  std::isfinite(in.x)
  PASS  std::isfinite(in.y)
  PASS  std::isfinite(in.x)
  PASS  std::isfinite(in.y)
  PASS  std::isfinite(in.x)
  PASS  std::isfinite(in.y)
  PASS  std::isfinite(in.x)
  PASS  std::isfinite(in.y)
  PASS  std::isfinite(in.x)
  PASS  std::isfinite(in.y)
  PASS  std::isfinite(in.x)
  PASS  std::isfinite(in.y)
  PASS  std::isfinite(in.x)
  PASS  std::isfinite(in.y)
  PASS  std::isfinite(in.x)
  PASS  std::isfinite(in.y)
  PASS  std::isfinite(in.x)
  PASS  std::isfinite(in.y)
  PASS  std::isfinite(in.x)
  PASS  std::isfinite(in.y)
  PASS  std::isfinite(in.x)
  PASS  std::isfinite(in.y)
  PASS  std::isfinite(in.x)
  PASS  std::isfinite(in.y)
  PASS  std::isfinite(in.x)
  PASS  std::isfinite(in.y)
  PASS  std::isfinite(in.x)
  PASS  std::isfinite(in.y)
  PASS  std::isfinite(in.x)
  PASS  std::isfinite(in.y)
  PASS  std::isfinite(in.x)
  PASS  std::isfinite(in.y)
  PASS  std::isfinite(in.x)
  PASS  std::isfinite(in.y)
  PASS  std::isfinite(in.x)
  PASS  std::isfinite(in.y)
  PASS  std::isfinite(in.x)
  PASS  std::isfinite(in.y)
  PASS  std::isfinite(in.x)
  PASS  std::isfinite(in.y)
  PASS  std::isfinite(in.x)
  PASS  std::isfinite(in.y)
  PASS  std::isfinite(in.x)
  PASS  std::isfinite(in.y)
  PASS  std::isfinite(in.x)
  PASS  std::isfinite(in.y)
  PASS  std::isfinite(in.x)
  PASS  std::isfinite(in.y)
  PASS  std::isfinite(in.x)
  PASS  std::isfinite(in.y)
  PASS  std::isfinite(in.x)
  PASS  std::isfinite(in.y)
  PASS  std::isfinite(in.x)
  PASS  std::isfinite(in.y)
  PASS  std::isfinite(in.x)
  PASS  std::isfinite(in.y)
  PASS  std::isfinite(in.x)
  PASS  std::isfinite(in.y)
  PASS  std::isfinite(in.x)
  PASS  std::isfinite(in.y)
  PASS  std::isfinite(in.x)
  PASS  std::isfinite(in.y)
  PASS  std::isfinite(in.x)
  PASS  std::isfinite(in.y)
  PASS  std::isfinite(in.x)
  PASS  std::isfinite(in.y)
  PASS  std::isfinite(in.x)
  PASS  std::isfinite(in.y)
  PASS  std::isfinite(in.x)
  PASS  std::isfinite(in.y)
  PASS  std::isfinite(in.x)
  PASS  std::isfinite(in.y)
  PASS  std::isfinite(in.x)
  PASS  std::isfinite(in.y)
  PASS  std::isfinite(in.x)
  PASS  std::isfinite(in.y)
  PASS  std::isfinite(in.x)
  PASS  std::isfinite(in.y)
  PASS  std::isfinite(in.x)
  PASS  std::isfinite(in.y)
  PASS  std::isfinite(in.x)
  PASS  std::isfinite(in.y)
  PASS  std::isfinite(in.x)
  PASS  std::isfinite(in.y)
  PASS  std::isfinite(in.x)
  PASS  std::isfinite(in.y)
  PASS  std::isfinite(in.x)
  PASS  std::isfinite(in.y)
  PASS  std::isfinite(in.x)
  PASS  std::isfinite(in.y)
  PASS  std::isfinite(in.x)
  PASS  std::isfinite(in.y)
  PASS  std::isfinite(in.x)
  PASS  std::isfinite(in.y)
  PASS  std::isfinite(in.x)
  PASS  std::isfinite(in.y)
  PASS  std::isfinite(in.x)
  PASS  std::isfinite(in.y)
  PASS  std::isfinite(in.x)
  PASS  std::isfinite(in.y)
  PASS  std::isfinite(in.x)
  PASS  std::isfinite(in.y)
  PASS  std::isfinite(in.x)
  PASS  std::isfinite(in.y)
  PASS  std::isfinite(in.x)
  PASS  std::isfinite(in.y)
  PASS  std::isfinite(in.x)
  PASS  std::isfinite(in.y)
  PASS  std::isfinite(in.x)
  PASS  std::isfinite(in.y)
  PASS  std::isfinite(in.x)
  PASS  std::isfinite(in.y)
  PASS  std::isfinite(in.x)
  PASS  std::isfinite(in.y)
  PASS  std::isfinite(in.x)
  PASS  std::isfinite(in.y)
  PASS  std::isfinite(in.x)
  PASS  std::isfinite(in.y)
  PASS  std::isfinite(in.x)
  PASS  std::isfinite(in.y)
  PASS  std::isfinite(in.x)
  PASS  std::isfinite(in.y)
  PASS  std::isfinite(in.x)
  PASS  std::isfinite(in.y)
  PASS  std::isfinite(in.x)
  PASS  std::isfinite(in.y)
  PASS  std::isfinite(in.x)
  PASS  std::isfinite(in.y)
  PASS  std::isfinite(in.x)
  PASS  std::isfinite(in.y)
  PASS  std::isfinite(in.x)
  PASS  std::isfinite(in.y)
  PASS  std::isfinite(in.x)
  PASS  std::isfinite(in.y)
  PASS  std::isfinite(in.x)
  PASS  std::isfinite(in.y)
  PASS  std::isfinite(in.x)
  PASS  std::isfinite(in.y)
  PASS  std::isfinite(in.x)
  PASS  std::isfinite(in.y)
  PASS  std::isfinite(in.x)
  PASS  std::isfinite(in.y)
  PASS  std::isfinite(in.x)
  PASS  std::isfinite(in.y)
  PASS  std::isfinite(in.x)
  PASS  std::isfinite(in.y)
  PASS  std::isfinite(in.x)
  PASS  std::isfinite(in.y)
  PASS  std::isfinite(in.x)
  PASS  std::isfinite(in.y)
  PASS  std::isfinite(in.x)
  PASS  std::isfinite(in.y)
  PASS  std::isfinite(in.x)
  PASS  std::isfinite(in.y)
  PASS  std::isfinite(in.x)
  PASS  std::isfinite(in.y)
  PASS  std::isfinite(in.x)
  PASS  std::isfinite(in.y)
  PASS  std::isfinite(in.x)
  PASS  std::isfinite(in.y)
  PASS  std::isfinite(in.x)
  PASS  std::isfinite(in.y)
  PASS  std::isfinite(in.x)
  PASS  std::isfinite(in.y)
  PASS  std::isfinite(in.x)
  PASS  std::isfinite(in.y)
  PASS  std::isfinite(in.x)
  PASS  std::isfinite(in.y)
  PASS  std::isfinite(in.x)
  PASS  std::isfinite(in.y)
  PASS  std::isfinite(in.x)
  PASS  std::isfinite(in.y)
  PASS  std::isfinite(in.x)
  PASS  std::isfinite(in.y)
  PASS  std::isfinite(in.x)
  PASS  std::isfinite(in.y)
  PASS  std::isfinite(in.x)
  PASS  std::isfinite(in.y)
  PASS  std::isfinite(in.x)
  PASS  std::isfinite(in.y)
  PASS  std::isfinite(in.x)
  PASS  std::isfinite(in.y)
  PASS  std::isfinite(in.x)
  PASS  std::isfinite(in.y)
  PASS  std::isfinite(in.x)
  PASS  std::isfinite(in.y)
  PASS  std::isfinite(in.x)
  PASS  std::isfinite(in.y)
  PASS  std::isfinite(in.x)
  PASS  std::isfinite(in.y)
  PASS  std::isfinite(in.x)
  PASS  std::isfinite(in.y)
  PASS  std::isfinite(in.x)
  PASS  std::isfinite(in.y)
  PASS  std::isfinite(in.x)
  PASS  std::isfinite(in.y)
  PASS  std::isfinite(in.x)
  PASS  std::isfinite(in.y)
  PASS  std::isfinite(in.x)
  PASS  std::isfinite(in.y)
  PASS  std::isfinite(in.x)
  PASS  std::isfinite(in.y)
  PASS  std::isfinite(in.x)
  PASS  std::isfinite(in.y)
  PASS  std::isfinite(in.x)
  PASS  std::isfinite(in.y)
  PASS  std::isfinite(in.x)
  PASS  std::isfinite(in.y)
  PASS  std::isfinite(in.x)
  PASS  std::isfinite(in.y)
  PASS  std::isfinite(in.x)
  PASS  std::isfinite(in.y)
  PASS  std::isfinite(in.x)
  PASS  std::isfinite(in.y)
  PASS  std::isfinite(in.x)
  PASS  std::isfinite(in.y)
  PASS  std::isfinite(in.x)
  PASS  std::isfinite(in.y)
  PASS  std::isfinite(in.x)
  PASS  std::isfinite(in.y)
  PASS  std::isfinite(in.x)
  PASS  std::isfinite(in.y)
  PASS  std::isfinite(in.x)
  PASS  std::isfinite(in.y)
  PASS  std::isfinite(in.x)
  PASS  std::isfinite(in.y)
  PASS  std::isfinite(in.x)
  PASS  std::isfinite(in.y)
  PASS  std::isfinite(in.x)
  PASS  std::isfinite(in.y)
  PASS  std::isfinite(in.x)
  PASS  std::isfinite(in.y)
  PASS  std::isfinite(in.x)
  PASS  std::isfinite(in.y)
  PASS  std::isfinite(in.x)
  PASS  std::isfinite(in.y)
  PASS  std::isfinite(in.x)
  PASS  std::isfinite(in.y)
  PASS  std::isfinite(in.x)
  PASS  std::isfinite(in.y)
  PASS  std::isfinite(in.x)
  PASS  std::isfinite(in.y)
  PASS  std::isfinite(in.x)
  PASS  std::isfinite(in.y)
  PASS  std::isfinite(in.x)
  PASS  std::isfinite(in.y)
  PASS  std::isfinite(in.x)
  PASS  std::isfinite(in.y)
  PASS  std::isfinite(in.x)
  PASS  std::isfinite(in.y)
  PASS  std::isfinite(in.x)
  PASS  std::isfinite(in.y)
  PASS  std::isfinite(in.x)
  PASS  std::isfinite(in.y)
  PASS  std::isfinite(in.x)
  PASS  std::isfinite(in.y)
  PASS  std::isfinite(in.x)
  PASS  std::isfinite(in.y)
  PASS  std::isfinite(in.x)
  PASS  std::isfinite(in.y)
  PASS  std::isfinite(in.x)
  PASS  std::isfinite(in.y)
  PASS  std::isfinite(in.x)
  PASS  std::isfinite(in.y)
  PASS  std::isfinite(in.x)
  PASS  std::isfinite(in.y)
  PASS  std::isfinite(in.x)
  PASS  std::isfinite(in.y)
  PASS  std::isfinite(in.x)
  PASS  std::isfinite(in.y)
  PASS  std::isfinite(in.x)
  PASS  std::isfinite(in.y)
  PASS  std::isfinite(in.x)
  PASS  std::isfinite(in.y)
  PASS  std::isfinite(in.x)
  PASS  std::isfinite(in.y)
  PASS  std::isfinite(in.x)
  PASS  std::isfinite(in.y)
  PASS  std::isfinite(in.x)
  PASS  std::isfinite(in.y)
  PASS  std::isfinite(in.x)
  PASS  std::isfinite(in.y)
  PASS  std::isfinite(in.x)
  PASS  std::isfinite(in.y)
  PASS  std::isfinite(in.x)
  PASS  std::isfinite(in.y)
  PASS  std::isfinite(in.x)
  PASS  std::isfinite(in.y)
  PASS  std::isfinite(in.x)
  PASS  std::isfinite(in.y)
  PASS  std::isfinite(in.x)
  PASS  std::isfinite(in.y)
  PASS  std::isfinite(in.x)
  PASS  std::isfinite(in.y)
  PASS  std::isfinite(in.x)
  PASS  std::isfinite(in.y)
  PASS  std::isfinite(in.x)
  PASS  std::isfinite(in.y)
  PASS  std::isfinite(in.x)
  PASS  std::isfinite(in.y)
  PASS  std::isfinite(in.x)
  PASS  std::isfinite(in.y)
  PASS  std::isfinite(in.x)
  PASS  std::isfinite(in.y)
  PASS  std::isfinite(in.x)
  PASS  std::isfinite(in.y)
  PASS  std::isfinite(in.x)
  PASS  std::isfinite(in.y)
  PASS  std::isfinite(in.x)
  PASS  std::isfinite(in.y)
  PASS  std::isfinite(in.x)
  PASS  std::isfinite(in.y)
  PASS  std::isfinite(in.x)
  PASS  std::isfinite(in.y)
  PASS  std::isfinite(in.x)
  PASS  std::isfinite(in.y)
  PASS  std::isfinite(in.x)
  PASS  std::isfinite(in.y)
  PASS  std::isfinite(in.x)
  PASS  std::isfinite(in.y)
  PASS  std::isfinite(in.x)
  PASS  std::isfinite(in.y)
  PASS  std::isfinite(in.x)
  PASS  std::isfinite(in.y)
  PASS  std::isfinite(in.x)
  PASS  std::isfinite(in.y)
  PASS  std::isfinite(in.x)
  PASS  std::isfinite(in.y)
  PASS  std::isfinite(in.x)
  PASS  std::isfinite(in.y)
  PASS  std::isfinite(in.x)
  PASS  std::isfinite(in.y)
  PASS  std::isfinite(in.x)
  PASS  std::isfinite(in.y)
  PASS  std::isfinite(in.x)
  PASS  std::isfinite(in.y)
  PASS  std::isfinite(in.x)
  PASS  std::isfinite(in.y)
  PASS  std::isfinite(in.x)
  PASS  std::isfinite(in.y)
  PASS  std::isfinite(in.x)
  PASS  std::isfinite(in.y)
  PASS  std::isfinite(in.x)
  PASS  std::isfinite(in.y)
  PASS  std::isfinite(in.x)
  PASS  std::isfinite(in.y)
  PASS  std::isfinite(in.x)
  PASS  std::isfinite(in.y)
  PASS  std::isfinite(in.x)
  PASS  std::isfinite(in.y)
  PASS  std::isfinite(in.x)
  PASS  std::isfinite(in.y)
  PASS  std::isfinite(in.x)
  PASS  std::isfinite(in.y)
  PASS  std::isfinite(in.x)
  PASS  std::isfinite(in.y)
  PASS  std::isfinite(in.x)
  PASS  std::isfinite(in.y)
  PASS  std::isfinite(in.x)
  PASS  std::isfinite(in.y)
  PASS  std::isfinite(in.x)
  PASS  std::isfinite(in.y)
  PASS  std::isfinite(in.x)
  PASS  std::isfinite(in.y)
  PASS  std::isfinite(in.x)
  PASS  std::isfinite(in.y)
  PASS  std::isfinite(in.x)
  PASS  std::isfinite(in.y)
  PASS  std::isfinite(in.x)
  PASS  std::isfinite(in.y)
  PASS  std::isfinite(in.x)
  PASS  std::isfinite(in.y)
  PASS  std::isfinite(in.x)
  PASS  std::isfinite(in.y)
  PASS  std::isfinite(in.x)
  PASS  std::isfinite(in.y)
  PASS  std::isfinite(in.x)
  PASS  std::isfinite(in.y)
  PASS  std::isfinite(in.x)
  PASS  std::isfinite(in.y)
  PASS  std::isfinite(in.x)
  PASS  std::isfinite(in.y)
  PASS  std::isfinite(in.x)
  PASS  std::isfinite(in.y)
  PASS  std::isfinite(in.x)
  PASS  std::isfinite(in.y)
  PASS  std::isfinite(in.x)
  PASS  std::isfinite(in.y)
  PASS  std::isfinite(in.x)
  PASS  std::isfinite(in.y)
  PASS  std::isfinite(in.x)
  PASS  std::isfinite(in.y)
  PASS  std::isfinite(in.x)
  PASS  std::isfinite(in.y)
  PASS  std::isfinite(in.x)
  PASS  std::isfinite(in.y)
  PASS  std::isfinite(in.x)
  PASS  std::isfinite(in.y)
  PASS  std::isfinite(in.x)
  PASS  std::isfinite(in.y)
  PASS  std::isfinite(in.x)
  PASS  std::isfinite(in.y)
  PASS  std::isfinite(in.x)
  PASS  std::isfinite(in.y)
  PASS  std::isfinite(in.x)
  PASS  std::isfinite(in.y)
  PASS  std::isfinite(in.x)
  PASS  std::isfinite(in.y)
  PASS  std::isfinite(in.x)
  PASS  std::isfinite(in.y)
  PASS  std::isfinite(in.x)
  PASS  std::isfinite(in.y)
  PASS  std::isfinite(in.x)
  PASS  std::isfinite(in.y)
  PASS  std::isfinite(in.x)
  PASS  std::isfinite(in.y)
  PASS  std::isfinite(in.x)
  PASS  std::isfinite(in.y)
  PASS  std::isfinite(in.x)
  PASS  std::isfinite(in.y)
  PASS  std::isfinite(in.x)
  PASS  std::isfinite(in.y)
  PASS  std::isfinite(in.x)
  PASS  std::isfinite(in.y)
  PASS  std::isfinite(in.x)
  PASS  std::isfinite(in.y)
  PASS  std::isfinite(in.x)
  PASS  std::isfinite(in.y)
  PASS  std::isfinite(in.x)
  PASS  std::isfinite(in.y)
  PASS  std::isfinite(in.x)
  PASS  std::isfinite(in.y)
  PASS  std::isfinite(in.x)
  PASS  std::isfinite(in.y)
  PASS  std::isfinite(in.x)
  PASS  std::isfinite(in.y)
  PASS  std::isfinite(in.x)
  PASS  std::isfinite(in.y)
  PASS  std::isfinite(in.x)
  PASS  std::isfinite(in.y)
  PASS  std::isfinite(in.x)
  PASS  std::isfinite(in.y)
  PASS  std::isfinite(in.x)
  PASS  std::isfinite(in.y)
  PASS  std::isfinite(in.x)
  PASS  std::isfinite(in.y)
  PASS  std::isfinite(in.x)
  PASS  std::isfinite(in.y)
  PASS  std::isfinite(in.x)
  PASS  std::isfinite(in.y)
  PASS  std::isfinite(in.x)
  PASS  std::isfinite(in.y)
  PASS  std::isfinite(in.x)
  PASS  std::isfinite(in.y)
  PASS  std::isfinite(in.x)
  PASS  std::isfinite(in.y)
  PASS  std::isfinite(in.x)
  PASS  std::isfinite(in.y)
  PASS  std::isfinite(in.x)
  PASS  std::isfinite(in.y)
  PASS  std::isfinite(in.x)
  PASS  std::isfinite(in.y)
  PASS  std::isfinite(in.x)
  PASS  std::isfinite(in.y)
  PASS  std::isfinite(in.x)
  PASS  std::isfinite(in.y)
  PASS  std::isfinite(in.x)
  PASS  std::isfinite(in.y)
  PASS  std::isfinite(in.x)
  PASS  std::isfinite(in.y)
  PASS  std::isfinite(in.x)
  PASS  std::isfinite(in.y)
  PASS  std::isfinite(in.x)
  PASS  std::isfinite(in.y)
  PASS  std::isfinite(in.x)
  PASS  std::isfinite(in.y)
  PASS  std::isfinite(in.x)
  PASS  std::isfinite(in.y)
  PASS  std::isfinite(in.x)
  PASS  std::isfinite(in.y)
  PASS  std::isfinite(in.x)
  PASS  std::isfinite(in.y)
  PASS  std::isfinite(in.x)
  PASS  std::isfinite(in.y)
  PASS  std::isfinite(in.x)
  PASS  std::isfinite(in.y)
  PASS  std::isfinite(in.x)
  PASS  std::isfinite(in.y)
  PASS  std::isfinite(in.x)
  PASS  std::isfinite(in.y)
  PASS  std::isfinite(in.x)
  PASS  std::isfinite(in.y)
  PASS  std::isfinite(in.x)
  PASS  std::isfinite(in.y)
  PASS  std::isfinite(in.x)
  PASS  std::isfinite(in.y)
  PASS  std::isfinite(in.x)
  PASS  std::isfinite(in.y)
  PASS  std::isfinite(in.x)
  PASS  std::isfinite(in.y)
  PASS  std::isfinite(in.x)
  PASS  std::isfinite(in.y)
  PASS  std::isfinite(in.x)
  PASS  std::isfinite(in.y)
  PASS  std::isfinite(in.x)
  PASS  std::isfinite(in.y)
  PASS  std::isfinite(in.x)
  PASS  std::isfinite(in.y)
  PASS  std::isfinite(in.x)
  PASS  std::isfinite(in.y)
  PASS  std::isfinite(in.x)
  PASS  std::isfinite(in.y)
  PASS  std::isfinite(in.x)
  PASS  std::isfinite(in.y)
  PASS  std::isfinite(in.x)
  PASS  std::isfinite(in.y)
  PASS  std::isfinite(in.x)
  PASS  std::isfinite(in.y)
  PASS  std::isfinite(in.x)
  PASS  std::isfinite(in.y)
  PASS  std::isfinite(in.x)
  PASS  std::isfinite(in.y)
  PASS  std::isfinite(in.x)
  PASS  std::isfinite(in.y)
  PASS  std::isfinite(in.x)
  PASS  std::isfinite(in.y)
  PASS  std::isfinite(in.x)
  PASS  std::isfinite(in.y)
  PASS  std::isfinite(in.x)
  PASS  std::isfinite(in.y)
  PASS  std::isfinite(in.x)
  PASS  std::isfinite(in.y)
  PASS  std::isfinite(in.x)
  PASS  std::isfinite(in.y)
  PASS  std::isfinite(in.x)
  PASS  std::isfinite(in.y)
  PASS  std::isfinite(in.x)
  PASS  std::isfinite(in.y)
  PASS  std::isfinite(in.x)
  PASS  std::isfinite(in.y)
  PASS  std::isfinite(in.x)
  PASS  std::isfinite(in.y)
  PASS  std::isfinite(in.x)
  PASS  std::isfinite(in.y)
  PASS  std::isfinite(in.x)
  PASS  std::isfinite(in.y)
  PASS  std::isfinite(in.x)
  PASS  std::isfinite(in.y)
  PASS  std::isfinite(in.x)
  PASS  std::isfinite(in.y)
  PASS  std::isfinite(in.x)
  PASS  std::isfinite(in.y)
  PASS  std::isfinite(in.x)
  PASS  std::isfinite(in.y)
  PASS  std::isfinite(in.x)
  PASS  std::isfinite(in.y)
  PASS  std::isfinite(in.x)
  PASS  std::isfinite(in.y)
  PASS  std::isfinite(in.x)
  PASS  std::isfinite(in.y)
  PASS  std::isfinite(in.x)
  PASS  std::isfinite(in.y)
  PASS  std::isfinite(in.x)
  PASS  std::isfinite(in.y)
  PASS  std::isfinite(in.x)
  PASS  std::isfinite(in.y)
  PASS  std::isfinite(in.x)
  PASS  std::isfinite(in.y)
  PASS  std::isfinite(in.x)
  PASS  std::isfinite(in.y)
  PASS  std::isfinite(in.x)
  PASS  std::isfinite(in.y)
  PASS  std::isfinite(in.x)
  PASS  std::isfinite(in.y)
  PASS  std::isfinite(in.x)
  PASS  std::isfinite(in.y)
  PASS  std::isfinite(in.x)
  PASS  std::isfinite(in.y)
  PASS  std::isfinite(in.x)
  PASS  std::isfinite(in.y)
  PASS  std::isfinite(in.x)
  PASS  std::isfinite(in.y)
  PASS  std::isfinite(in.x)
  PASS  std::isfinite(in.y)
  PASS  std::isfinite(in.x)
  PASS  std::isfinite(in.y)
  PASS  std::isfinite(in.x)
  PASS  std::isfinite(in.y)
  PASS  std::isfinite(in.x)
  PASS  std::isfinite(in.y)
  PASS  std::isfinite(in.x)
  PASS  std::isfinite(in.y)
  PASS  std::isfinite(in.x)
  PASS  std::isfinite(in.y)
  PASS  std::isfinite(in.x)
  PASS  std::isfinite(in.y)
  PASS  std::isfinite(in.x)
  PASS  std::isfinite(in.y)
  PASS  std::isfinite(in.x)
  PASS  std::isfinite(in.y)
  PASS  std::isfinite(in.x)
  PASS  std::isfinite(in.y)
  PASS  std::isfinite(in.x)
  PASS  std::isfinite(in.y)
  PASS  std::isfinite(in.x)
  PASS  std::isfinite(in.y)
  PASS  std::isfinite(in.x)
  PASS  std::isfinite(in.y)
  PASS  std::isfinite(in.x)
  PASS  std::isfinite(in.y)
  PASS  std::isfinite(in.x)
  PASS  std::isfinite(in.y)
  PASS  std::isfinite(in.x)
  PASS  std::isfinite(in.y)
  PASS  std::isfinite(in.x)
  PASS  std::isfinite(in.y)
  PASS  std::isfinite(in.x)
  PASS  std::isfinite(in.y)
  PASS  std::isfinite(in.x)
  PASS  std::isfinite(in.y)
  PASS  std::isfinite(in.x)
  PASS  std::isfinite(in.y)
  PASS  std::isfinite(in.x)
  PASS  std::isfinite(in.y)
  PASS  std::isfinite(in.x)
  PASS  std::isfinite(in.y)
  PASS  std::isfinite(in.x)
  PASS  std::isfinite(in.y)
  PASS  std::isfinite(in.x)
  PASS  std::isfinite(in.y)
  PASS  std::isfinite(in.x)
  PASS  std::isfinite(in.y)
  PASS  std::isfinite(in.x)
  PASS  std::isfinite(in.y)
  PASS  std::isfinite(in.x)
  PASS  std::isfinite(in.y)
  PASS  std::isfinite(in.x)
  PASS  std::isfinite(in.y)
  PASS  std::isfinite(in.x)
  PASS  std::isfinite(in.y)
  PASS  std::isfinite(in.x)
  PASS  std::isfinite(in.y)
  PASS  std::isfinite(in.x)
  PASS  std::isfinite(in.y)
  PASS  std::isfinite(in.x)
  PASS  std::isfinite(in.y)
  PASS  std::isfinite(in.x)
  PASS  std::isfinite(in.y)
  PASS  std::isfinite(in.x)
  PASS  std::isfinite(in.y)
  PASS  std::isfinite(in.x)
  PASS  std::isfinite(in.y)
  PASS  std::isfinite(in.x)
  PASS  std::isfinite(in.y)
  PASS  std::isfinite(in.x)
  PASS  std::isfinite(in.y)
  PASS  std::isfinite(in.x)
  PASS  std::isfinite(in.y)
  PASS  std::isfinite(in.x)
  PASS  std::isfinite(in.y)
  PASS  std::isfinite(in.x)
  PASS  std::isfinite(in.y)
  PASS  std::isfinite(in.x)
  PASS  std::isfinite(in.y)
  PASS  std::isfinite(in.x)
  PASS  std::isfinite(in.y)
  PASS  std::isfinite(in.x)
  PASS  std::isfinite(in.y)
  PASS  std::isfinite(in.x)
  PASS  std::isfinite(in.y)
  PASS  std::isfinite(in.x)
  PASS  std::isfinite(in.y)
  PASS  std::isfinite(in.x)
  PASS  std::isfinite(in.y)
  PASS  std::isfinite(in.x)
  PASS  std::isfinite(in.y)
  PASS  std::isfinite(in.x)
  PASS  std::isfinite(in.y)
  PASS  std::isfinite(in.x)
  PASS  std::isfinite(in.y)
  PASS  std::isfinite(in.x)
  PASS  std::isfinite(in.y)
  PASS  std::isfinite(in.x)
  PASS  std::isfinite(in.y)
  PASS  std::isfinite(in.x)
  PASS  std::isfinite(in.y)
  PASS  std::isfinite(in.x)
  PASS  std::isfinite(in.y)
  PASS  std::isfinite(in.x)
  PASS  std::isfinite(in.y)
  PASS  std::isfinite(in.x)
  PASS  std::isfinite(in.y)
  PASS  std::isfinite(in.x)
  PASS  std::isfinite(in.y)
  PASS  std::isfinite(in.x)
  PASS  std::isfinite(in.y)
  PASS  std::isfinite(in.x)
  PASS  std::isfinite(in.y)
  PASS  std::isfinite(in.x)
  PASS  std::isfinite(in.y)
  PASS  std::isfinite(in.x)
  PASS  std::isfinite(in.y)
  PASS  std::isfinite(in.x)
  PASS  std::isfinite(in.y)
  PASS  std::isfinite(in.x)
  PASS  std::isfinite(in.y)
  PASS  std::isfinite(in.x)
  PASS  std::isfinite(in.y)
  PASS  std::isfinite(in.x)
  PASS  std::isfinite(in.y)
  PASS  std::isfinite(in.x)
  PASS  std::isfinite(in.y)
  PASS  std::isfinite(in.x)
  PASS  std::isfinite(in.y)
  PASS  std::isfinite(in.x)
  PASS  std::isfinite(in.y)
  PASS  std::isfinite(in.x)
  PASS  std::isfinite(in.y)
  PASS  std::isfinite(in.x)
  PASS  std::isfinite(in.y)
  PASS  std::isfinite(in.x)
  PASS  std::isfinite(in.y)
  PASS  std::isfinite(in.x)
  PASS  std::isfinite(in.y)
  PASS  std::isfinite(in.x)
  PASS  std::isfinite(in.y)
  PASS  std::isfinite(in.x)
  PASS  std::isfinite(in.y)
  PASS  std::isfinite(in.x)
  PASS  std::isfinite(in.y)
  PASS  std::isfinite(in.x)
  PASS  std::isfinite(in.y)
  PASS  std::isfinite(in.x)
  PASS  std::isfinite(in.y)
  PASS  std::isfinite(in.x)
  PASS  std::isfinite(in.y)
  PASS  std::isfinite(in.x)
  PASS  std::isfinite(in.y)
  PASS  std::isfinite(in.x)
  PASS  std::isfinite(in.y)
  PASS  std::isfinite(in.x)
  PASS  std::isfinite(in.y)
  PASS  std::isfinite(in.x)
  PASS  std::isfinite(in.y)
  PASS  std::isfinite(in.x)
  PASS  std::isfinite(in.y)
  PASS  std::isfinite(in.x)
  PASS  std::isfinite(in.y)
  PASS  std::isfinite(in.x)
  PASS  std::isfinite(in.y)
  PASS  std::isfinite(in.x)
  PASS  std::isfinite(in.y)
  PASS  std::isfinite(in.x)
  PASS  std::isfinite(in.y)
  PASS  std::isfinite(in.x)
  PASS  std::isfinite(in.y)
  PASS  std::isfinite(in.x)
  PASS  std::isfinite(in.y)
  PASS  std::isfinite(in.x)
  PASS  std::isfinite(in.y)
  PASS  std::isfinite(in.x)
  PASS  std::isfinite(in.y)
  PASS  std::isfinite(in.x)
  PASS  std::isfinite(in.y)
  PASS  std::isfinite(in.x)
  PASS  std::isfinite(in.y)
  PASS  std::isfinite(in.x)
  PASS  std::isfinite(in.y)
  PASS  std::isfinite(in.x)
  PASS  std::isfinite(in.y)
  PASS  std::isfinite(in.x)
  PASS  std::isfinite(in.y)
  PASS  std::isfinite(in.x)
  PASS  std::isfinite(in.y)
  PASS  std::isfinite(in.x)
  PASS  std::isfinite(in.y)
  PASS  std::isfinite(in.x)
  PASS  std::isfinite(in.y)
  PASS  std::isfinite(in.x)
  PASS  std::isfinite(in.y)
  PASS  std::isfinite(in.x)
  PASS  std::isfinite(in.y)
  PASS  std::isfinite(in.x)
  PASS  std::isfinite(in.y)
  PASS  std::isfinite(in.x)
  PASS  std::isfinite(in.y)
  PASS  std::isfinite(in.x)
  PASS  std::isfinite(in.y)
  PASS  std::isfinite(in.x)
  PASS  std::isfinite(in.y)
  PASS  std::isfinite(in.x)
  PASS  std::isfinite(in.y)
  PASS  std::isfinite(in.x)
  PASS  std::isfinite(in.y)
  PASS  std::isfinite(in.x)
  PASS  std::isfinite(in.y)
  PASS  std::isfinite(in.x)
  PASS  std::isfinite(in.y)
  PASS  std::isfinite(in.x)
  PASS  std::isfinite(in.y)
  PASS  std::isfinite(in.x)
  PASS  std::isfinite(in.y)
  PASS  std::isfinite(in.x)
  PASS  std::isfinite(in.y)
  PASS  std::isfinite(in.x)
  PASS  std::isfinite(in.y)
  PASS  std::isfinite(in.x)
  PASS  std::isfinite(in.y)
  PASS  std::isfinite(in.x)
  PASS  std::isfinite(in.y)
  PASS  std::isfinite(in.x)
  PASS  std::isfinite(in.y)
  PASS  std::isfinite(in.x)
  PASS  std::isfinite(in.y)
  PASS  std::isfinite(in.x)
  PASS  std::isfinite(in.y)
  PASS  std::isfinite(in.x)
  PASS  std::isfinite(in.y)
  PASS  std::isfinite(in.x)
  PASS  std::isfinite(in.y)
  PASS  std::isfinite(in.x)
  PASS  std::isfinite(in.y)
  PASS  std::isfinite(in.x)
  PASS  std::isfinite(in.y)
  PASS  std::isfinite(in.x)
  PASS  std::isfinite(in.y)
  PASS  std::isfinite(in.x)
  PASS  std::isfinite(in.y)
  PASS  std::isfinite(in.x)
  PASS  std::isfinite(in.y)
  PASS  std::isfinite(in.x)
  PASS  std::isfinite(in.y)
  PASS  std::isfinite(in.x)
  PASS  std::isfinite(in.y)
  PASS  std::isfinite(in.x)
  PASS  std::isfinite(in.y)
  PASS  std::isfinite(in.x)
  PASS  std::isfinite(in.y)
  PASS  std::isfinite(in.x)
  PASS  std::isfinite(in.y)
  PASS  std::isfinite(in.x)
  PASS  std::isfinite(in.y)
  PASS  std::isfinite(in.x)
  PASS  std::isfinite(in.y)
  PASS  std::isfinite(in.x)
  PASS  std::isfinite(in.y)
  PASS  std::isfinite(in.x)
  PASS  std::isfinite(in.y)
  PASS  std::isfinite(in.x)
  PASS  std::isfinite(in.y)
  PASS  std::isfinite(in.x)
  PASS  std::isfinite(in.y)
  PASS  std::isfinite(in.x)
  PASS  std::isfinite(in.y)
  PASS  std::isfinite(in.x)
  PASS  std::isfinite(in.y)
  PASS  std::isfinite(in.x)
  PASS  std::isfinite(in.y)
  PASS  std::isfinite(in.x)
  PASS  std::isfinite(in.y)
  PASS  std::isfinite(in.x)
  PASS  std::isfinite(in.y)
  PASS  std::isfinite(in.x)
  PASS  std::isfinite(in.y)
  PASS  std::isfinite(in.x)
  PASS  std::isfinite(in.y)
  PASS  std::isfinite(in.x)
  PASS  std::isfinite(in.y)
  PASS  std::isfinite(in.x)
  PASS  std::isfinite(in.y)
  PASS  std::isfinite(in.x)
  PASS  std::isfinite(in.y)
  PASS  std::isfinite(in.x)
  PASS  std::isfinite(in.y)
  PASS  std::isfinite(in.x)
  PASS  std::isfinite(in.y)
  PASS  std::isfinite(in.x)
  PASS  std::isfinite(in.y)
  PASS  std::isfinite(in.x)
  PASS  std::isfinite(in.y)
  PASS  std::isfinite(in.x)
  PASS  std::isfinite(in.y)
  PASS  std::isfinite(in.x)
  PASS  std::isfinite(in.y)
  PASS  std::isfinite(in.x)
  PASS  std::isfinite(in.y)
  PASS  std::isfinite(in.x)
  PASS  std::isfinite(in.y)
  PASS  std::isfinite(in.x)
  PASS  std::isfinite(in.y)
  PASS  std::isfinite(in.x)
  PASS  std::isfinite(in.y)
  PASS  std::isfinite(in.x)
  PASS  std::isfinite(in.y)
  PASS  std::isfinite(in.x)
  PASS  std::isfinite(in.y)
  PASS  std::isfinite(in.x)
  PASS  std::isfinite(in.y)
  PASS  std::isfinite(in.x)
  PASS  std::isfinite(in.y)
  PASS  std::isfinite(in.x)
  PASS  std::isfinite(in.y)
  PASS  std::isfinite(in.x)
  PASS  std::isfinite(in.y)
  PASS  std::isfinite(in.x)
  PASS  std::isfinite(in.y)
  PASS  std::isfinite(in.x)
  PASS  std::isfinite(in.y)
  PASS  std::isfinite(in.x)
  PASS  std::isfinite(in.y)
  PASS  std::isfinite(in.x)
  PASS  std::isfinite(in.y)
  PASS  std::isfinite(in.x)
  PASS  std::isfinite(in.y)
  PASS  std::isfinite(in.x)
  PASS  std::isfinite(in.y)
  PASS  std::isfinite(in.x)
  PASS  std::isfinite(in.y)
  PASS  std::isfinite(in.x)
  PASS  std::isfinite(in.y)
  PASS  std::isfinite(in.x)
  PASS  std::isfinite(in.y)
  PASS  std::isfinite(in.x)
  PASS  std::isfinite(in.y)
  PASS  std::isfinite(in.x)
  PASS  std::isfinite(in.y)
  PASS  std::isfinite(in.x)
  PASS  std::isfinite(in.y)
  PASS  std::isfinite(in.x)
  PASS  std::isfinite(in.y)
  PASS  std::isfinite(in.x)
  PASS  std::isfinite(in.y)
  PASS  std::isfinite(in.x)
  PASS  std::isfinite(in.y)
  PASS  std::isfinite(in.x)
  PASS  std::isfinite(in.y)
  PASS  std::isfinite(in.x)
  PASS  std::isfinite(in.y)
  PASS  std::isfinite(in.x)
  PASS  std::isfinite(in.y)
  PASS  std::isfinite(in.x)
  PASS  std::isfinite(in.y)
  PASS  std::isfinite(in.x)
  PASS  std::isfinite(in.y)
  PASS  std::isfinite(in.x)
  PASS  std::isfinite(in.y)
  PASS  std::isfinite(in.x)
  PASS  std::isfinite(in.y)
  PASS  std::isfinite(in.x)
  PASS  std::isfinite(in.y)
  PASS  std::isfinite(in.x)
  PASS  std::isfinite(in.y)
  PASS  std::isfinite(in.x)
  PASS  std::isfinite(in.y)
  PASS  std::isfinite(in.x)
  PASS  std::isfinite(in.y)
  PASS  std::isfinite(in.x)
  PASS  std::isfinite(in.y)
  PASS  std::isfinite(in.x)
  PASS  std::isfinite(in.y)
  PASS  std::isfinite(in.x)
  PASS  std::isfinite(in.y)
  PASS  std::isfinite(in.x)
  PASS  std::isfinite(in.y)
  PASS  std::isfinite(in.x)
  PASS  std::isfinite(in.y)
  PASS  std::isfinite(in.x)
  PASS  std::isfinite(in.y)
  PASS  std::isfinite(in.x)
  PASS  std::isfinite(in.y)
  PASS  std::isfinite(in.x)
  PASS  std::isfinite(in.y)
  PASS  std::isfinite(in.x)
  PASS  std::isfinite(in.y)
  PASS  std::isfinite(in.x)
  PASS  std::isfinite(in.y)
  PASS  std::isfinite(in.x)
  PASS  std::isfinite(in.y)
  PASS  std::isfinite(in.x)
  PASS  std::isfinite(in.y)
  PASS  std::isfinite(in.x)
  PASS  std::isfinite(in.y)
  PASS  std::isfinite(in.x)
  PASS  std::isfinite(in.y)
  PASS  std::isfinite(in.x)
  PASS  std::isfinite(in.y)
  PASS  std::isfinite(in.x)
  PASS  std::isfinite(in.y)
  PASS  std::isfinite(in.x)
  PASS  std::isfinite(in.y)
  PASS  std::isfinite(in.x)
  PASS  std::isfinite(in.y)
  PASS  std::isfinite(in.x)
  PASS  std::isfinite(in.y)
  PASS  std::isfinite(in.x)
  PASS  std::isfinite(in.y)
  PASS  std::isfinite(in.x)
  PASS  std::isfinite(in.y)
  PASS  std::isfinite(in.x)
  PASS  std::isfinite(in.y)
  PASS  std::isfinite(in.x)
  PASS  std::isfinite(in.y)
  PASS  std::isfinite(in.x)
  PASS  std::isfinite(in.y)
  PASS  std::isfinite(in.x)
  PASS  std::isfinite(in.y)
  PASS  std::isfinite(in.x)
  PASS  std::isfinite(in.y)
  PASS  std::isfinite(in.x)
  PASS  std::isfinite(in.y)
  PASS  std::isfinite(in.x)
  PASS  std::isfinite(in.y)
  PASS  std::isfinite(in.x)
  PASS  std::isfinite(in.y)
  PASS  std::isfinite(in.x)
  PASS  std::isfinite(in.y)
  PASS  std::isfinite(in.x)
  PASS  std::isfinite(in.y)
  PASS  std::isfinite(in.x)
  PASS  std::isfinite(in.y)
  PASS  std::isfinite(in.x)
  PASS  std::isfinite(in.y)
  PASS  std::isfinite(in.x)
  PASS  std::isfinite(in.y)
  PASS  std::isfinite(in.x)
  PASS  std::isfinite(in.y)
  PASS  std::isfinite(in.x)
  PASS  std::isfinite(in.y)
  PASS  std::isfinite(in.x)
  PASS  std::isfinite(in.y)
  PASS  std::isfinite(in.x)
  PASS  std::isfinite(in.y)
  PASS  std::isfinite(in.x)
  PASS  std::isfinite(in.y)
  PASS  std::isfinite(in.x)
  PASS  std::isfinite(in.y)
  PASS  std::isfinite(in.x)
  PASS  std::isfinite(in.y)
  PASS  std::isfinite(in.x)
  PASS  std::isfinite(in.y)
  PASS  std::isfinite(in.x)
  PASS  std::isfinite(in.y)
  PASS  std::isfinite(in.x)
  PASS  std::isfinite(in.y)
  PASS  std::isfinite(in.x)
  PASS  std::isfinite(in.y)
  PASS  std::isfinite(in.x)
  PASS  std::isfinite(in.y)
  PASS  std::isfinite(in.x)
  PASS  std::isfinite(in.y)
  PASS  std::isfinite(in.x)
  PASS  std::isfinite(in.y)
  PASS  std::isfinite(in.x)
  PASS  std::isfinite(in.y)
  PASS  std::isfinite(in.x)
  PASS  std::isfinite(in.y)
  PASS  std::isfinite(in.x)
  PASS  std::isfinite(in.y)
  PASS  std::isfinite(in.x)
  PASS  std::isfinite(in.y)
  PASS  std::isfinite(in.x)
  PASS  std::isfinite(in.y)
  PASS  std::isfinite(in.x)
  PASS  std::isfinite(in.y)
  PASS  std::isfinite(in.x)
  PASS  std::isfinite(in.y)
  PASS  std::isfinite(in.x)
  PASS  std::isfinite(in.y)
  PASS  std::isfinite(in.x)
  PASS  std::isfinite(in.y)
  PASS  std::isfinite(in.x)
  PASS  std::isfinite(in.y)
  PASS  std::isfinite(in.x)
  PASS  std::isfinite(in.y)
  PASS  std::isfinite(in.x)
  PASS  std::isfinite(in.y)
  PASS  std::isfinite(in.x)
  PASS  std::isfinite(in.y)
  PASS  std::isfinite(in.x)
  PASS  std::isfinite(in.y)
  PASS  std::isfinite(in.x)
  PASS  std::isfinite(in.y)
  PASS  std::isfinite(in.x)
  PASS  std::isfinite(in.y)
  PASS  std::isfinite(in.x)
  PASS  std::isfinite(in.y)
  PASS  std::isfinite(in.x)
  PASS  std::isfinite(in.y)
  PASS  std::isfinite(in.x)
  PASS  std::isfinite(in.y)
  PASS  std::isfinite(in.x)
  PASS  std::isfinite(in.y)
  PASS  std::isfinite(in.x)
  PASS  std::isfinite(in.y)
  PASS  std::isfinite(in.x)
  PASS  std::isfinite(in.y)
  PASS  std::isfinite(in.x)
  PASS  std::isfinite(in.y)
  PASS  std::isfinite(in.x)
  PASS  std::isfinite(in.y)
  PASS  std::isfinite(in.x)
  PASS  std::isfinite(in.y)
  PASS  std::isfinite(in.x)
  PASS  std::isfinite(in.y)
  PASS  std::isfinite(in.x)
  PASS  std::isfinite(in.y)
  PASS  std::isfinite(in.x)
  PASS  std::isfinite(in.y)
  PASS  std::isfinite(in.x)
  PASS  std::isfinite(in.y)
  PASS  std::isfinite(in.x)
  PASS  std::isfinite(in.y)
  PASS  std::isfinite(in.x)
  PASS  std::isfinite(in.y)
  PASS  std::isfinite(in.x)
  PASS  std::isfinite(in.y)
  PASS  std::isfinite(in.x)
  PASS  std::isfinite(in.y)
  PASS  std::isfinite(in.x)
  PASS  std::isfinite(in.y)
  PASS  std::isfinite(in.x)
  PASS  std::isfinite(in.y)
  PASS  std::isfinite(in.x)
  PASS  std::isfinite(in.y)
  PASS  std::isfinite(in.x)
  PASS  std::isfinite(in.y)
  PASS  std::isfinite(in.x)
  PASS  std::isfinite(in.y)
  PASS  std::isfinite(in.x)
  PASS  std::isfinite(in.y)
  PASS  std::isfinite(in.x)
  PASS  std::isfinite(in.y)
  PASS  std::isfinite(in.x)
  PASS  std::isfinite(in.y)
  PASS  std::isfinite(in.x)
  PASS  std::isfinite(in.y)
  PASS  std::isfinite(in.x)
  PASS  std::isfinite(in.y)
  PASS  std::isfinite(in.x)
  PASS  std::isfinite(in.y)
  PASS  std::isfinite(in.x)
  PASS  std::isfinite(in.y)
  PASS  std::isfinite(in.x)
  PASS  std::isfinite(in.y)
  PASS  std::isfinite(in.x)
  PASS  std::isfinite(in.y)
  PASS  std::isfinite(in.x)
  PASS  std::isfinite(in.y)
  PASS  std::isfinite(in.x)
  PASS  std::isfinite(in.y)
  PASS  std::isfinite(in.x)
  PASS  std::isfinite(in.y)
  PASS  std::isfinite(in.x)
  PASS  std::isfinite(in.y)
  PASS  std::isfinite(in.x)
  PASS  std::isfinite(in.y)
  PASS  std::isfinite(in.x)
  PASS  std::isfinite(in.y)
  PASS  std::isfinite(in.x)
  PASS  std::isfinite(in.y)
  PASS  std::isfinite(in.x)
  PASS  std::isfinite(in.y)
  PASS  std::isfinite(in.x)
  PASS  std::isfinite(in.y)
  PASS  std::isfinite(in.x)
  PASS  std::isfinite(in.y)
  PASS  std::isfinite(in.x)
  PASS  std::isfinite(in.y)
  PASS  std::isfinite(in.x)
  PASS  std::isfinite(in.y)
  PASS  std::isfinite(in.x)
  PASS  std::isfinite(in.y)
  PASS  std::isfinite(in.x)
  PASS  std::isfinite(in.y)
  PASS  std::isfinite(in.x)
  PASS  std::isfinite(in.y)
  PASS  std::isfinite(in.x)
  PASS  std::isfinite(in.y)
  PASS  std::isfinite(in.x)
  PASS  std::isfinite(in.y)
  PASS  std::isfinite(in.x)
  PASS  std::isfinite(in.y)
  PASS  std::isfinite(in.x)
  PASS  std::isfinite(in.y)
  PASS  std::isfinite(in.x)
  PASS  std::isfinite(in.y)
  PASS  std::isfinite(in.x)
  PASS  std::isfinite(in.y)
  PASS  std::isfinite(in.x)
  PASS  std::isfinite(in.y)
  PASS  std::isfinite(in.x)
  PASS  std::isfinite(in.y)
  PASS  std::isfinite(in.x)
  PASS  std::isfinite(in.y)
  PASS  std::isfinite(in.x)
  PASS  std::isfinite(in.y)
  PASS  std::isfinite(in.x)
  PASS  std::isfinite(in.y)
  PASS  std::isfinite(in.x)
  PASS  std::isfinite(in.y)
  PASS  std::isfinite(in.x)
  PASS  std::isfinite(in.y)
  PASS  std::isfinite(in.x)
  PASS  std::isfinite(in.y)
  PASS  std::isfinite(in.x)
  PASS  std::isfinite(in.y)
  PASS  std::isfinite(in.x)
  PASS  std::isfinite(in.y)
  PASS  std::isfinite(in.x)
  PASS  std::isfinite(in.y)
  PASS  std::isfinite(in.x)
  PASS  std::isfinite(in.y)
  PASS  std::isfinite(in.x)
  PASS  std::isfinite(in.y)
  PASS  std::isfinite(in.x)
  PASS  std::isfinite(in.y)
  PASS  std::isfinite(in.x)
  PASS  std::isfinite(in.y)
  PASS  std::isfinite(in.x)
  PASS  std::isfinite(in.y)
  PASS  std::isfinite(in.x)
  PASS  std::isfinite(in.y)
  PASS  std::isfinite(in.x)
  PASS  std::isfinite(in.y)
  PASS  std::isfinite(in.x)
  PASS  std::isfinite(in.y)
  PASS  std::isfinite(in.x)
  PASS  std::isfinite(in.y)
  PASS  std::isfinite(in.x)
  PASS  std::isfinite(in.y)
  PASS  std::isfinite(in.x)
  PASS  std::isfinite(in.y)
  PASS  std::isfinite(in.x)
  PASS  std::isfinite(in.y)
  PASS  std::isfinite(in.x)
  PASS  std::isfinite(in.y)
  PASS  std::isfinite(in.x)
  PASS  std::isfinite(in.y)
  PASS  std::isfinite(in.x)
  PASS  std::isfinite(in.y)
  PASS  std::isfinite(in.x)
  PASS  std::isfinite(in.y)
  PASS  std::isfinite(in.x)
  PASS  std::isfinite(in.y)
  PASS  std::isfinite(in.x)
  PASS  std::isfinite(in.y)
  PASS  std::isfinite(in.x)
  PASS  std::isfinite(in.y)
  PASS  std::isfinite(in.x)
  PASS  std::isfinite(in.y)
  PASS  std::isfinite(in.x)
  PASS  std::isfinite(in.y)
  PASS  std::isfinite(in.x)
  PASS  std::isfinite(in.y)
  PASS  std::isfinite(in.x)
  PASS  std::isfinite(in.y)
  PASS  std::isfinite(in.x)
  PASS  std::isfinite(in.y)
  PASS  std::isfinite(in.x)
  PASS  std::isfinite(in.y)
  PASS  std::isfinite(in.x)
  PASS  std::isfinite(in.y)
  PASS  std::isfinite(in.x)
  PASS  std::isfinite(in.y)
  PASS  std::isfinite(in.x)
  PASS  std::isfinite(in.y)
  PASS  std::isfinite(in.x)
  PASS  std::isfinite(in.y)
  PASS  std::isfinite(in.x)
  PASS  std::isfinite(in.y)
  PASS  std::isfinite(in.x)
  PASS  std::isfinite(in.y)
  PASS  std::isfinite(in.x)
  PASS  std::isfinite(in.y)
  PASS  std::isfinite(in.x)
  PASS  std::isfinite(in.y)
  PASS  std::isfinite(in.x)
  PASS  std::isfinite(in.y)
  PASS  std::isfinite(in.x)
  PASS  std::isfinite(in.y)
  PASS  std::isfinite(in.x)
  PASS  std::isfinite(in.y)
  PASS  std::isfinite(in.x)
  PASS  std::isfinite(in.y)
  PASS  std::isfinite(in.x)
  PASS  std::isfinite(in.y)
  PASS  std::isfinite(in.x)
  PASS  std::isfinite(in.y)
  PASS  std::isfinite(in.x)
  PASS  std::isfinite(in.y)
  PASS  std::isfinite(in.x)
  PASS  std::isfinite(in.y)
  PASS  std::isfinite(in.x)
  PASS  std::isfinite(in.y)
  PASS  std::isfinite(in.x)
  PASS  std::isfinite(in.y)
  PASS  std::isfinite(in.x)
  PASS  std::isfinite(in.y)
  PASS  std::isfinite(in.x)
  PASS  std::isfinite(in.y)
  PASS  std::isfinite(in.x)
  PASS  std::isfinite(in.y)
  PASS  std::isfinite(in.x)
  PASS  std::isfinite(in.y)
  PASS  std::isfinite(in.x)
  PASS  std::isfinite(in.y)
  PASS  std::isfinite(in.x)
  PASS  std::isfinite(in.y)
  PASS  std::isfinite(in.x)
  PASS  std::isfinite(in.y)
  PASS  std::isfinite(in.x)
  PASS  std::isfinite(in.y)
  PASS  std::isfinite(in.x)
  PASS  std::isfinite(in.y)
  PASS  std::isfinite(in.x)
  PASS  std::isfinite(in.y)
  PASS  std::isfinite(in.x)
  PASS  std::isfinite(in.y)
  PASS  std::isfinite(in.x)
  PASS  std::isfinite(in.y)
  PASS  std::isfinite(in.x)
  PASS  std::isfinite(in.y)
  PASS  std::isfinite(in.x)
  PASS  std::isfinite(in.y)
  PASS  std::isfinite(in.x)
  PASS  std::isfinite(in.y)
  PASS  std::isfinite(in.x)
  PASS  std::isfinite(in.y)
  PASS  std::isfinite(in.x)
  PASS  std::isfinite(in.y)
  PASS  std::isfinite(in.x)
  PASS  std::isfinite(in.y)
  PASS  std::isfinite(in.x)
  PASS  std::isfinite(in.y)
  PASS  std::isfinite(in.x)
  PASS  std::isfinite(in.y)
  PASS  std::isfinite(in.x)
  PASS  std::isfinite(in.y)
  PASS  std::isfinite(in.x)
  PASS  std::isfinite(in.y)
  PASS  std::isfinite(in.x)
  PASS  std::isfinite(in.y)
  PASS  std::isfinite(in.x)
  PASS  std::isfinite(in.y)
  PASS  std::isfinite(in.x)
  PASS  std::isfinite(in.y)
  PASS  std::isfinite(in.x)
  PASS  std::isfinite(in.y)
  PASS  std::isfinite(in.x)
  PASS  std::isfinite(in.y)
  PASS  std::isfinite(in.x)
  PASS  std::isfinite(in.y)
  PASS  std::isfinite(in.x)
  PASS  std::isfinite(in.y)
  PASS  std::isfinite(in.x)
  PASS  std::isfinite(in.y)
  PASS  std::isfinite(in.x)
  PASS  std::isfinite(in.y)
  PASS  std::isfinite(in.x)
  PASS  std::isfinite(in.y)
  PASS  std::isfinite(in.x)
  PASS  std::isfinite(in.y)
  PASS  std::isfinite(in.x)
  PASS  std::isfinite(in.y)
  PASS  std::isfinite(in.x)
  PASS  std::isfinite(in.y)
  PASS  std::isfinite(in.x)
  PASS  std::isfinite(in.y)
  PASS  std::isfinite(in.x)
  PASS  std::isfinite(in.y)
  PASS  std::isfinite(in.x)
  PASS  std::isfinite(in.y)
  PASS  std::isfinite(in.x)
  PASS  std::isfinite(in.y)
  PASS  std::isfinite(in.x)
  PASS  std::isfinite(in.y)
  PASS  std::isfinite(in.x)
  PASS  std::isfinite(in.y)
  PASS  std::isfinite(in.x)
  PASS  std::isfinite(in.y)
  PASS  std::isfinite(in.x)
  PASS  std::isfinite(in.y)
  PASS  std::isfinite(in.x)
  PASS  std::isfinite(in.y)
  PASS  std::isfinite(in.x)
  PASS  std::isfinite(in.y)
  PASS  std::isfinite(in.x)
  PASS  std::isfinite(in.y)
  PASS  std::isfinite(in.x)
  PASS  std::isfinite(in.y)
  PASS  std::isfinite(in.x)
  PASS  std::isfinite(in.y)
  PASS  std::isfinite(in.x)
  PASS  std::isfinite(in.y)
  PASS  std::isfinite(in.x)
  PASS  std::isfinite(in.y)
  PASS  std::isfinite(in.x)
  PASS  std::isfinite(in.y)
  PASS  std::isfinite(in.x)
  PASS  std::isfinite(in.y)
  PASS  std::isfinite(in.x)
  PASS  std::isfinite(in.y)
  PASS  std::isfinite(in.x)
  PASS  std::isfinite(in.y)
  PASS  std::isfinite(in.x)
  PASS  std::isfinite(in.y)
  PASS  std::isfinite(in.x)
  PASS  std::isfinite(in.y)
  PASS  std::isfinite(in.x)
  PASS  std::isfinite(in.y)
  PASS  std::isfinite(in.x)
  PASS  std::isfinite(in.y)
  PASS  std::isfinite(in.x)
  PASS  std::isfinite(in.y)
  PASS  std::isfinite(in.x)
  PASS  std::isfinite(in.y)
  PASS  std::isfinite(in.x)
  PASS  std::isfinite(in.y)
  PASS  std::isfinite(in.x)
  PASS  std::isfinite(in.y)
  PASS  std::isfinite(in.x)
  PASS  std::isfinite(in.y)
  PASS  std::isfinite(in.x)
  PASS  std::isfinite(in.y)
  PASS  std::isfinite(in.x)
  PASS  std::isfinite(in.y)
  PASS  std::isfinite(in.x)
  PASS  std::isfinite(in.y)
  PASS  std::isfinite(in.x)
  PASS  std::isfinite(in.y)
  PASS  std::isfinite(in.x)
  PASS  std::isfinite(in.y)
  PASS  std::isfinite(in.x)
  PASS  std::isfinite(in.y)
  PASS  std::isfinite(in.x)
  PASS  std::isfinite(in.y)
  PASS  std::isfinite(in.x)
  PASS  std::isfinite(in.y)
  PASS  std::isfinite(in.x)
  PASS  std::isfinite(in.y)
  PASS  std::isfinite(in.x)
  PASS  std::isfinite(in.y)
  PASS  std::isfinite(in.x)
  PASS  std::isfinite(in.y)
  PASS  std::isfinite(in.x)
  PASS  std::isfinite(in.y)
  PASS  std::isfinite(in.x)
  PASS  std::isfinite(in.y)
  PASS  std::isfinite(in.x)
  PASS  std::isfinite(in.y)
  PASS  std::isfinite(in.x)
  PASS  std::isfinite(in.y)
  PASS  std::isfinite(in.x)
  PASS  std::isfinite(in.y)
  PASS  std::isfinite(in.x)
  PASS  std::isfinite(in.y)
  PASS  std::isfinite(in.x)
  PASS  std::isfinite(in.y)
  PASS  std::isfinite(in.x)
  PASS  std::isfinite(in.y)
  PASS  std::isfinite(in.x)
  PASS  std::isfinite(in.y)
  PASS  std::isfinite(in.x)
  PASS  std::isfinite(in.y)
  PASS  std::isfinite(in.x)
  PASS  std::isfinite(in.y)
  PASS  std::isfinite(in.x)
  PASS  std::isfinite(in.y)
  PASS  std::isfinite(in.x)
  PASS  std::isfinite(in.y)
  PASS  std::isfinite(in.x)
  PASS  std::isfinite(in.y)
  PASS  std::isfinite(in.x)
  PASS  std::isfinite(in.y)
  PASS  std::isfinite(in.x)
  PASS  std::isfinite(in.y)
  PASS  std::isfinite(in.x)
  PASS  std::isfinite(in.y)
  PASS  std::isfinite(in.x)
  PASS  std::isfinite(in.y)
  PASS  std::isfinite(in.x)
  PASS  std::isfinite(in.y)
  PASS  std::isfinite(in.x)
  PASS  std::isfinite(in.y)
  PASS  std::isfinite(in.x)
  PASS  std::isfinite(in.y)
  PASS  std::isfinite(in.x)
  PASS  std::isfinite(in.y)
  PASS  std::isfinite(in.x)
  PASS  std::isfinite(in.y)
  PASS  std::isfinite(in.x)
  PASS  std::isfinite(in.y)
  PASS  std::isfinite(in.x)
  PASS  std::isfinite(in.y)
  PASS  std::isfinite(in.x)
  PASS  std::isfinite(in.y)
  PASS  std::isfinite(in.x)
  PASS  std::isfinite(in.y)
  PASS  std::isfinite(in.x)
  PASS  std::isfinite(in.y)
  PASS  std::isfinite(in.x)
  PASS  std::isfinite(in.y)
  PASS  std::isfinite(in.x)
  PASS  std::isfinite(in.y)
  PASS  std::isfinite(in.x)
  PASS  std::isfinite(in.y)
  PASS  std::isfinite(in.x)
  PASS  std::isfinite(in.y)
  PASS  std::isfinite(in.x)
  PASS  std::isfinite(in.y)
  PASS  std::isfinite(in.x)
  PASS  std::isfinite(in.y)
  PASS  std::isfinite(in.x)
  PASS  std::isfinite(in.y)
  PASS  std::isfinite(in.x)
  PASS  std::isfinite(in.y)
  PASS  std::isfinite(in.x)
  PASS  std::isfinite(in.y)
  PASS  std::isfinite(in.x)
  PASS  std::isfinite(in.y)
  PASS  std::isfinite(in.x)
  PASS  std::isfinite(in.y)
  PASS  std::isfinite(in.x)
  PASS  std::isfinite(in.y)
  PASS  std::isfinite(in.x)
  PASS  std::isfinite(in.y)
  PASS  std::isfinite(in.x)
  PASS  std::isfinite(in.y)
  PASS  std::isfinite(in.x)
  PASS  std::isfinite(in.y)
  PASS  std::isfinite(in.x)
  PASS  std::isfinite(in.y)
  PASS  std::isfinite(in.x)
  PASS  std::isfinite(in.y)
  PASS  std::isfinite(in.x)
  PASS  std::isfinite(in.y)
  PASS  std::isfinite(in.x)
  PASS  std::isfinite(in.y)
  PASS  std::isfinite(in.x)
  PASS  std::isfinite(in.y)
  PASS  std::isfinite(in.x)
  PASS  std::isfinite(in.y)
  PASS  std::isfinite(in.x)
  PASS  std::isfinite(in.y)
  PASS  std::isfinite(in.x)
  PASS  std::isfinite(in.y)
  PASS  std::isfinite(in.x)
  PASS  std::isfinite(in.y)
  PASS  std::isfinite(in.x)
  PASS  std::isfinite(in.y)
  PASS  std::isfinite(in.x)
  PASS  std::isfinite(in.y)
  PASS  std::isfinite(in.x)
  PASS  std::isfinite(in.y)
  PASS  std::isfinite(in.x)
  PASS  std::isfinite(in.y)
  PASS  std::isfinite(in.x)
  PASS  std::isfinite(in.y)
  PASS  std::isfinite(in.x)
  PASS  std::isfinite(in.y)
  PASS  std::isfinite(in.x)
  PASS  std::isfinite(in.y)
  PASS  std::isfinite(in.x)
  PASS  std::isfinite(in.y)
  PASS  std::isfinite(in.x)
  PASS  std::isfinite(in.y)
  PASS  std::isfinite(in.x)
  PASS  std::isfinite(in.y)
  PASS  std::isfinite(in.x)
  PASS  std::isfinite(in.y)
  PASS  std::isfinite(in.x)
  PASS  std::isfinite(in.y)
  PASS  std::isfinite(in.x)
  PASS  std::isfinite(in.y)
  PASS  std::isfinite(in.x)
  PASS  std::isfinite(in.y)
  PASS  std::isfinite(in.x)
  PASS  std::isfinite(in.y)
  PASS  std::isfinite(in.x)
  PASS  std::isfinite(in.y)
  PASS  std::isfinite(in.x)
  PASS  std::isfinite(in.y)
  PASS  std::isfinite(in.x)
  PASS  std::isfinite(in.y)
  PASS  std::isfinite(in.x)
  PASS  std::isfinite(in.y)
  PASS  std::isfinite(in.x)
  PASS  std::isfinite(in.y)
  PASS  std::isfinite(in.x)
  PASS  std::isfinite(in.y)
  PASS  std::isfinite(in.x)
  PASS  std::isfinite(in.y)
  PASS  std::isfinite(in.x)
  PASS  std::isfinite(in.y)
  PASS  std::isfinite(in.x)
  PASS  std::isfinite(in.y)
  PASS  std::isfinite(in.x)
  PASS  std::isfinite(in.y)
  PASS  std::isfinite(in.x)
  PASS  std::isfinite(in.y)
  PASS  std::isfinite(in.x)
  PASS  std::isfinite(in.y)
  PASS  std::isfinite(in.x)
  PASS  std::isfinite(in.y)
  PASS  std::isfinite(in.x)
  PASS  std::isfinite(in.y)
  PASS  std::isfinite(in.x)
  PASS  std::isfinite(in.y)
  PASS  std::isfinite(in.x)
  PASS  std::isfinite(in.y)
  PASS  std::isfinite(in.x)
  PASS  std::isfinite(in.y)
  PASS  std::isfinite(in.x)
  PASS  std::isfinite(in.y)
  PASS  std::isfinite(in.x)
  PASS  std::isfinite(in.y)
  PASS  std::isfinite(in.x)
  PASS  std::isfinite(in.y)
  PASS  std::isfinite(in.x)
  PASS  std::isfinite(in.y)
  PASS  std::isfinite(in.x)
  PASS  std::isfinite(in.y)
  PASS  std::isfinite(in.x)
  PASS  std::isfinite(in.y)
  PASS  std::isfinite(in.x)
  PASS  std::isfinite(in.y)
  PASS  std::isfinite(in.x)
  PASS  std::isfinite(in.y)
  PASS  std::isfinite(in.x)
  PASS  std::isfinite(in.y)
  PASS  std::isfinite(in.x)
  PASS  std::isfinite(in.y)
  PASS  std::isfinite(in.x)
  PASS  std::isfinite(in.y)
  PASS  std::isfinite(in.x)
  PASS  std::isfinite(in.y)
  PASS  std::isfinite(in.x)
  PASS  std::isfinite(in.y)
  PASS  std::isfinite(in.x)
  PASS  std::isfinite(in.y)
  PASS  std::isfinite(in.x)
  PASS  std::isfinite(in.y)
  PASS  std::isfinite(in.x)
  PASS  std::isfinite(in.y)
  PASS  std::isfinite(in.x)
  PASS  std::isfinite(in.y)
  PASS  std::isfinite(in.x)
  PASS  std::isfinite(in.y)
  PASS  std::isfinite(in.x)
  PASS  std::isfinite(in.y)
  PASS  std::isfinite(in.x)
  PASS  std::isfinite(in.y)
  PASS  std::isfinite(in.x)
  PASS  std::isfinite(in.y)
  PASS  std::isfinite(in.x)
  PASS  std::isfinite(in.y)
  PASS  std::isfinite(in.x)
  PASS  std::isfinite(in.y)
  PASS  std::isfinite(in.x)
  PASS  std::isfinite(in.y)
  PASS  std::isfinite(in.x)
  PASS  std::isfinite(in.y)
  PASS  std::isfinite(in.x)
  PASS  std::isfinite(in.y)
  PASS  std::isfinite(in.x)
  PASS  std::isfinite(in.y)
  PASS  std::isfinite(in.x)
  PASS  std::isfinite(in.y)
  PASS  std::isfinite(in.x)
  PASS  std::isfinite(in.y)
  PASS  std::isfinite(in.x)
  PASS  std::isfinite(in.y)
  PASS  std::isfinite(in.x)
  PASS  std::isfinite(in.y)
  PASS  std::isfinite(in.x)
  PASS  std::isfinite(in.y)
  PASS  std::isfinite(in.x)
  PASS  std::isfinite(in.y)
  PASS  std::isfinite(in.x)
  PASS  std::isfinite(in.y)
  PASS  std::isfinite(in.x)
  PASS  std::isfinite(in.y)
  PASS  std::isfinite(in.x)
  PASS  std::isfinite(in.y)
  PASS  std::isfinite(in.x)
  PASS  std::isfinite(in.y)
  PASS  std::isfinite(in.x)
  PASS  std::isfinite(in.y)
  PASS  std::isfinite(in.x)
  PASS  std::isfinite(in.y)
  PASS  std::isfinite(in.x)
  PASS  std::isfinite(in.y)
  PASS  std::isfinite(in.x)
  PASS  std::isfinite(in.y)
  PASS  std::isfinite(in.x)
  PASS  std::isfinite(in.y)
  PASS  std::isfinite(in.x)
  PASS  std::isfinite(in.y)
  PASS  std::isfinite(in.x)
  PASS  std::isfinite(in.y)
  PASS  std::isfinite(in.x)
  PASS  std::isfinite(in.y)
  PASS  std::isfinite(in.x)
  PASS  std::isfinite(in.y)
  PASS  std::isfinite(in.x)
  PASS  std::isfinite(in.y)
  PASS  std::isfinite(in.x)
  PASS  std::isfinite(in.y)
  PASS  std::isfinite(in.x)
  PASS  std::isfinite(in.y)
  PASS  std::isfinite(in.x)
  PASS  std::isfinite(in.y)
  PASS  std::isfinite(in.x)
  PASS  std::isfinite(in.y)
  PASS  std::isfinite(in.x)
  PASS  std::isfinite(in.y)
  PASS  std::isfinite(in.x)
  PASS  std::isfinite(in.y)
  PASS  std::isfinite(in.x)
  PASS  std::isfinite(in.y)
  PASS  std::isfinite(in.x)
  PASS  std::isfinite(in.y)
  PASS  std::isfinite(in.x)
  PASS  std::isfinite(in.y)
  PASS  std::isfinite(in.x)
  PASS  std::isfinite(in.y)
  PASS  std::isfinite(in.x)
  PASS  std::isfinite(in.y)
  PASS  std::isfinite(in.x)
  PASS  std::isfinite(in.y)
  PASS  std::isfinite(in.x)
  PASS  std::isfinite(in.y)
  PASS  std::isfinite(in.x)
  PASS  std::isfinite(in.y)
  PASS  std::isfinite(in.x)
  PASS  std::isfinite(in.y)
  PASS  std::isfinite(in.x)
  PASS  std::isfinite(in.y)
  PASS  std::isfinite(in.x)
  PASS  std::isfinite(in.y)
  PASS  std::isfinite(in.x)
  PASS  std::isfinite(in.y)
  PASS  std::isfinite(in.x)
  PASS  std::isfinite(in.y)
  PASS  std::isfinite(in.x)
  PASS  std::isfinite(in.y)
  PASS  std::isfinite(in.x)
  PASS  std::isfinite(in.y)
  PASS  std::isfinite(in.x)
  PASS  std::isfinite(in.y)
  PASS  std::isfinite(in.x)
  PASS  std::isfinite(in.y)
  PASS  std::isfinite(in.x)
  PASS  std::isfinite(in.y)
  PASS  std::isfinite(in.x)
  PASS  std::isfinite(in.y)
  PASS  std::isfinite(in.x)
  PASS  std::isfinite(in.y)
  PASS  std::isfinite(in.x)
  PASS  std::isfinite(in.y)
  PASS  std::isfinite(in.x)
  PASS  std::isfinite(in.y)
  PASS  std::isfinite(in.x)
  PASS  std::isfinite(in.y)
  PASS  std::isfinite(in.x)
  PASS  std::isfinite(in.y)
  PASS  std::isfinite(in.x)
  PASS  std::isfinite(in.y)
  PASS  std::isfinite(in.x)
  PASS  std::isfinite(in.y)
  PASS  std::isfinite(in.x)
  PASS  std::isfinite(in.y)
  PASS  std::isfinite(in.x)
  PASS  std::isfinite(in.y)
  PASS  std::isfinite(in.x)
  PASS  std::isfinite(in.y)
  PASS  std::isfinite(in.x)
  PASS  std::isfinite(in.y)
  PASS  std::isfinite(in.x)
  PASS  std::isfinite(in.y)
  PASS  std::isfinite(in.x)
  PASS  std::isfinite(in.y)
  PASS  std::isfinite(in.x)
  PASS  std::isfinite(in.y)
  PASS  std::isfinite(in.x)
  PASS  std::isfinite(in.y)
  PASS  std::isfinite(in.x)
  PASS  std::isfinite(in.y)
  PASS  std::isfinite(in.x)
  PASS  std::isfinite(in.y)
  PASS  std::isfinite(in.x)
  PASS  std::isfinite(in.y)
  PASS  std::isfinite(in.x)
  PASS  std::isfinite(in.y)
  PASS  std::isfinite(in.x)
  PASS  std::isfinite(in.y)
  PASS  std::isfinite(in.x)
  PASS  std::isfinite(in.y)
  PASS  std::isfinite(in.x)
  PASS  std::isfinite(in.y)
  PASS  std::isfinite(in.x)
  PASS  std::isfinite(in.y)
  PASS  std::isfinite(in.x)
  PASS  std::isfinite(in.y)
  PASS  std::isfinite(in.x)
  PASS  std::isfinite(in.y)
  PASS  std::isfinite(in.x)
  PASS  std::isfinite(in.y)
  PASS  std::isfinite(in.x)
  PASS  std::isfinite(in.y)
  PASS  std::isfinite(in.x)
  PASS  std::isfinite(in.y)
  PASS  std::isfinite(in.x)
  PASS  std::isfinite(in.y)
  PASS  std::isfinite(in.x)
  PASS  std::isfinite(in.y)
  PASS  std::isfinite(in.x)
  PASS  std::isfinite(in.y)
  PASS  std::isfinite(in.x)
  PASS  std::isfinite(in.y)
  PASS  std::isfinite(in.x)
  PASS  std::isfinite(in.y)
  PASS  std::isfinite(in.x)
  PASS  std::isfinite(in.y)
  PASS  std::isfinite(in.x)
  PASS  std::isfinite(in.y)
  PASS  std::isfinite(in.x)
  PASS  std::isfinite(in.y)
  PASS  std::isfinite(in.x)
  PASS  std::isfinite(in.y)
  PASS  std::isfinite(in.x)
  PASS  std::isfinite(in.y)
  PASS  std::isfinite(in.x)
  PASS  std::isfinite(in.y)
  PASS  std::isfinite(in.x)
  PASS  std::isfinite(in.y)
  PASS  std::isfinite(in.x)
  PASS  std::isfinite(in.y)
  PASS  std::isfinite(in.x)
  PASS  std::isfinite(in.y)
  PASS  std::isfinite(in.x)
  PASS  std::isfinite(in.y)
  PASS  std::isfinite(in.x)
  PASS  std::isfinite(in.y)
  PASS  std::isfinite(in.x)
  PASS  std::isfinite(in.y)
  PASS  std::isfinite(in.x)
  PASS  std::isfinite(in.y)
  PASS  std::isfinite(in.x)
  PASS  std::isfinite(in.y)
  PASS  std::isfinite(in.x)
  PASS  std::isfinite(in.y)
  PASS  std::isfinite(in.x)
  PASS  std::isfinite(in.y)
  PASS  std::isfinite(in.x)
  PASS  std::isfinite(in.y)
  PASS  std::isfinite(in.x)
  PASS  std::isfinite(in.y)
  PASS  std::isfinite(in.x)
  PASS  std::isfinite(in.y)
  PASS  std::isfinite(in.x)
  PASS  std::isfinite(in.y)
  PASS  std::isfinite(in.x)
  PASS  std::isfinite(in.y)
  PASS  std::isfinite(in.x)
  PASS  std::isfinite(in.y)
  PASS  std::isfinite(in.x)
  PASS  std::isfinite(in.y)
  PASS  std::isfinite(in.x)
  PASS  std::isfinite(in.y)
  PASS  std::isfinite(in.x)
  PASS  std::isfinite(in.y)
  PASS  std::isfinite(in.x)
  PASS  std::isfinite(in.y)
  PASS  std::isfinite(in.x)
  PASS  std::isfinite(in.y)
  PASS  std::isfinite(in.x)
  PASS  std::isfinite(in.y)
  PASS  std::isfinite(in.x)
  PASS  std::isfinite(in.y)
  PASS  std::isfinite(in.x)
  PASS  std::isfinite(in.y)
  PASS  std::isfinite(in.x)
  PASS  std::isfinite(in.y)
  PASS  std::isfinite(in.x)
  PASS  std::isfinite(in.y)
  PASS  std::isfinite(in.x)
  PASS  std::isfinite(in.y)
  PASS  std::isfinite(in.x)
  PASS  std::isfinite(in.y)
  PASS  std::isfinite(in.x)
  PASS  std::isfinite(in.y)
  PASS  std::isfinite(in.x)
  PASS  std::isfinite(in.y)
  PASS  std::isfinite(in.x)
  PASS  std::isfinite(in.y)
  PASS  std::isfinite(in.x)
  PASS  std::isfinite(in.y)
  PASS  std::isfinite(in.x)
  PASS  std::isfinite(in.y)
  PASS  std::isfinite(in.x)
  PASS  std::isfinite(in.y)
  PASS  std::isfinite(in.x)
  PASS  std::isfinite(in.y)
  PASS  std::isfinite(in.x)
  PASS  std::isfinite(in.y)
  PASS  std::isfinite(in.x)
  PASS  std::isfinite(in.y)
  PASS  std::isfinite(in.x)
  PASS  std::isfinite(in.y)
  PASS  std::isfinite(in.x)
  PASS  std::isfinite(in.y)
  PASS  std::isfinite(in.x)
  PASS  std::isfinite(in.y)
  PASS  std::isfinite(in.x)
  PASS  std::isfinite(in.y)
  PASS  std::isfinite(in.x)
  PASS  std::isfinite(in.y)
  PASS  std::isfinite(in.x)
  PASS  std::isfinite(in.y)
  PASS  std::isfinite(in.x)
  PASS  std::isfinite(in.y)
  PASS  std::isfinite(in.x)
  PASS  std::isfinite(in.y)
  PASS  std::isfinite(in.x)
  PASS  std::isfinite(in.y)
  PASS  std::isfinite(in.x)
  PASS  std::isfinite(in.y)
  PASS  std::isfinite(in.x)
  PASS  std::isfinite(in.y)
  PASS  std::isfinite(in.x)
  PASS  std::isfinite(in.y)
  PASS  std::isfinite(in.x)
  PASS  std::isfinite(in.y)
  PASS  std::isfinite(in.x)
  PASS  std::isfinite(in.y)
  PASS  std::isfinite(in.x)
  PASS  std::isfinite(in.y)
  PASS  std::isfinite(in.x)
  PASS  std::isfinite(in.y)
  PASS  std::isfinite(in.x)
  PASS  std::isfinite(in.y)
  PASS  std::isfinite(in.x)
  PASS  std::isfinite(in.y)
  PASS  std::isfinite(in.x)
  PASS  std::isfinite(in.y)
  PASS  std::isfinite(in.x)
  PASS  std::isfinite(in.y)
  PASS  std::isfinite(in.x)
  PASS  std::isfinite(in.y)
  PASS  std::isfinite(in.x)
  PASS  std::isfinite(in.y)
  PASS  std::isfinite(in.x)
  PASS  std::isfinite(in.y)
  PASS  std::isfinite(in.x)
  PASS  std::isfinite(in.y)
  PASS  std::isfinite(in.x)
  PASS  std::isfinite(in.y)
  PASS  std::isfinite(in.x)
  PASS  std::isfinite(in.y)
  PASS  std::isfinite(in.x)
  PASS  std::isfinite(in.y)
  PASS  std::isfinite(in.x)
  PASS  std::isfinite(in.y)
  PASS  std::isfinite(in.x)
  PASS  std::isfinite(in.y)
  PASS  std::isfinite(in.x)
  PASS  std::isfinite(in.y)
  PASS  std::isfinite(in.x)
  PASS  std::isfinite(in.y)
  PASS  std::isfinite(in.x)
  PASS  std::isfinite(in.y)
  PASS  std::isfinite(in.x)
  PASS  std::isfinite(in.y)
  PASS  std::isfinite(in.x)
  PASS  std::isfinite(in.y)
  PASS  std::isfinite(in.x)
  PASS  std::isfinite(in.y)
  PASS  std::isfinite(in.x)
  PASS  std::isfinite(in.y)
  PASS  std::isfinite(in.x)
  PASS  std::isfinite(in.y)
  PASS  std::isfinite(in.x)
  PASS  std::isfinite(in.y)
  PASS  std::isfinite(in.x)
  PASS  std::isfinite(in.y)
  PASS  std::isfinite(in.x)
  PASS  std::isfinite(in.y)
  PASS  std::isfinite(in.x)
  PASS  std::isfinite(in.y)
  PASS  std::isfinite(in.x)
  PASS  std::isfinite(in.y)
  PASS  std::isfinite(in.x)
  PASS  std::isfinite(in.y)
  PASS  std::isfinite(in.x)
  PASS  std::isfinite(in.y)
  PASS  std::isfinite(in.x)
  PASS  std::isfinite(in.y)
  PASS  std::isfinite(in.x)
  PASS  std::isfinite(in.y)
  PASS  std::isfinite(in.x)
  PASS  std::isfinite(in.y)
  PASS  std::isfinite(in.x)
  PASS  std::isfinite(in.y)
  PASS  std::isfinite(in.x)
  PASS  std::isfinite(in.y)
  PASS  std::isfinite(in.x)
  PASS  std::isfinite(in.y)
  PASS  std::isfinite(in.x)
  PASS  std::isfinite(in.y)
  PASS  std::isfinite(in.x)
  PASS  std::isfinite(in.y)
  PASS  std::isfinite(in.x)
  PASS  std::isfinite(in.y)
  PASS  std::isfinite(in.x)
  PASS  std::isfinite(in.y)
  PASS  std::isfinite(in.x)
  PASS  std::isfinite(in.y)
  PASS  std::isfinite(in.x)
  PASS  std::isfinite(in.y)
  PASS  std::isfinite(in.x)
  PASS  std::isfinite(in.y)
  PASS  std::isfinite(in.x)
  PASS  std::isfinite(in.y)
  PASS  std::isfinite(in.x)
  PASS  std::isfinite(in.y)
  PASS  std::isfinite(in.x)
  PASS  std::isfinite(in.y)
  PASS  std::isfinite(in.x)
  PASS  std::isfinite(in.y)
  PASS  std::isfinite(in.x)
  PASS  std::isfinite(in.y)
  PASS  std::isfinite(in.x)
  PASS  std::isfinite(in.y)
  PASS  std::isfinite(in.x)
  PASS  std::isfinite(in.y)
  PASS  std::isfinite(in.x)
  PASS  std::isfinite(in.y)
  PASS  std::isfinite(in.x)
  PASS  std::isfinite(in.y)
  PASS  std::isfinite(in.x)
  PASS  std::isfinite(in.y)
  PASS  std::isfinite(in.x)
  PASS  std::isfinite(in.y)
  PASS  std::isfinite(in.x)
  PASS  std::isfinite(in.y)
  PASS  std::isfinite(in.x)
  PASS  std::isfinite(in.y)
  PASS  std::isfinite(in.x)
  PASS  std::isfinite(in.y)
  PASS  std::isfinite(in.x)
  PASS  std::isfinite(in.y)
  PASS  std::isfinite(in.x)
  PASS  std::isfinite(in.y)
  PASS  std::isfinite(in.x)
  PASS  std::isfinite(in.y)
  PASS  std::isfinite(in.x)
  PASS  std::isfinite(in.y)
  PASS  std::isfinite(in.x)
  PASS  std::isfinite(in.y)
  PASS  std::isfinite(in.x)
  PASS  std::isfinite(in.y)
  PASS  std::isfinite(in.x)
  PASS  std::isfinite(in.y)
  PASS  std::isfinite(in.x)
  PASS  std::isfinite(in.y)
  PASS  std::isfinite(in.x)
  PASS  std::isfinite(in.y)
  PASS  std::isfinite(in.x)
  PASS  std::isfinite(in.y)
  PASS  std::isfinite(in.x)
  PASS  std::isfinite(in.y)
  PASS  std::isfinite(in.x)
  PASS  std::isfinite(in.y)
  PASS  std::isfinite(in.x)
  PASS  std::isfinite(in.y)
  PASS  std::isfinite(in.x)
  PASS  std::isfinite(in.y)
  PASS  std::isfinite(in.x)
  PASS  std::isfinite(in.y)
  PASS  std::isfinite(in.x)
  PASS  std::isfinite(in.y)
  PASS  std::isfinite(in.x)
  PASS  std::isfinite(in.y)
  PASS  std::isfinite(in.x)
  PASS  std::isfinite(in.y)
  PASS  std::isfinite(in.x)
  PASS  std::isfinite(in.y)
  PASS  std::isfinite(in.x)
  PASS  std::isfinite(in.y)
  PASS  std::isfinite(in.x)
  PASS  std::isfinite(in.y)
  PASS  std::isfinite(in.x)
  PASS  std::isfinite(in.y)
  PASS  std::isfinite(in.x)
  PASS  std::isfinite(in.y)
  PASS  std::isfinite(in.x)
  PASS  std::isfinite(in.y)
  PASS  std::isfinite(in.x)
  PASS  std::isfinite(in.y)
  PASS  std::isfinite(in.x)
  PASS  std::isfinite(in.y)
  PASS  std::isfinite(in.x)
  PASS  std::isfinite(in.y)
  PASS  std::isfinite(in.x)
  PASS  std::isfinite(in.y)
  PASS  std::isfinite(in.x)
  PASS  std::isfinite(in.y)
  PASS  std::isfinite(in.x)
  PASS  std::isfinite(in.y)
  PASS  std::isfinite(in.x)
  PASS  std::isfinite(in.y)
  PASS  std::isfinite(in.x)
  PASS  std::isfinite(in.y)
  PASS  std::isfinite(in.x)
  PASS  std::isfinite(in.y)
  PASS  std::isfinite(in.x)
  PASS  std::isfinite(in.y)
  PASS  std::isfinite(in.x)
  PASS  std::isfinite(in.y)
  PASS  std::isfinite(in.x)
  PASS  std::isfinite(in.y)
  PASS  std::isfinite(in.x)
  PASS  std::isfinite(in.y)
  PASS  std::isfinite(in.x)
  PASS  std::isfinite(in.y)
  PASS  std::isfinite(in.x)
  PASS  std::isfinite(in.y)
  PASS  std::isfinite(in.x)
  PASS  std::isfinite(in.y)
  PASS  std::isfinite(in.x)
  PASS  std::isfinite(in.y)
  PASS  std::isfinite(in.x)
  PASS  std::isfinite(in.y)
  PASS  std::isfinite(in.x)
  PASS  std::isfinite(in.y)
  PASS  std::isfinite(in.x)
  PASS  std::isfinite(in.y)
  PASS  std::isfinite(in.x)
  PASS  std::isfinite(in.y)
  PASS  std::isfinite(in.x)
  PASS  std::isfinite(in.y)
  PASS  std::isfinite(in.x)
  PASS  std::isfinite(in.y)
  PASS  std::isfinite(in.x)
  PASS  std::isfinite(in.y)
  PASS  std::isfinite(in.x)
  PASS  std::isfinite(in.y)
  PASS  std::isfinite(in.x)
  PASS  std::isfinite(in.y)
  PASS  std::isfinite(in.x)
  PASS  std::isfinite(in.y)
  PASS  std::isfinite(in.x)
  PASS  std::isfinite(in.y)
  PASS  std::isfinite(in.x)
  PASS  std::isfinite(in.y)
  PASS  std::isfinite(in.x)
  PASS  std::isfinite(in.y)
  PASS  std::isfinite(in.x)
  PASS  std::isfinite(in.y)
  PASS  std::isfinite(in.x)
  PASS  std::isfinite(in.y)
  PASS  std::isfinite(in.x)
  PASS  std::isfinite(in.y)
  PASS  std::isfinite(in.x)
  PASS  std::isfinite(in.y)
  PASS  std::isfinite(in.x)
  PASS  std::isfinite(in.y)
  PASS  std::isfinite(in.x)
  PASS  std::isfinite(in.y)
  PASS  std::isfinite(in.x)
  PASS  std::isfinite(in.y)
  PASS  std::isfinite(in.x)
  PASS  std::isfinite(in.y)
  PASS  std::isfinite(in.x)
  PASS  std::isfinite(in.y)
  PASS  std::isfinite(in.x)
  PASS  std::isfinite(in.y)
  PASS  std::isfinite(in.x)
  PASS  std::isfinite(in.y)
  PASS  std::isfinite(in.x)
  PASS  std::isfinite(in.y)
  PASS  std::isfinite(in.x)
  PASS  std::isfinite(in.y)
  PASS  std::isfinite(in.x)
  PASS  std::isfinite(in.y)
  PASS  std::isfinite(in.x)
  PASS  std::isfinite(in.y)
  PASS  std::isfinite(in.x)
  PASS  std::isfinite(in.y)
  PASS  std::isfinite(in.x)
  PASS  std::isfinite(in.y)
  PASS  std::isfinite(in.x)
  PASS  std::isfinite(in.y)
  PASS  std::isfinite(in.x)
  PASS  std::isfinite(in.y)
  PASS  std::isfinite(in.x)
  PASS  std::isfinite(in.y)
  PASS  std::isfinite(in.x)
  PASS  std::isfinite(in.y)
  PASS  std::isfinite(in.x)
  PASS  std::isfinite(in.y)
  PASS  std::isfinite(in.x)
  PASS  std::isfinite(in.y)
  PASS  std::isfinite(in.x)
  PASS  std::isfinite(in.y)
  PASS  std::isfinite(in.x)
  PASS  std::isfinite(in.y)
  PASS  std::isfinite(in.x)
  PASS  std::isfinite(in.y)
  PASS  std::isfinite(in.x)
  PASS  std::isfinite(in.y)
  PASS  std::isfinite(in.x)
  PASS  std::isfinite(in.y)
  PASS  std::isfinite(in.x)
  PASS  std::isfinite(in.y)
  PASS  std::isfinite(in.x)
  PASS  std::isfinite(in.y)
  PASS  std::isfinite(in.x)
  PASS  std::isfinite(in.y)
  PASS  std::isfinite(in.x)
  PASS  std::isfinite(in.y)
  PASS  std::isfinite(in.x)
  PASS  std::isfinite(in.y)
  PASS  std::isfinite(in.x)
  PASS  std::isfinite(in.y)
  PASS  std::isfinite(in.x)
  PASS  std::isfinite(in.y)
  PASS  std::isfinite(in.x)
  PASS  std::isfinite(in.y)
  PASS  std::isfinite(in.x)
  PASS  std::isfinite(in.y)
  PASS  std::isfinite(in.x)
  PASS  std::isfinite(in.y)
  PASS  std::isfinite(in.x)
  PASS  std::isfinite(in.y)
  PASS  std::isfinite(in.x)
  PASS  std::isfinite(in.y)
  PASS  std::isfinite(in.x)
  PASS  std::isfinite(in.y)
  PASS  std::isfinite(in.x)
  PASS  std::isfinite(in.y)
  PASS  std::isfinite(in.x)
  PASS  std::isfinite(in.y)
  PASS  std::isfinite(in.x)
  PASS  std::isfinite(in.y)
  PASS  std::isfinite(in.x)
  PASS  std::isfinite(in.y)
  PASS  std::isfinite(in.x)
  PASS  std::isfinite(in.y)
  PASS  std::isfinite(in.x)
  PASS  std::isfinite(in.y)
  PASS  std::isfinite(in.x)
  PASS  std::isfinite(in.y)
  PASS  std::isfinite(in.x)
  PASS  std::isfinite(in.y)
  PASS  std::isfinite(in.x)
  PASS  std::isfinite(in.y)
  PASS  std::isfinite(in.x)
  PASS  std::isfinite(in.y)
  PASS  std::isfinite(in.x)
  PASS  std::isfinite(in.y)
  PASS  std::isfinite(in.x)
  PASS  std::isfinite(in.y)
  PASS  std::isfinite(in.x)
  PASS  std::isfinite(in.y)
  PASS  std::isfinite(in.x)
  PASS  std::isfinite(in.y)
  PASS  std::isfinite(in.x)
  PASS  std::isfinite(in.y)
  PASS  std::isfinite(in.x)
  PASS  std::isfinite(in.y)
  PASS  std::isfinite(in.x)
  PASS  std::isfinite(in.y)
  PASS  std::isfinite(in.x)
  PASS  std::isfinite(in.y)
  PASS  std::isfinite(in.x)
  PASS  std::isfinite(in.y)
  PASS  std::isfinite(in.x)
  PASS  std::isfinite(in.y)
  PASS  std::isfinite(in.x)
  PASS  std::isfinite(in.y)
  PASS  std::isfinite(in.x)
  PASS  std::isfinite(in.y)
  PASS  std::isfinite(in.x)
  PASS  std::isfinite(in.y)
  PASS  std::isfinite(in.x)
  PASS  std::isfinite(in.y)
  PASS  std::isfinite(in.x)
  PASS  std::isfinite(in.y)
  PASS  std::isfinite(in.x)
  PASS  std::isfinite(in.y)
  PASS  std::isfinite(in.x)
  PASS  std::isfinite(in.y)
  PASS  std::isfinite(in.x)
  PASS  std::isfinite(in.y)
  PASS  std::isfinite(in.x)
  PASS  std::isfinite(in.y)
  PASS  std::isfinite(in.x)
  PASS  std::isfinite(in.y)
  PASS  std::isfinite(in.x)
  PASS  std::isfinite(in.y)
  PASS  std::isfinite(in.x)
  PASS  std::isfinite(in.y)
  PASS  std::isfinite(in.x)
  PASS  std::isfinite(in.y)
  PASS  std::isfinite(in.x)
  PASS  std::isfinite(in.y)
  PASS  std::isfinite(in.x)
  PASS  std::isfinite(in.y)
  PASS  std::isfinite(in.x)
  PASS  std::isfinite(in.y)
  PASS  std::isfinite(in.x)
  PASS  std::isfinite(in.y)
  PASS  std::isfinite(in.x)
  PASS  std::isfinite(in.y)
  PASS  std::isfinite(in.x)
  PASS  std::isfinite(in.y)
  PASS  std::isfinite(in.x)
  PASS  std::isfinite(in.y)
  PASS  std::isfinite(in.x)
  PASS  std::isfinite(in.y)
  PASS  std::isfinite(in.x)
  PASS  std::isfinite(in.y)
  PASS  std::isfinite(in.x)
  PASS  std::isfinite(in.y)
  PASS  std::isfinite(in.x)
  PASS  std::isfinite(in.y)
  PASS  std::isfinite(in.x)
  PASS  std::isfinite(in.y)
  PASS  std::isfinite(in.x)
  PASS  std::isfinite(in.y)
  PASS  std::isfinite(in.x)
  PASS  std::isfinite(in.y)
  PASS  std::isfinite(in.x)
  PASS  std::isfinite(in.y)
  PASS  std::isfinite(in.x)
  PASS  std::isfinite(in.y)
  PASS  std::isfinite(in.x)
  PASS  std::isfinite(in.y)
  PASS  std::isfinite(in.x)
  PASS  std::isfinite(in.y)
  PASS  std::isfinite(in.x)
  PASS  std::isfinite(in.y)
  PASS  std::isfinite(in.x)
  PASS  std::isfinite(in.y)
  PASS  std::isfinite(in.x)
  PASS  std::isfinite(in.y)
  PASS  std::isfinite(in.x)
  PASS  std::isfinite(in.y)
  PASS  std::isfinite(in.x)
  PASS  std::isfinite(in.y)
  PASS  std::isfinite(in.x)
  PASS  std::isfinite(in.y)
  PASS  std::isfinite(in.x)
  PASS  std::isfinite(in.y)
  PASS  std::isfinite(in.x)
  PASS  std::isfinite(in.y)
  PASS  std::isfinite(in.x)
  PASS  std::isfinite(in.y)
  PASS  std::isfinite(in.x)
  PASS  std::isfinite(in.y)
  PASS  std::isfinite(in.x)
  PASS  std::isfinite(in.y)
  PASS  std::isfinite(in.x)
  PASS  std::isfinite(in.y)
  PASS  std::isfinite(in.x)
  PASS  std::isfinite(in.y)
  PASS  std::isfinite(in.x)
  PASS  std::isfinite(in.y)
  PASS  std::isfinite(in.x)
  PASS  std::isfinite(in.y)
  PASS  std::isfinite(in.x)
  PASS  std::isfinite(in.y)
  PASS  std::isfinite(in.x)
  PASS  std::isfinite(in.y)
  PASS  std::isfinite(in.x)
  PASS  std::isfinite(in.y)
  PASS  std::isfinite(in.x)
  PASS  std::isfinite(in.y)
  PASS  std::isfinite(in.x)
  PASS  std::isfinite(in.y)
  PASS  std::isfinite(in.x)
  PASS  std::isfinite(in.y)
  PASS  std::isfinite(in.x)
  PASS  std::isfinite(in.y)
  PASS  std::isfinite(in.x)
  PASS  std::isfinite(in.y)
  PASS  std::isfinite(in.x)
  PASS  std::isfinite(in.y)
  PASS  std::isfinite(in.x)
  PASS  std::isfinite(in.y)
  PASS  std::isfinite(in.x)
  PASS  std::isfinite(in.y)
  PASS  std::isfinite(in.x)
  PASS  std::isfinite(in.y)
  PASS  std::isfinite(in.x)
  PASS  std::isfinite(in.y)
  PASS  std::isfinite(in.x)
  PASS  std::isfinite(in.y)
  PASS  std::isfinite(in.x)
  PASS  std::isfinite(in.y)
  PASS  std::isfinite(in.x)
  PASS  std::isfinite(in.y)
  PASS  std::isfinite(in.x)
  PASS  std::isfinite(in.y)
  PASS  std::isfinite(in.x)
  PASS  std::isfinite(in.y)
  PASS  std::isfinite(in.x)
  PASS  std::isfinite(in.y)
  PASS  std::isfinite(in.x)
  PASS  std::isfinite(in.y)
  PASS  std::isfinite(in.x)
  PASS  std::isfinite(in.y)
  PASS  std::isfinite(in.x)
  PASS  std::isfinite(in.y)
  PASS  std::isfinite(in.x)
  PASS  std::isfinite(in.y)
  PASS  std::isfinite(in.x)
  PASS  std::isfinite(in.y)
  PASS  std::isfinite(in.x)
  PASS  std::isfinite(in.y)
  PASS  std::isfinite(in.x)
  PASS  std::isfinite(in.y)
  PASS  std::isfinite(in.x)
  PASS  std::isfinite(in.y)
  PASS  std::isfinite(in.x)
  PASS  std::isfinite(in.y)
  PASS  std::isfinite(in.x)
  PASS  std::isfinite(in.y)
  PASS  std::isfinite(in.x)
  PASS  std::isfinite(in.y)
  PASS  std::isfinite(in.x)
  PASS  std::isfinite(in.y)
  PASS  std::isfinite(in.x)
  PASS  std::isfinite(in.y)
  PASS  std::isfinite(in.x)
  PASS  std::isfinite(in.y)
  PASS  std::isfinite(in.x)
  PASS  std::isfinite(in.y)
  PASS  std::isfinite(in.x)
  PASS  std::isfinite(in.y)
  PASS  std::isfinite(in.x)
  PASS  std::isfinite(in.y)
  PASS  std::isfinite(in.x)
  PASS  std::isfinite(in.y)
  PASS  std::isfinite(in.x)
  PASS  std::isfinite(in.y)
  PASS  std::isfinite(in.x)
  PASS  std::isfinite(in.y)
  PASS  std::isfinite(in.x)
  PASS  std::isfinite(in.y)
  PASS  std::isfinite(in.x)
  PASS  std::isfinite(in.y)
  PASS  std::isfinite(in.x)
  PASS  std::isfinite(in.y)
  PASS  std::isfinite(in.x)
  PASS  std::isfinite(in.y)
  PASS  std::isfinite(in.x)
  PASS  std::isfinite(in.y)
  PASS  std::isfinite(in.x)
  PASS  std::isfinite(in.y)
  PASS  std::isfinite(in.x)
  PASS  std::isfinite(in.y)
  PASS  std::isfinite(in.x)
  PASS  std::isfinite(in.y)
  PASS  std::isfinite(in.x)
  PASS  std::isfinite(in.y)
  PASS  std::isfinite(in.x)
  PASS  std::isfinite(in.y)
  PASS  std::isfinite(in.x)
  PASS  std::isfinite(in.y)
  PASS  std::isfinite(in.x)
  PASS  std::isfinite(in.y)
  PASS  std::isfinite(in.x)
  PASS  std::isfinite(in.y)
  PASS  std::isfinite(in.x)
  PASS  std::isfinite(in.y)
  PASS  std::isfinite(in.x)
  PASS  std::isfinite(in.y)
  PASS  std::isfinite(in.x)
  PASS  std::isfinite(in.y)
  PASS  std::isfinite(in.x)
  PASS  std::isfinite(in.y)
  PASS  std::isfinite(in.x)
  PASS  std::isfinite(in.y)
  PASS  std::isfinite(in.x)
  PASS  std::isfinite(in.y)
  PASS  std::isfinite(in.x)
  PASS  std::isfinite(in.y)
  PASS  std::isfinite(in.x)
  PASS  std::isfinite(in.y)
  PASS  std::isfinite(in.x)
  PASS  std::isfinite(in.y)
  PASS  std::isfinite(in.x)
  PASS  std::isfinite(in.y)
  PASS  std::isfinite(in.x)
  PASS  std::isfinite(in.y)
  PASS  std::isfinite(in.x)
  PASS  std::isfinite(in.y)
  PASS  std::isfinite(in.x)
  PASS  std::isfinite(in.y)
  PASS  std::isfinite(in.x)
  PASS  std::isfinite(in.y)
  PASS  std::isfinite(in.x)
  PASS  std::isfinite(in.y)
  PASS  std::isfinite(in.x)
  PASS  std::isfinite(in.y)
  PASS  std::isfinite(in.x)
  PASS  std::isfinite(in.y)
  PASS  std::isfinite(in.x)
  PASS  std::isfinite(in.y)
  PASS  std::isfinite(in.x)
  PASS  std::isfinite(in.y)
  PASS  std::isfinite(in.x)
  PASS  std::isfinite(in.y)
  PASS  std::isfinite(in.x)
  PASS  std::isfinite(in.y)
  PASS  std::isfinite(in.x)
  PASS  std::isfinite(in.y)
  PASS  std::isfinite(in.x)
  PASS  std::isfinite(in.y)
  PASS  std::isfinite(in.x)
  PASS  std::isfinite(in.y)
  PASS  std::isfinite(in.x)
  PASS  std::isfinite(in.y)
  PASS  std::isfinite(in.x)
  PASS  std::isfinite(in.y)
  PASS  std::isfinite(in.x)
  PASS  std::isfinite(in.y)
  PASS  std::isfinite(in.x)
  PASS  std::isfinite(in.y)
  PASS  std::isfinite(in.x)
  PASS  std::isfinite(in.y)
  PASS  std::isfinite(in.x)
  PASS  std::isfinite(in.y)
  PASS  std::isfinite(in.x)
  PASS  std::isfinite(in.y)
  PASS  std::isfinite(in.x)
  PASS  std::isfinite(in.y)
  PASS  std::isfinite(in.x)
  PASS  std::isfinite(in.y)
  PASS  std::isfinite(in.x)
  PASS  std::isfinite(in.y)
  PASS  std::isfinite(in.x)
  PASS  std::isfinite(in.y)
  PASS  std::isfinite(in.x)
  PASS  std::isfinite(in.y)
  PASS  std::isfinite(in.x)
  PASS  std::isfinite(in.y)
  PASS  std::isfinite(in.x)
  PASS  std::isfinite(in.y)
  PASS  std::isfinite(in.x)
  PASS  std::isfinite(in.y)
  PASS  std::isfinite(in.x)
  PASS  std::isfinite(in.y)
  PASS  std::isfinite(in.x)
  PASS  std::isfinite(in.y)
  PASS  std::isfinite(in.x)
  PASS  std::isfinite(in.y)
  PASS  std::isfinite(in.x)
  PASS  std::isfinite(in.y)
  PASS  std::isfinite(in.x)
  PASS  std::isfinite(in.y)
  PASS  std::isfinite(in.x)
  PASS  std::isfinite(in.y)
  PASS  std::isfinite(in.x)
  PASS  std::isfinite(in.y)
  PASS  std::isfinite(in.x)
  PASS  std::isfinite(in.y)
  PASS  std::isfinite(in.x)
  PASS  std::isfinite(in.y)
  PASS  std::isfinite(in.x)
  PASS  std::isfinite(in.y)
  PASS  std::isfinite(in.x)
  PASS  std::isfinite(in.y)
  PASS  std::isfinite(in.x)
  PASS  std::isfinite(in.y)
  PASS  std::isfinite(in.x)
  PASS  std::isfinite(in.y)
  PASS  std::isfinite(in.x)
  PASS  std::isfinite(in.y)
  PASS  std::isfinite(in.x)
  PASS  std::isfinite(in.y)
  PASS  std::isfinite(in.x)
  PASS  std::isfinite(in.y)
  PASS  std::isfinite(in.x)
  PASS  std::isfinite(in.y)
  PASS  std::isfinite(in.x)
  PASS  std::isfinite(in.y)
  PASS  std::isfinite(in.x)
  PASS  std::isfinite(in.y)
  PASS  std::isfinite(in.x)
  PASS  std::isfinite(in.y)
  PASS  std::isfinite(in.x)
  PASS  std::isfinite(in.y)
  PASS  std::isfinite(in.x)
  PASS  std::isfinite(in.y)
  PASS  std::isfinite(in.x)
  PASS  std::isfinite(in.y)
  PASS  std::isfinite(in.x)
  PASS  std::isfinite(in.y)
  PASS  std::isfinite(in.x)
  PASS  std::isfinite(in.y)
  PASS  std::isfinite(in.x)
  PASS  std::isfinite(in.y)
  PASS  std::isfinite(in.x)
  PASS  std::isfinite(in.y)
  PASS  std::isfinite(in.x)
  PASS  std::isfinite(in.y)
  PASS  std::isfinite(in.x)
  PASS  std::isfinite(in.y)
  PASS  std::isfinite(in.x)
  PASS  std::isfinite(in.y)
  PASS  std::isfinite(in.x)
  PASS  std::isfinite(in.y)
  PASS  std::isfinite(in.x)
  PASS  std::isfinite(in.y)
  PASS  std::isfinite(in.x)
  PASS  std::isfinite(in.y)
  PASS  std::isfinite(in.x)
  PASS  std::isfinite(in.y)
  PASS  std::isfinite(in.x)
  PASS  std::isfinite(in.y)
  PASS  std::isfinite(in.x)
  PASS  std::isfinite(in.y)
  PASS  std::isfinite(in.x)
  PASS  std::isfinite(in.y)
  PASS  std::isfinite(in.x)
  PASS  std::isfinite(in.y)
  PASS  std::isfinite(in.x)
  PASS  std::isfinite(in.y)
  PASS  std::isfinite(in.x)
  PASS  std::isfinite(in.y)
  PASS  std::isfinite(in.x)
  PASS  std::isfinite(in.y)
  PASS  std::isfinite(in.x)
  PASS  std::isfinite(in.y)
  PASS  std::isfinite(in.x)
  PASS  std::isfinite(in.y)
  PASS  std::isfinite(in.x)
  PASS  std::isfinite(in.y)
  PASS  std::isfinite(in.x)
  PASS  std::isfinite(in.y)
  PASS  std::isfinite(in.x)
  PASS  std::isfinite(in.y)
  PASS  std::isfinite(in.x)
  PASS  std::isfinite(in.y)
  PASS  std::isfinite(in.x)
  PASS  std::isfinite(in.y)
  PASS  std::isfinite(in.x)
  PASS  std::isfinite(in.y)
  PASS  std::isfinite(in.x)
  PASS  std::isfinite(in.y)
  PASS  std::isfinite(in.x)
  PASS  std::isfinite(in.y)
  PASS  std::isfinite(in.x)
  PASS  std::isfinite(in.y)
  PASS  std::isfinite(in.x)
  PASS  std::isfinite(in.y)
  PASS  std::isfinite(in.x)
  PASS  std::isfinite(in.y)
  PASS  std::isfinite(in.x)
  PASS  std::isfinite(in.y)
  PASS  std::isfinite(in.x)
  PASS  std::isfinite(in.y)
  PASS  std::isfinite(in.x)
  PASS  std::isfinite(in.y)
  PASS  std::isfinite(in.x)
  PASS  std::isfinite(in.y)
  PASS  std::isfinite(in.x)
  PASS  std::isfinite(in.y)
  PASS  std::isfinite(in.x)
  PASS  std::isfinite(in.y)
  PASS  std::isfinite(in.x)
  PASS  std::isfinite(in.y)
  PASS  std::isfinite(in.x)
  PASS  std::isfinite(in.y)
  PASS  std::isfinite(in.x)
  PASS  std::isfinite(in.y)
  PASS  std::isfinite(in.x)
  PASS  std::isfinite(in.y)
  PASS  std::isfinite(in.x)
  PASS  std::isfinite(in.y)
  PASS  std::isfinite(in.x)
  PASS  std::isfinite(in.y)
  PASS  std::isfinite(in.x)
  PASS  std::isfinite(in.y)
  PASS  std::isfinite(in.x)
  PASS  std::isfinite(in.y)
  PASS  std::isfinite(in.x)
  PASS  std::isfinite(in.y)
  PASS  std::isfinite(in.x)
  PASS  std::isfinite(in.y)
  PASS  std::isfinite(in.x)
  PASS  std::isfinite(in.y)
  PASS  std::isfinite(in.x)
  PASS  std::isfinite(in.y)
  PASS  std::isfinite(in.x)
  PASS  std::isfinite(in.y)
  PASS  std::isfinite(in.x)
  PASS  std::isfinite(in.y)
  PASS  std::isfinite(in.x)
  PASS  std::isfinite(in.y)
  PASS  std::isfinite(in.x)
  PASS  std::isfinite(in.y)
  PASS  std::isfinite(in.x)
  PASS  std::isfinite(in.y)
  PASS  std::isfinite(in.x)
  PASS  std::isfinite(in.y)
  PASS  std::isfinite(in.x)
  PASS  std::isfinite(in.y)
  PASS  std::isfinite(in.x)
  PASS  std::isfinite(in.y)
  PASS  std::isfinite(in.x)
  PASS  std::isfinite(in.y)
  PASS  std::isfinite(in.x)
  PASS  std::isfinite(in.y)
  PASS  std::isfinite(in.x)
  PASS  std::isfinite(in.y)
  PASS  std::isfinite(in.x)
  PASS  std::isfinite(in.y)
  PASS  std::isfinite(in.x)
  PASS  std::isfinite(in.y)
  PASS  std::isfinite(in.x)
  PASS  std::isfinite(in.y)
  PASS  std::isfinite(in.x)
  PASS  std::isfinite(in.y)
  PASS  std::isfinite(in.x)
  PASS  std::isfinite(in.y)
  PASS  std::isfinite(in.x)
  PASS  std::isfinite(in.y)
  PASS  std::isfinite(in.x)
  PASS  std::isfinite(in.y)
  PASS  std::isfinite(in.x)
  PASS  std::isfinite(in.y)
  PASS  std::isfinite(in.x)
  PASS  std::isfinite(in.y)
  PASS  std::isfinite(in.x)
  PASS  std::isfinite(in.y)
  PASS  std::isfinite(in.x)
  PASS  std::isfinite(in.y)
  PASS  std::isfinite(in.x)
  PASS  std::isfinite(in.y)
  PASS  std::isfinite(in.x)
  PASS  std::isfinite(in.y)
  PASS  std::isfinite(in.x)
  PASS  std::isfinite(in.y)
  PASS  std::isfinite(in.x)
  PASS  std::isfinite(in.y)
  PASS  std::isfinite(in.x)
  PASS  std::isfinite(in.y)
  PASS  std::isfinite(in.x)
  PASS  std::isfinite(in.y)
  PASS  std::isfinite(in.x)
  PASS  std::isfinite(in.y)
  PASS  std::isfinite(in.x)
  PASS  std::isfinite(in.y)
  PASS  std::isfinite(in.x)
  PASS  std::isfinite(in.y)
  PASS  std::isfinite(in.x)
  PASS  std::isfinite(in.y)
  PASS  std::isfinite(in.x)
  PASS  std::isfinite(in.y)
  PASS  std::isfinite(in.x)
  PASS  std::isfinite(in.y)
  PASS  std::isfinite(in.x)
  PASS  std::isfinite(in.y)
  PASS  std::isfinite(in.x)
  PASS  std::isfinite(in.y)
  PASS  std::isfinite(in.x)
  PASS  std::isfinite(in.y)
  PASS  std::isfinite(in.x)
  PASS  std::isfinite(in.y)
  PASS  std::isfinite(in.x)
  PASS  std::isfinite(in.y)
  PASS  std::isfinite(in.x)
  PASS  std::isfinite(in.y)
  PASS  std::isfinite(in.x)
  PASS  std::isfinite(in.y)
  PASS  std::isfinite(in.x)
  PASS  std::isfinite(in.y)
  PASS  std::isfinite(in.x)
  PASS  std::isfinite(in.y)
  PASS  std::isfinite(in.x)
  PASS  std::isfinite(in.y)
  PASS  std::isfinite(in.x)
  PASS  std::isfinite(in.y)
  PASS  std::isfinite(in.x)
  PASS  std::isfinite(in.y)
  PASS  std::isfinite(in.x)
  PASS  std::isfinite(in.y)
  PASS  std::isfinite(in.x)
  PASS  std::isfinite(in.y)
  PASS  std::isfinite(in.x)
  PASS  std::isfinite(in.y)
  PASS  std::isfinite(in.x)
  PASS  std::isfinite(in.y)
  PASS  std::isfinite(in.x)
  PASS  std::isfinite(in.y)
  PASS  std::isfinite(in.x)
  PASS  std::isfinite(in.y)
  PASS  std::isfinite(in.x)
  PASS  std::isfinite(in.y)
  PASS  std::isfinite(in.x)
  PASS  std::isfinite(in.y)
  PASS  std::isfinite(in.x)
  PASS  std::isfinite(in.y)
  PASS  std::isfinite(in.x)
  PASS  std::isfinite(in.y)
  PASS  std::isfinite(in.x)
  PASS  std::isfinite(in.y)
  PASS  std::isfinite(in.x)
  PASS  std::isfinite(in.y)
  PASS  std::isfinite(in.x)
  PASS  std::isfinite(in.y)
  PASS  std::isfinite(in.x)
  PASS  std::isfinite(in.y)
  PASS  std::isfinite(in.x)
  PASS  std::isfinite(in.y)
  PASS  std::isfinite(in.x)
  PASS  std::isfinite(in.y)
  PASS  std::isfinite(in.x)
  PASS  std::isfinite(in.y)
  PASS  std::isfinite(in.x)
  PASS  std::isfinite(in.y)
  PASS  std::isfinite(in.x)
  PASS  std::isfinite(in.y)
  PASS  std::isfinite(in.x)
  PASS  std::isfinite(in.y)
  PASS  std::isfinite(in.x)
  PASS  std::isfinite(in.y)
  PASS  std::isfinite(in.x)
  PASS  std::isfinite(in.y)
  PASS  std::isfinite(in.x)
  PASS  std::isfinite(in.y)
  PASS  std::isfinite(in.x)
  PASS  std::isfinite(in.y)
  PASS  std::isfinite(in.x)
  PASS  std::isfinite(in.y)
  PASS  std::isfinite(in.x)
  PASS  std::isfinite(in.y)
  PASS  std::isfinite(in.x)
  PASS  std::isfinite(in.y)
  PASS  std::isfinite(in.x)
  PASS  std::isfinite(in.y)
  PASS  std::isfinite(in.x)
  PASS  std::isfinite(in.y)
  PASS  std::isfinite(in.x)
  PASS  std::isfinite(in.y)
  PASS  std::isfinite(in.x)
  PASS  std::isfinite(in.y)
  PASS  std::isfinite(in.x)
  PASS  std::isfinite(in.y)
  PASS  std::isfinite(in.x)
  PASS  std::isfinite(in.y)
  PASS  std::isfinite(in.x)
  PASS  std::isfinite(in.y)
  PASS  std::isfinite(in.x)
  PASS  std::isfinite(in.y)
  PASS  std::isfinite(in.x)
  PASS  std::isfinite(in.y)
  PASS  std::isfinite(in.x)
  PASS  std::isfinite(in.y)
  PASS  std::isfinite(in.x)
  PASS  std::isfinite(in.y)
  PASS  std::isfinite(in.x)
  PASS  std::isfinite(in.y)
  PASS  std::isfinite(in.x)
  PASS  std::isfinite(in.y)
  PASS  std::isfinite(in.x)
  PASS  std::isfinite(in.y)
  PASS  std::isfinite(in.x)
  PASS  std::isfinite(in.y)
  PASS  std::isfinite(in.x)
  PASS  std::isfinite(in.y)
  PASS  std::isfinite(in.x)
  PASS  std::isfinite(in.y)
  PASS  std::isfinite(in.x)
  PASS  std::isfinite(in.y)
  PASS  std::isfinite(in.x)
  PASS  std::isfinite(in.y)
  PASS  std::isfinite(in.x)
  PASS  std::isfinite(in.y)
  PASS  std::isfinite(in.x)
  PASS  std::isfinite(in.y)
  PASS  std::isfinite(in.x)
  PASS  std::isfinite(in.y)
  PASS  std::isfinite(in.x)
  PASS  std::isfinite(in.y)
  PASS  std::isfinite(in.x)
  PASS  std::isfinite(in.y)
  PASS  std::isfinite(in.x)
  PASS  std::isfinite(in.y)
  PASS  std::isfinite(in.x)
  PASS  std::isfinite(in.y)
  PASS  std::isfinite(in.x)
  PASS  std::isfinite(in.y)
  PASS  std::isfinite(in.x)
  PASS  std::isfinite(in.y)
  PASS  std::isfinite(in.x)
  PASS  std::isfinite(in.y)
  PASS  std::isfinite(in.x)
  PASS  std::isfinite(in.y)
  PASS  std::isfinite(in.x)
  PASS  std::isfinite(in.y)
  PASS  std::isfinite(in.x)
  PASS  std::isfinite(in.y)
  PASS  std::isfinite(in.x)
  PASS  std::isfinite(in.y)
  PASS  std::isfinite(in.x)
  PASS  std::isfinite(in.y)
  PASS  std::isfinite(in.x)
  PASS  std::isfinite(in.y)
  PASS  std::isfinite(in.x)
  PASS  std::isfinite(in.y)
  PASS  std::isfinite(in.x)
  PASS  std::isfinite(in.y)
  PASS  std::isfinite(in.x)
  PASS  std::isfinite(in.y)
  PASS  std::isfinite(in.x)
  PASS  std::isfinite(in.y)
  PASS  std::isfinite(in.x)
  PASS  std::isfinite(in.y)
  PASS  std::isfinite(in.x)
  PASS  std::isfinite(in.y)
  PASS  std::isfinite(in.x)
  PASS  std::isfinite(in.y)
  PASS  std::isfinite(in.x)
  PASS  std::isfinite(in.y)
  PASS  std::isfinite(in.x)
  PASS  std::isfinite(in.y)
  PASS  std::isfinite(in.x)
  PASS  std::isfinite(in.y)
  PASS  std::isfinite(in.x)
  PASS  std::isfinite(in.y)
  PASS  std::isfinite(in.x)
  PASS  std::isfinite(in.y)
  PASS  std::isfinite(in.x)
  PASS  std::isfinite(in.y)
  PASS  std::isfinite(in.x)
  PASS  std::isfinite(in.y)
  PASS  std::isfinite(in.x)
  PASS  std::isfinite(in.y)
  PASS  std::isfinite(in.x)
  PASS  std::isfinite(in.y)
  PASS  std::isfinite(in.x)
  PASS  std::isfinite(in.y)
  PASS  std::isfinite(in.x)
  PASS  std::isfinite(in.y)
  PASS  std::isfinite(in.x)
  PASS  std::isfinite(in.y)
  PASS  std::isfinite(in.x)
  PASS  std::isfinite(in.y)
  PASS  std::isfinite(in.x)
  PASS  std::isfinite(in.y)
  PASS  std::isfinite(in.x)
  PASS  std::isfinite(in.y)
  PASS  std::isfinite(in.x)
  PASS  std::isfinite(in.y)
  PASS  std::isfinite(in.x)
  PASS  std::isfinite(in.y)
  PASS  std::isfinite(in.x)
  PASS  std::isfinite(in.y)
  PASS  std::isfinite(in.x)
  PASS  std::isfinite(in.y)
  PASS  std::isfinite(in.x)
  PASS  std::isfinite(in.y)
  PASS  std::isfinite(in.x)
  PASS  std::isfinite(in.y)
  PASS  std::isfinite(in.x)
  PASS  std::isfinite(in.y)
  PASS  std::isfinite(in.x)
  PASS  std::isfinite(in.y)
  PASS  std::isfinite(in.x)
  PASS  std::isfinite(in.y)
  PASS  std::isfinite(in.x)
  PASS  std::isfinite(in.y)
  PASS  std::isfinite(in.x)
  PASS  std::isfinite(in.y)
  PASS  std::isfinite(in.x)
  PASS  std::isfinite(in.y)
  PASS  std::isfinite(in.x)
  PASS  std::isfinite(in.y)
  PASS  std::isfinite(in.x)
  PASS  std::isfinite(in.y)
  PASS  std::isfinite(in.x)
  PASS  std::isfinite(in.y)
  PASS  std::isfinite(in.x)
  PASS  std::isfinite(in.y)
  PASS  std::isfinite(in.x)
  PASS  std::isfinite(in.y)
  PASS  std::isfinite(in.x)
  PASS  std::isfinite(in.y)
  PASS  std::isfinite(in.x)
  PASS  std::isfinite(in.y)
  PASS  std::isfinite(in.x)
  PASS  std::isfinite(in.y)
  PASS  std::isfinite(in.x)
  PASS  std::isfinite(in.y)
  PASS  std::isfinite(in.x)
  PASS  std::isfinite(in.y)
  PASS  std::isfinite(in.x)
  PASS  std::isfinite(in.y)
  PASS  std::isfinite(in.x)
  PASS  std::isfinite(in.y)
  PASS  std::isfinite(in.x)
  PASS  std::isfinite(in.y)
  PASS  std::isfinite(in.x)
  PASS  std::isfinite(in.y)
  PASS  std::isfinite(in.x)
  PASS  std::isfinite(in.y)
  PASS  std::isfinite(in.x)
  PASS  std::isfinite(in.y)
  PASS  std::isfinite(in.x)
  PASS  std::isfinite(in.y)
  PASS  std::isfinite(in.x)
  PASS  std::isfinite(in.y)
  PASS  std::isfinite(in.x)
  PASS  std::isfinite(in.y)
  PASS  std::isfinite(in.x)
  PASS  std::isfinite(in.y)
  PASS  std::isfinite(in.x)
  PASS  std::isfinite(in.y)
  PASS  std::isfinite(in.x)
  PASS  std::isfinite(in.y)
  PASS  std::isfinite(in.x)
  PASS  std::isfinite(in.y)
  PASS  std::isfinite(in.x)
  PASS  std::isfinite(in.y)
  PASS  std::isfinite(in.x)
  PASS  std::isfinite(in.y)
  PASS  std::isfinite(in.x)
  PASS  std::isfinite(in.y)
  PASS  std::isfinite(in.x)
  PASS  std::isfinite(in.y)
  PASS  std::isfinite(in.x)
  PASS  std::isfinite(in.y)
  PASS  std::isfinite(in.x)
  PASS  std::isfinite(in.y)
  PASS  std::isfinite(in.x)
  PASS  std::isfinite(in.y)
  PASS  std::isfinite(in.x)
  PASS  std::isfinite(in.y)
  PASS  std::isfinite(in.x)
  PASS  std::isfinite(in.y)
  PASS  std::isfinite(in.x)
  PASS  std::isfinite(in.y)
  PASS  std::isfinite(in.x)
  PASS  std::isfinite(in.y)
  PASS  std::isfinite(in.x)
  PASS  std::isfinite(in.y)
  PASS  std::isfinite(in.x)
  PASS  std::isfinite(in.y)
  PASS  std::isfinite(in.x)
  PASS  std::isfinite(in.y)
  PASS  std::isfinite(in.x)
  PASS  std::isfinite(in.y)
  PASS  std::isfinite(in.x)
  PASS  std::isfinite(in.y)
  PASS  std::isfinite(in.x)
  PASS  std::isfinite(in.y)
  PASS  std::isfinite(in.x)
  PASS  std::isfinite(in.y)
  PASS  std::isfinite(in.x)
  PASS  std::isfinite(in.y)
  PASS  std::isfinite(in.x)
  PASS  std::isfinite(in.y)
  PASS  std::isfinite(in.x)
  PASS  std::isfinite(in.y)
  PASS  std::isfinite(in.x)
  PASS  std::isfinite(in.y)
  PASS  std::isfinite(in.x)
  PASS  std::isfinite(in.y)
  PASS  std::isfinite(in.x)
  PASS  std::isfinite(in.y)
  PASS  std::isfinite(in.x)
  PASS  std::isfinite(in.y)
  PASS  std::isfinite(in.x)
  PASS  std::isfinite(in.y)
  PASS  std::isfinite(in.x)
  PASS  std::isfinite(in.y)
  PASS  std::isfinite(in.x)
  PASS  std::isfinite(in.y)
  PASS  std::isfinite(in.x)
  PASS  std::isfinite(in.y)
  PASS  std::isfinite(in.x)
  PASS  std::isfinite(in.y)
  PASS  std::isfinite(in.x)
  PASS  std::isfinite(in.y)
  PASS  std::isfinite(in.x)
  PASS  std::isfinite(in.y)
  PASS  std::isfinite(in.x)
  PASS  std::isfinite(in.y)
  PASS  std::isfinite(in.x)
  PASS  std::isfinite(in.y)
  PASS  std::isfinite(in.x)
  PASS  std::isfinite(in.y)
  PASS  std::isfinite(in.x)
  PASS  std::isfinite(in.y)
  PASS  std::isfinite(in.x)
  PASS  std::isfinite(in.y)
  PASS  std::isfinite(in.x)
  PASS  std::isfinite(in.y)
  PASS  std::isfinite(in.x)
  PASS  std::isfinite(in.y)
  PASS  std::isfinite(in.x)
  PASS  std::isfinite(in.y)
  PASS  std::isfinite(in.x)
  PASS  std::isfinite(in.y)
  PASS  std::isfinite(in.x)
  PASS  std::isfinite(in.y)
  PASS  std::isfinite(in.x)
  PASS  std::isfinite(in.y)
  PASS  std::isfinite(in.x)
  PASS  std::isfinite(in.y)
  PASS  std::isfinite(in.x)
  PASS  std::isfinite(in.y)
  PASS  std::isfinite(in.x)
  PASS  std::isfinite(in.y)
  PASS  std::isfinite(in.x)
  PASS  std::isfinite(in.y)
  PASS  std::isfinite(in.x)
  PASS  std::isfinite(in.y)
  PASS  std::isfinite(in.x)
  PASS  std::isfinite(in.y)
  PASS  std::isfinite(in.x)
  PASS  std::isfinite(in.y)
  PASS  std::isfinite(in.x)
  PASS  std::isfinite(in.y)
  PASS  std::isfinite(in.x)
  PASS  std::isfinite(in.y)
  PASS  std::isfinite(in.x)
  PASS  std::isfinite(in.y)
  PASS  std::isfinite(in.x)
  PASS  std::isfinite(in.y)
  PASS  std::isfinite(in.x)
  PASS  std::isfinite(in.y)
  PASS  std::isfinite(in.x)
  PASS  std::isfinite(in.y)
  PASS  std::isfinite(in.x)
  PASS  std::isfinite(in.y)
  PASS  std::isfinite(in.x)
  PASS  std::isfinite(in.y)
  PASS  std::isfinite(in.x)
  PASS  std::isfinite(in.y)
  PASS  std::isfinite(in.x)
  PASS  std::isfinite(in.y)
  PASS  std::isfinite(in.x)
  PASS  std::isfinite(in.y)
  PASS  std::isfinite(in.x)
  PASS  std::isfinite(in.y)
  PASS  std::isfinite(in.x)
  PASS  std::isfinite(in.y)
  PASS  std::isfinite(in.x)
  PASS  std::isfinite(in.y)
  PASS  std::isfinite(in.x)
  PASS  std::isfinite(in.y)
  PASS  std::isfinite(in.x)
  PASS  std::isfinite(in.y)
  PASS  std::isfinite(in.x)
  PASS  std::isfinite(in.y)
  PASS  std::isfinite(in.x)
  PASS  std::isfinite(in.y)
  PASS  std::isfinite(in.x)
  PASS  std::isfinite(in.y)
  PASS  std::isfinite(in.x)
  PASS  std::isfinite(in.y)
  PASS  std::isfinite(in.x)
  PASS  std::isfinite(in.y)
  PASS  std::isfinite(in.x)
  PASS  std::isfinite(in.y)
  PASS  std::isfinite(in.x)
  PASS  std::isfinite(in.y)
  PASS  std::isfinite(in.x)
  PASS  std::isfinite(in.y)
  PASS  std::isfinite(in.x)
  PASS  std::isfinite(in.y)
  PASS  std::isfinite(in.x)
  PASS  std::isfinite(in.y)
  PASS  std::isfinite(in.x)
  PASS  std::isfinite(in.y)
  PASS  std::isfinite(in.x)
  PASS  std::isfinite(in.y)
  PASS  std::isfinite(in.x)
  PASS  std::isfinite(in.y)
  PASS  std::isfinite(in.x)
  PASS  std::isfinite(in.y)
  PASS  std::isfinite(in.x)
  PASS  std::isfinite(in.y)
  PASS  std::isfinite(in.x)
  PASS  std::isfinite(in.y)
  PASS  std::isfinite(in.x)
  PASS  std::isfinite(in.y)
  PASS  std::isfinite(in.x)
  PASS  std::isfinite(in.y)
  PASS  std::isfinite(in.x)
  PASS  std::isfinite(in.y)
  PASS  std::isfinite(in.x)
  PASS  std::isfinite(in.y)
  PASS  std::isfinite(in.x)
  PASS  std::isfinite(in.y)
  PASS  std::isfinite(in.x)
  PASS  std::isfinite(in.y)
  PASS  std::isfinite(in.x)
  PASS  std::isfinite(in.y)
  PASS  std::isfinite(in.x)
  PASS  std::isfinite(in.y)
  PASS  std::isfinite(in.x)
  PASS  std::isfinite(in.y)
  PASS  std::isfinite(in.x)
  PASS  std::isfinite(in.y)
  PASS  std::isfinite(in.x)
  PASS  std::isfinite(in.y)
  PASS  std::isfinite(in.x)
  PASS  std::isfinite(in.y)
  PASS  std::isfinite(in.x)
  PASS  std::isfinite(in.y)
  PASS  std::isfinite(in.x)
  PASS  std::isfinite(in.y)
  PASS  std::isfinite(in.x)
  PASS  std::isfinite(in.y)
  PASS  std::isfinite(in.x)
  PASS  std::isfinite(in.y)
  PASS  std::isfinite(in.x)
  PASS  std::isfinite(in.y)
  PASS  std::isfinite(in.x)
  PASS  std::isfinite(in.y)
  PASS  std::isfinite(in.x)
  PASS  std::isfinite(in.y)
  PASS  std::isfinite(in.x)
  PASS  std::isfinite(in.y)
  PASS  std::isfinite(in.x)
  PASS  std::isfinite(in.y)
  PASS  std::isfinite(in.x)
  PASS  std::isfinite(in.y)
  PASS  std::isfinite(in.x)
  PASS  std::isfinite(in.y)
  PASS  std::isfinite(in.x)
  PASS  std::isfinite(in.y)
  PASS  std::isfinite(in.x)
  PASS  std::isfinite(in.y)
  PASS  std::isfinite(in.x)
  PASS  std::isfinite(in.y)
  PASS  std::isfinite(in.x)
  PASS  std::isfinite(in.y)
  PASS  std::isfinite(in.x)
  PASS  std::isfinite(in.y)
  PASS  std::isfinite(in.x)
  PASS  std::isfinite(in.y)
  PASS  std::isfinite(in.x)
  PASS  std::isfinite(in.y)
  PASS  std::isfinite(in.x)
  PASS  std::isfinite(in.y)
  PASS  std::isfinite(in.x)
  PASS  std::isfinite(in.y)
  PASS  std::isfinite(in.x)
  PASS  std::isfinite(in.y)
  PASS  std::isfinite(in.x)
  PASS  std::isfinite(in.y)
  PASS  std::isfinite(in.x)
  PASS  std::isfinite(in.y)
  PASS  std::isfinite(in.x)
  PASS  std::isfinite(in.y)
  PASS  std::isfinite(in.x)
  PASS  std::isfinite(in.y)
  PASS  std::isfinite(in.x)
  PASS  std::isfinite(in.y)
  PASS  std::isfinite(in.x)
  PASS  std::isfinite(in.y)
  PASS  std::isfinite(in.x)
  PASS  std::isfinite(in.y)
  PASS  std::isfinite(in.x)
  PASS  std::isfinite(in.y)
  PASS  std::isfinite(in.x)
  PASS  std::isfinite(in.y)
  PASS  std::isfinite(in.x)
  PASS  std::isfinite(in.y)
  PASS  std::isfinite(in.x)
  PASS  std::isfinite(in.y)
  PASS  std::isfinite(in.x)
  PASS  std::isfinite(in.y)
  PASS  std::isfinite(in.x)
  PASS  std::isfinite(in.y)
  PASS  std::isfinite(in.x)
  PASS  std::isfinite(in.y)
  PASS  std::isfinite(in.x)
  PASS  std::isfinite(in.y)
  PASS  std::isfinite(in.x)
  PASS  std::isfinite(in.y)
  PASS  std::isfinite(in.x)
  PASS  std::isfinite(in.y)
  PASS  std::isfinite(in.x)
  PASS  std::isfinite(in.y)
  PASS  std::isfinite(in.x)
  PASS  std::isfinite(in.y)
  PASS  std::isfinite(in.x)
  PASS  std::isfinite(in.y)
  PASS  std::isfinite(in.x)
  PASS  std::isfinite(in.y)
  PASS  std::isfinite(in.x)
  PASS  std::isfinite(in.y)
  PASS  std::isfinite(in.x)
  PASS  std::isfinite(in.y)
  PASS  std::isfinite(in.x)
  PASS  std::isfinite(in.y)
  PASS  std::isfinite(in.x)
  PASS  std::isfinite(in.y)
  PASS  std::isfinite(in.x)
  PASS  std::isfinite(in.y)
  PASS  std::isfinite(in.x)
  PASS  std::isfinite(in.y)
  PASS  std::isfinite(in.x)
  PASS  std::isfinite(in.y)
  PASS  std::isfinite(in.x)
  PASS  std::isfinite(in.y)
  PASS  std::isfinite(in.x)
  PASS  std::isfinite(in.y)
  PASS  std::isfinite(in.x)
  PASS  std::isfinite(in.y)
  PASS  std::isfinite(in.x)
  PASS  std::isfinite(in.y)
  PASS  std::isfinite(in.x)
  PASS  std::isfinite(in.y)
  PASS  std::isfinite(in.x)
  PASS  std::isfinite(in.y)
  PASS  std::isfinite(in.x)
  PASS  std::isfinite(in.y)
  PASS  std::isfinite(in.x)
  PASS  std::isfinite(in.y)
  PASS  std::isfinite(in.x)
  PASS  std::isfinite(in.y)
  PASS  std::isfinite(in.x)
  PASS  std::isfinite(in.y)
  PASS  std::isfinite(in.x)
  PASS  std::isfinite(in.y)
  PASS  std::isfinite(in.x)
  PASS  std::isfinite(in.y)
  PASS  std::isfinite(in.x)
  PASS  std::isfinite(in.y)
  PASS  std::isfinite(in.x)
  PASS  std::isfinite(in.y)
  PASS  std::isfinite(in.x)
  PASS  std::isfinite(in.y)
  PASS  std::isfinite(in.x)
  PASS  std::isfinite(in.y)
  PASS  std::isfinite(in.x)
  PASS  std::isfinite(in.y)
  PASS  std::isfinite(in.x)
  PASS  std::isfinite(in.y)
  PASS  std::isfinite(in.x)
  PASS  std::isfinite(in.y)
  PASS  std::isfinite(in.x)
  PASS  std::isfinite(in.y)
  PASS  std::isfinite(in.x)
  PASS  std::isfinite(in.y)
  PASS  std::isfinite(in.x)
  PASS  std::isfinite(in.y)
  PASS  std::isfinite(in.x)
  PASS  std::isfinite(in.y)
  PASS  std::isfinite(in.x)
  PASS  std::isfinite(in.y)
  PASS  std::isfinite(in.x)
  PASS  std::isfinite(in.y)
  PASS  std::isfinite(in.x)
  PASS  std::isfinite(in.y)
  PASS  std::isfinite(in.x)
  PASS  std::isfinite(in.y)
  PASS  std::isfinite(in.x)
  PASS  std::isfinite(in.y)
  PASS  std::isfinite(in.x)
  PASS  std::isfinite(in.y)
  PASS  std::isfinite(in.x)
  PASS  std::isfinite(in.y)
  PASS  std::isfinite(in.x)
  PASS  std::isfinite(in.y)
  PASS  std::isfinite(in.x)
  PASS  std::isfinite(in.y)
  PASS  std::isfinite(in.x)
  PASS  std::isfinite(in.y)
  PASS  std::isfinite(in.x)
  PASS  std::isfinite(in.y)
  PASS  std::isfinite(in.x)
  PASS  std::isfinite(in.y)
  PASS  std::isfinite(in.x)
  PASS  std::isfinite(in.y)
  PASS  std::isfinite(in.x)
  PASS  std::isfinite(in.y)
  PASS  std::isfinite(in.x)
  PASS  std::isfinite(in.y)
  PASS  std::isfinite(in.x)
  PASS  std::isfinite(in.y)
  PASS  std::isfinite(in.x)
  PASS  std::isfinite(in.y)
  PASS  std::isfinite(in.x)
  PASS  std::isfinite(in.y)
  PASS  std::isfinite(in.x)
  PASS  std::isfinite(in.y)
  PASS  std::isfinite(in.x)
  PASS  std::isfinite(in.y)
  PASS  std::isfinite(in.x)
  PASS  std::isfinite(in.y)
  PASS  std::isfinite(in.x)
  PASS  std::isfinite(in.y)
  PASS  std::isfinite(in.x)
  PASS  std::isfinite(in.y)
  PASS  std::isfinite(in.x)
  PASS  std::isfinite(in.y)
  PASS  std::isfinite(in.x)
  PASS  std::isfinite(in.y)
  PASS  std::isfinite(in.x)
  PASS  std::isfinite(in.y)
  PASS  std::isfinite(in.x)
  PASS  std::isfinite(in.y)
  PASS  std::isfinite(in.x)
  PASS  std::isfinite(in.y)
  PASS  std::isfinite(in.x)
  PASS  std::isfinite(in.y)
  PASS  std::isfinite(in.x)
  PASS  std::isfinite(in.y)
  PASS  std::isfinite(in.x)
  PASS  std::isfinite(in.y)
  PASS  std::isfinite(in.x)
  PASS  std::isfinite(in.y)
  PASS  std::isfinite(in.x)
  PASS  std::isfinite(in.y)
  PASS  std::isfinite(in.x)
  PASS  std::isfinite(in.y)
  PASS  std::isfinite(in.x)
  PASS  std::isfinite(in.y)
  PASS  std::isfinite(in.x)
  PASS  std::isfinite(in.y)
  PASS  std::isfinite(in.x)
  PASS  std::isfinite(in.y)
  PASS  std::isfinite(in.x)
  PASS  std::isfinite(in.y)
  PASS  std::isfinite(in.x)
  PASS  std::isfinite(in.y)
  PASS  std::isfinite(in.x)
  PASS  std::isfinite(in.y)
  PASS  std::isfinite(in.x)
  PASS  std::isfinite(in.y)
  PASS  std::isfinite(in.x)
  PASS  std::isfinite(in.y)
  PASS  std::isfinite(in.x)
  PASS  std::isfinite(in.y)
  PASS  std::isfinite(in.x)
  PASS  std::isfinite(in.y)
  PASS  std::isfinite(in.x)
  PASS  std::isfinite(in.y)
  PASS  std::isfinite(in.x)
  PASS  std::isfinite(in.y)
  PASS  std::isfinite(in.x)
  PASS  std::isfinite(in.y)
  PASS  std::isfinite(in.x)
  PASS  std::isfinite(in.y)
  PASS  std::isfinite(in.x)
  PASS  std::isfinite(in.y)
  PASS  std::isfinite(in.x)
  PASS  std::isfinite(in.y)
  PASS  std::isfinite(in.x)
  PASS  std::isfinite(in.y)
  PASS  std::isfinite(in.x)
  PASS  std::isfinite(in.y)
  PASS  std::isfinite(in.x)
  PASS  std::isfinite(in.y)
  PASS  std::isfinite(in.x)
  PASS  std::isfinite(in.y)
  PASS  std::isfinite(in.x)
  PASS  std::isfinite(in.y)
  PASS  std::isfinite(in.x)
  PASS  std::isfinite(in.y)
  PASS  std::isfinite(in.x)
  PASS  std::isfinite(in.y)
  PASS  std::isfinite(in.x)
  PASS  std::isfinite(in.y)
  PASS  std::isfinite(in.x)
  PASS  std::isfinite(in.y)
  PASS  std::isfinite(in.x)
  PASS  std::isfinite(in.y)
  PASS  std::isfinite(in.x)
  PASS  std::isfinite(in.y)
  PASS  std::isfinite(in.x)
  PASS  std::isfinite(in.y)
  PASS  std::isfinite(in.x)
  PASS  std::isfinite(in.y)
  PASS  std::isfinite(in.x)
  PASS  std::isfinite(in.y)
  PASS  std::isfinite(in.x)
  PASS  std::isfinite(in.y)
  PASS  std::isfinite(in.x)
  PASS  std::isfinite(in.y)
  PASS  std::isfinite(in.x)
  PASS  std::isfinite(in.y)
  PASS  std::isfinite(in.x)
  PASS  std::isfinite(in.y)
  PASS  std::isfinite(in.x)
  PASS  std::isfinite(in.y)
  PASS  std::isfinite(in.x)
  PASS  std::isfinite(in.y)
  PASS  std::isfinite(in.x)
  PASS  std::isfinite(in.y)
  PASS  std::isfinite(in.x)
  PASS  std::isfinite(in.y)
  PASS  std::isfinite(in.x)
  PASS  std::isfinite(in.y)
  PASS  std::isfinite(in.x)
  PASS  std::isfinite(in.y)
  PASS  std::isfinite(in.x)
  PASS  std::isfinite(in.y)
  PASS  std::isfinite(in.x)
  PASS  std::isfinite(in.y)
  PASS  std::isfinite(in.x)
  PASS  std::isfinite(in.y)
  PASS  std::isfinite(in.x)
  PASS  std::isfinite(in.y)
  PASS  std::isfinite(in.x)
  PASS  std::isfinite(in.y)
  PASS  std::isfinite(in.x)
  PASS  std::isfinite(in.y)
  PASS  std::isfinite(in.x)
  PASS  std::isfinite(in.y)
  PASS  std::isfinite(in.x)
  PASS  std::isfinite(in.y)
  PASS  std::isfinite(in.x)
  PASS  std::isfinite(in.y)
  PASS  std::isfinite(in.x)
  PASS  std::isfinite(in.y)
  PASS  std::isfinite(in.x)
  PASS  std::isfinite(in.y)
  PASS  std::isfinite(in.x)
  PASS  std::isfinite(in.y)
  PASS  std::isfinite(in.x)
  PASS  std::isfinite(in.y)
  PASS  std::isfinite(in.x)
  PASS  std::isfinite(in.y)
  PASS  std::isfinite(in.x)
  PASS  std::isfinite(in.y)
  PASS  std::isfinite(in.x)
  PASS  std::isfinite(in.y)
  PASS  std::isfinite(in.x)
  PASS  std::isfinite(in.y)
  PASS  std::isfinite(in.x)
  PASS  std::isfinite(in.y)
  PASS  std::isfinite(in.x)
  PASS  std::isfinite(in.y)
  PASS  std::isfinite(in.x)
  PASS  std::isfinite(in.y)
  PASS  std::isfinite(in.x)
  PASS  std::isfinite(in.y)
  PASS  std::isfinite(in.x)
  PASS  std::isfinite(in.y)
  PASS  std::isfinite(in.x)
  PASS  std::isfinite(in.y)
  PASS  std::isfinite(in.x)
  PASS  std::isfinite(in.y)
  PASS  std::isfinite(in.x)
  PASS  std::isfinite(in.y)
  PASS  std::isfinite(in.x)
  PASS  std::isfinite(in.y)
  PASS  std::isfinite(in.x)
  PASS  std::isfinite(in.y)
  PASS  std::isfinite(in.x)
  PASS  std::isfinite(in.y)
  PASS  std::isfinite(in.x)
  PASS  std::isfinite(in.y)
  PASS  std::isfinite(in.x)
  PASS  std::isfinite(in.y)
  PASS  std::isfinite(in.x)
  PASS  std::isfinite(in.y)
  PASS  std::isfinite(in.x)
  PASS  std::isfinite(in.y)
  PASS  std::isfinite(in.x)
  PASS  std::isfinite(in.y)
  PASS  std::isfinite(in.x)
  PASS  std::isfinite(in.y)
  PASS  std::isfinite(in.x)
  PASS  std::isfinite(in.y)
  PASS  std::isfinite(in.x)
  PASS  std::isfinite(in.y)
  PASS  std::isfinite(in.x)
  PASS  std::isfinite(in.y)
  PASS  std::isfinite(in.x)
  PASS  std::isfinite(in.y)
  PASS  std::isfinite(in.x)
  PASS  std::isfinite(in.y)
  PASS  std::isfinite(in.x)
  PASS  std::isfinite(in.y)
  PASS  std::isfinite(in.x)
  PASS  std::isfinite(in.y)
  PASS  std::isfinite(in.x)
  PASS  std::isfinite(in.y)
  PASS  std::isfinite(in.x)
  PASS  std::isfinite(in.y)
  PASS  std::isfinite(in.x)
  PASS  std::isfinite(in.y)
  PASS  std::isfinite(in.x)
  PASS  std::isfinite(in.y)
  PASS  std::isfinite(in.x)
  PASS  std::isfinite(in.y)
  PASS  std::isfinite(in.x)
  PASS  std::isfinite(in.y)
  PASS  std::isfinite(in.x)
  PASS  std::isfinite(in.y)
  PASS  std::isfinite(in.x)
  PASS  std::isfinite(in.y)
  PASS  std::isfinite(in.x)
  PASS  std::isfinite(in.y)
  PASS  std::isfinite(in.x)
  PASS  std::isfinite(in.y)
  PASS  std::isfinite(in.x)
  PASS  std::isfinite(in.y)
  PASS  std::isfinite(in.x)
  PASS  std::isfinite(in.y)
  PASS  std::isfinite(in.x)
  PASS  std::isfinite(in.y)
  PASS  std::isfinite(in.x)
  PASS  std::isfinite(in.y)
  PASS  std::isfinite(in.x)
  PASS  std::isfinite(in.y)
  PASS  std::isfinite(in.x)
  PASS  std::isfinite(in.y)
  PASS  std::isfinite(in.x)
  PASS  std::isfinite(in.y)
  PASS  std::isfinite(in.x)
  PASS  std::isfinite(in.y)
  PASS  std::isfinite(in.x)
  PASS  std::isfinite(in.y)
  PASS  std::isfinite(in.x)
  PASS  std::isfinite(in.y)
  PASS  std::isfinite(in.x)
  PASS  std::isfinite(in.y)
  PASS  std::isfinite(in.x)
  PASS  std::isfinite(in.y)
  PASS  std::isfinite(in.x)
  PASS  std::isfinite(in.y)
  PASS  std::isfinite(in.x)
  PASS  std::isfinite(in.y)
  PASS  std::isfinite(in.x)
  PASS  std::isfinite(in.y)
  PASS  std::isfinite(in.x)
  PASS  std::isfinite(in.y)
  PASS  std::isfinite(in.x)
  PASS  std::isfinite(in.y)
  PASS  std::isfinite(in.x)
  PASS  std::isfinite(in.y)
  PASS  std::isfinite(in.x)
  PASS  std::isfinite(in.y)
  PASS  std::isfinite(in.x)
  PASS  std::isfinite(in.y)
  PASS  std::isfinite(in.x)
  PASS  std::isfinite(in.y)
  PASS  std::isfinite(in.x)
  PASS  std::isfinite(in.y)
  PASS  std::isfinite(in.x)
  PASS  std::isfinite(in.y)
  PASS  std::isfinite(in.x)
  PASS  std::isfinite(in.y)
  PASS  std::isfinite(in.x)
  PASS  std::isfinite(in.y)
  PASS  std::isfinite(in.x)
  PASS  std::isfinite(in.y)
  PASS  std::isfinite(in.x)
  PASS  std::isfinite(in.y)
  PASS  std::isfinite(in.x)
  PASS  std::isfinite(in.y)
  PASS  std::isfinite(in.x)
  PASS  std::isfinite(in.y)
  PASS  std::isfinite(in.x)
  PASS  std::isfinite(in.y)
  PASS  std::isfinite(in.x)
  PASS  std::isfinite(in.y)
  PASS  std::isfinite(in.x)
  PASS  std::isfinite(in.y)
  PASS  std::isfinite(in.x)
  PASS  std::isfinite(in.y)
  PASS  std::isfinite(in.x)
  PASS  std::isfinite(in.y)
  PASS  std::isfinite(in.x)
  PASS  std::isfinite(in.y)
  PASS  std::isfinite(in.x)
  PASS  std::isfinite(in.y)
  PASS  std::isfinite(in.x)
  PASS  std::isfinite(in.y)
  PASS  std::isfinite(in.x)
  PASS  std::isfinite(in.y)
  PASS  std::isfinite(in.x)
  PASS  std::isfinite(in.y)
  PASS  std::isfinite(in.x)
  PASS  std::isfinite(in.y)
  PASS  std::isfinite(in.x)
  PASS  std::isfinite(in.y)
  PASS  std::isfinite(in.x)
  PASS  std::isfinite(in.y)
  PASS  std::isfinite(in.x)
  PASS  std::isfinite(in.y)
  PASS  std::isfinite(in.x)
  PASS  std::isfinite(in.y)
  PASS  std::isfinite(in.x)
  PASS  std::isfinite(in.y)
  PASS  std::isfinite(in.x)
  PASS  std::isfinite(in.y)
  PASS  std::isfinite(in.x)
  PASS  std::isfinite(in.y)
  PASS  std::isfinite(in.x)
  PASS  std::isfinite(in.y)
  PASS  std::isfinite(in.x)
  PASS  std::isfinite(in.y)
  PASS  std::isfinite(in.x)
  PASS  std::isfinite(in.y)
  PASS  std::isfinite(in.x)
  PASS  std::isfinite(in.y)
  PASS  std::isfinite(in.x)
  PASS  std::isfinite(in.y)
  PASS  std::isfinite(in.x)
  PASS  std::isfinite(in.y)
  PASS  std::isfinite(in.x)
  PASS  std::isfinite(in.y)
  PASS  std::isfinite(in.x)
  PASS  std::isfinite(in.y)
  PASS  std::isfinite(in.x)
  PASS  std::isfinite(in.y)
  PASS  std::isfinite(in.x)
  PASS  std::isfinite(in.y)
  PASS  std::isfinite(in.x)
  PASS  std::isfinite(in.y)
  PASS  std::isfinite(in.x)
  PASS  std::isfinite(in.y)
  PASS  std::isfinite(in.x)
  PASS  std::isfinite(in.y)
  PASS  std::isfinite(in.x)
  PASS  std::isfinite(in.y)
  PASS  std::isfinite(in.x)
  PASS  std::isfinite(in.y)
  PASS  std::isfinite(in.x)
  PASS  std::isfinite(in.y)
  PASS  std::isfinite(in.x)
  PASS  std::isfinite(in.y)
  PASS  std::isfinite(in.x)
  PASS  std::isfinite(in.y)
  PASS  std::isfinite(in.x)
  PASS  std::isfinite(in.y)
  PASS  std::isfinite(in.x)
  PASS  std::isfinite(in.y)
  PASS  std::isfinite(in.x)
  PASS  std::isfinite(in.y)
  PASS  std::isfinite(in.x)
  PASS  std::isfinite(in.y)
  PASS  std::isfinite(in.x)
  PASS  std::isfinite(in.y)
  PASS  std::isfinite(in.x)
  PASS  std::isfinite(in.y)
  PASS  std::isfinite(in.x)
  PASS  std::isfinite(in.y)
  PASS  std::isfinite(in.x)
  PASS  std::isfinite(in.y)
  PASS  std::isfinite(in.x)
  PASS  std::isfinite(in.y)
  PASS  std::isfinite(in.x)
  PASS  std::isfinite(in.y)
  PASS  std::isfinite(in.x)
  PASS  std::isfinite(in.y)
  PASS  std::isfinite(in.x)
  PASS  std::isfinite(in.y)
  PASS  std::isfinite(in.x)
  PASS  std::isfinite(in.y)
  PASS  std::isfinite(in.x)
  PASS  std::isfinite(in.y)
  PASS  std::isfinite(in.x)
  PASS  std::isfinite(in.y)
  PASS  std::isfinite(in.x)
  PASS  std::isfinite(in.y)
  PASS  std::isfinite(in.x)
  PASS  std::isfinite(in.y)
  PASS  std::isfinite(in.x)
  PASS  std::isfinite(in.y)
  PASS  std::isfinite(in.x)
  PASS  std::isfinite(in.y)
  PASS  std::isfinite(in.x)
  PASS  std::isfinite(in.y)
  PASS  std::isfinite(in.x)
  PASS  std::isfinite(in.y)
  PASS  std::isfinite(in.x)
  PASS  std::isfinite(in.y)
  PASS  std::isfinite(in.x)
  PASS  std::isfinite(in.y)
  PASS  std::isfinite(in.x)
  PASS  std::isfinite(in.y)
  PASS  std::isfinite(in.x)
  PASS  std::isfinite(in.y)
  PASS  std::isfinite(in.x)
  PASS  std::isfinite(in.y)
  PASS  std::isfinite(in.x)
  PASS  std::isfinite(in.y)
  PASS  std::isfinite(in.x)
  PASS  std::isfinite(in.y)
  PASS  std::isfinite(in.x)
  PASS  std::isfinite(in.y)
  PASS  std::isfinite(in.x)
  PASS  std::isfinite(in.y)
  PASS  std::isfinite(in.x)
  PASS  std::isfinite(in.y)
  PASS  std::isfinite(in.x)
  PASS  std::isfinite(in.y)
  PASS  std::isfinite(in.x)
  PASS  std::isfinite(in.y)
  PASS  std::isfinite(in.x)
  PASS  std::isfinite(in.y)
  PASS  std::isfinite(in.x)
  PASS  std::isfinite(in.y)
  PASS  std::isfinite(in.x)
  PASS  std::isfinite(in.y)
  PASS  std::isfinite(in.x)
  PASS  std::isfinite(in.y)
  PASS  std::isfinite(in.x)
  PASS  std::isfinite(in.y)
  PASS  std::isfinite(in.x)
  PASS  std::isfinite(in.y)
  PASS  std::isfinite(in.x)
  PASS  std::isfinite(in.y)
  PASS  std::isfinite(in.x)
  PASS  std::isfinite(in.y)
  PASS  std::isfinite(in.x)
  PASS  std::isfinite(in.y)
  PASS  std::isfinite(in.x)
  PASS  std::isfinite(in.y)
  PASS  std::isfinite(in.x)
  PASS  std::isfinite(in.y)
  PASS  std::isfinite(in.x)
  PASS  std::isfinite(in.y)
  PASS  std::isfinite(in.x)
  PASS  std::isfinite(in.y)
  PASS  std::isfinite(in.x)
  PASS  std::isfinite(in.y)
  PASS  std::isfinite(in.x)
  PASS  std::isfinite(in.y)
  PASS  std::isfinite(in.x)
  PASS  std::isfinite(in.y)
  PASS  std::isfinite(in.x)
  PASS  std::isfinite(in.y)
  PASS  std::isfinite(in.x)
  PASS  std::isfinite(in.y)
  PASS  std::isfinite(in.x)
  PASS  std::isfinite(in.y)
  PASS  std::isfinite(in.x)
  PASS  std::isfinite(in.y)
  PASS  std::isfinite(in.x)
  PASS  std::isfinite(in.y)
  PASS  std::isfinite(in.x)
  PASS  std::isfinite(in.y)
  PASS  std::isfinite(in.x)
  PASS  std::isfinite(in.y)
  PASS  std::isfinite(in.x)
  PASS  std::isfinite(in.y)
  PASS  std::isfinite(in.x)
  PASS  std::isfinite(in.y)
  PASS  std::isfinite(in.x)
  PASS  std::isfinite(in.y)
  PASS  std::isfinite(in.x)
  PASS  std::isfinite(in.y)
  PASS  std::isfinite(in.x)
  PASS  std::isfinite(in.y)
  PASS  std::isfinite(in.x)
  PASS  std::isfinite(in.y)
  PASS  std::isfinite(in.x)
  PASS  std::isfinite(in.y)
  PASS  std::isfinite(in.x)
  PASS  std::isfinite(in.y)
  PASS  std::isfinite(in.x)
  PASS  std::isfinite(in.y)
  PASS  std::isfinite(in.x)
  PASS  std::isfinite(in.y)
  PASS  std::isfinite(in.x)
  PASS  std::isfinite(in.y)
  PASS  std::isfinite(in.x)
  PASS  std::isfinite(in.y)
  PASS  std::isfinite(in.x)
  PASS  std::isfinite(in.y)
  PASS  std::isfinite(in.x)
  PASS  std::isfinite(in.y)
  PASS  std::isfinite(in.x)
  PASS  std::isfinite(in.y)
  PASS  std::isfinite(in.x)
  PASS  std::isfinite(in.y)
  PASS  std::isfinite(in.x)
  PASS  std::isfinite(in.y)
  PASS  std::isfinite(in.x)
  PASS  std::isfinite(in.y)
  PASS  std::isfinite(in.x)
  PASS  std::isfinite(in.y)
  PASS  std::isfinite(in.x)
  PASS  std::isfinite(in.y)
  PASS  std::isfinite(in.x)
  PASS  std::isfinite(in.y)
  PASS  std::isfinite(in.x)
  PASS  std::isfinite(in.y)
  PASS  std::isfinite(in.x)
  PASS  std::isfinite(in.y)
  PASS  std::isfinite(in.x)
  PASS  std::isfinite(in.y)
  PASS  std::isfinite(in.x)
  PASS  std::isfinite(in.y)
  PASS  std::isfinite(in.x)
  PASS  std::isfinite(in.y)
  PASS  std::isfinite(in.x)
  PASS  std::isfinite(in.y)
  PASS  std::isfinite(in.x)
  PASS  std::isfinite(in.y)
  PASS  std::isfinite(in.x)
  PASS  std::isfinite(in.y)
  PASS  std::isfinite(in.x)
  PASS  std::isfinite(in.y)
  PASS  std::isfinite(in.x)
  PASS  std::isfinite(in.y)
  PASS  std::isfinite(in.x)
  PASS  std::isfinite(in.y)
  PASS  std::isfinite(in.x)
  PASS  std::isfinite(in.y)
  PASS  std::isfinite(in.x)
  PASS  std::isfinite(in.y)
  PASS  std::isfinite(in.x)
  PASS  std::isfinite(in.y)
  PASS  std::isfinite(in.x)
  PASS  std::isfinite(in.y)
  PASS  std::isfinite(in.x)
  PASS  std::isfinite(in.y)
  PASS  std::isfinite(in.x)
  PASS  std::isfinite(in.y)
  PASS  std::isfinite(in.x)
  PASS  std::isfinite(in.y)
  PASS  std::isfinite(in.x)
  PASS  std::isfinite(in.y)
  PASS  std::isfinite(in.x)
  PASS  std::isfinite(in.y)
  PASS  std::isfinite(in.x)
  PASS  std::isfinite(in.y)
  PASS  std::isfinite(in.x)
  PASS  std::isfinite(in.y)
  PASS  std::isfinite(in.x)
  PASS  std::isfinite(in.y)
  PASS  std::isfinite(in.x)
  PASS  std::isfinite(in.y)
  PASS  std::isfinite(in.x)
  PASS  std::isfinite(in.y)
  PASS  std::isfinite(in.x)
  PASS  std::isfinite(in.y)
  PASS  std::isfinite(in.x)
  PASS  std::isfinite(in.y)
  PASS  std::isfinite(in.x)
  PASS  std::isfinite(in.y)
  PASS  std::isfinite(in.x)
  PASS  std::isfinite(in.y)
  PASS  std::isfinite(in.x)
  PASS  std::isfinite(in.y)
  PASS  std::isfinite(in.x)
  PASS  std::isfinite(in.y)
  PASS  std::isfinite(in.x)
  PASS  std::isfinite(in.y)
  PASS  std::isfinite(in.x)
  PASS  std::isfinite(in.y)
  PASS  std::isfinite(in.x)
  PASS  std::isfinite(in.y)
  PASS  std::isfinite(in.x)
  PASS  std::isfinite(in.y)
  PASS  std::isfinite(in.x)
  PASS  std::isfinite(in.y)
  PASS  std::isfinite(in.x)
  PASS  std::isfinite(in.y)
  PASS  std::isfinite(in.x)
  PASS  std::isfinite(in.y)
  PASS  std::isfinite(in.x)
  PASS  std::isfinite(in.y)
  PASS  std::isfinite(in.x)
  PASS  std::isfinite(in.y)
  PASS  std::isfinite(in.x)
  PASS  std::isfinite(in.y)
  PASS  std::isfinite(in.x)
  PASS  std::isfinite(in.y)
  PASS  std::isfinite(in.x)
  PASS  std::isfinite(in.y)
  PASS  std::isfinite(in.x)
  PASS  std::isfinite(in.y)
  PASS  std::isfinite(in.x)
  PASS  std::isfinite(in.y)
  PASS  std::isfinite(in.x)
  PASS  std::isfinite(in.y)
  PASS  std::isfinite(in.x)
  PASS  std::isfinite(in.y)
  PASS  std::isfinite(in.x)
  PASS  std::isfinite(in.y)
  PASS  std::isfinite(in.x)
  PASS  std::isfinite(in.y)
  PASS  std::isfinite(in.x)
  PASS  std::isfinite(in.y)
  PASS  std::isfinite(in.x)
  PASS  std::isfinite(in.y)
  PASS  std::isfinite(in.x)
  PASS  std::isfinite(in.y)
  PASS  std::isfinite(in.x)
  PASS  std::isfinite(in.y)
  PASS  std::isfinite(in.x)
  PASS  std::isfinite(in.y)
  PASS  std::isfinite(in.x)
  PASS  std::isfinite(in.y)
  PASS  std::isfinite(in.x)
  PASS  std::isfinite(in.y)
  PASS  std::isfinite(in.x)
  PASS  std::isfinite(in.y)
  PASS  std::isfinite(in.x)
  PASS  std::isfinite(in.y)
  PASS  std::isfinite(in.x)
  PASS  std::isfinite(in.y)
  PASS  std::isfinite(in.x)
  PASS  std::isfinite(in.y)
  PASS  std::isfinite(in.x)
  PASS  std::isfinite(in.y)
  PASS  std::isfinite(in.x)
  PASS  std::isfinite(in.y)
  PASS  std::isfinite(in.x)
  PASS  std::isfinite(in.y)
  PASS  std::isfinite(in.x)
  PASS  std::isfinite(in.y)
  PASS  std::isfinite(in.x)
  PASS  std::isfinite(in.y)
  PASS  std::isfinite(in.x)
  PASS  std::isfinite(in.y)
  PASS  std::isfinite(in.x)
  PASS  std::isfinite(in.y)
  PASS  std::isfinite(in.x)
  PASS  std::isfinite(in.y)
  PASS  std::isfinite(in.x)
  PASS  std::isfinite(in.y)
  PASS  std::isfinite(in.x)
  PASS  std::isfinite(in.y)
  PASS  std::isfinite(in.x)
  PASS  std::isfinite(in.y)
  PASS  std::isfinite(in.x)
  PASS  std::isfinite(in.y)
  PASS  std::isfinite(in.x)
  PASS  std::isfinite(in.y)
  PASS  std::isfinite(in.x)
  PASS  std::isfinite(in.y)
  PASS  std::isfinite(in.x)
  PASS  std::isfinite(in.y)
  PASS  std::isfinite(in.x)
  PASS  std::isfinite(in.y)
  PASS  std::isfinite(in.x)
  PASS  std::isfinite(in.y)
  PASS  std::isfinite(in.x)
  PASS  std::isfinite(in.y)
  PASS  std::isfinite(in.x)
  PASS  std::isfinite(in.y)
  PASS  std::isfinite(in.x)
  PASS  std::isfinite(in.y)
  PASS  std::isfinite(in.x)
  PASS  std::isfinite(in.y)
  PASS  std::isfinite(in.x)
  PASS  std::isfinite(in.y)
  PASS  std::isfinite(in.x)
  PASS  std::isfinite(in.y)
  PASS  std::isfinite(in.x)
  PASS  std::isfinite(in.y)
  PASS  std::isfinite(in.x)
  PASS  std::isfinite(in.y)
  PASS  std::isfinite(in.x)
  PASS  std::isfinite(in.y)
  PASS  std::isfinite(in.x)
  PASS  std::isfinite(in.y)
  PASS  std::isfinite(in.x)
  PASS  std::isfinite(in.y)
  PASS  std::isfinite(in.x)
  PASS  std::isfinite(in.y)
  PASS  std::isfinite(in.x)
  PASS  std::isfinite(in.y)
  PASS  std::isfinite(in.x)
  PASS  std::isfinite(in.y)
  PASS  std::isfinite(in.x)
  PASS  std::isfinite(in.y)
  PASS  std::isfinite(in.x)
  PASS  std::isfinite(in.y)
  PASS  std::isfinite(in.x)
  PASS  std::isfinite(in.y)
  PASS  std::isfinite(in.x)
  PASS  std::isfinite(in.y)
  PASS  std::isfinite(in.x)
  PASS  std::isfinite(in.y)
  PASS  std::isfinite(in.x)
  PASS  std::isfinite(in.y)
  PASS  std::isfinite(in.x)
  PASS  std::isfinite(in.y)
  PASS  std::isfinite(in.x)
  PASS  std::isfinite(in.y)
  PASS  std::isfinite(in.x)
  PASS  std::isfinite(in.y)
  PASS  std::isfinite(in.x)
  PASS  std::isfinite(in.y)
  PASS  std::isfinite(in.x)
  PASS  std::isfinite(in.y)
  PASS  std::isfinite(in.x)
  PASS  std::isfinite(in.y)
  PASS  std::isfinite(in.x)
  PASS  std::isfinite(in.y)
  PASS  std::isfinite(in.x)
  PASS  std::isfinite(in.y)
  PASS  std::isfinite(in.x)
  PASS  std::isfinite(in.y)
  PASS  std::isfinite(in.x)
  PASS  std::isfinite(in.y)
  PASS  std::isfinite(in.x)
  PASS  std::isfinite(in.y)
  PASS  std::isfinite(in.x)
  PASS  std::isfinite(in.y)
  PASS  std::isfinite(in.x)
  PASS  std::isfinite(in.y)
  PASS  std::isfinite(in.x)
  PASS  std::isfinite(in.y)
  PASS  std::isfinite(in.x)
  PASS  std::isfinite(in.y)
  PASS  std::isfinite(in.x)
  PASS  std::isfinite(in.y)
  PASS  std::isfinite(in.x)
  PASS  std::isfinite(in.y)
  PASS  std::isfinite(in.x)
  PASS  std::isfinite(in.y)
  PASS  std::isfinite(in.x)
  PASS  std::isfinite(in.y)
  PASS  std::isfinite(in.x)
  PASS  std::isfinite(in.y)
  PASS  std::isfinite(in.x)
  PASS  std::isfinite(in.y)
  PASS  std::isfinite(in.x)
  PASS  std::isfinite(in.y)
  PASS  std::isfinite(in.x)
  PASS  std::isfinite(in.y)
  PASS  std::isfinite(in.x)
  PASS  std::isfinite(in.y)
  PASS  std::isfinite(in.x)
  PASS  std::isfinite(in.y)
  PASS  std::isfinite(in.x)
  PASS  std::isfinite(in.y)
  PASS  std::isfinite(in.x)
  PASS  std::isfinite(in.y)
  PASS  std::isfinite(in.x)
  PASS  std::isfinite(in.y)
  PASS  std::isfinite(in.x)
  PASS  std::isfinite(in.y)
  PASS  std::isfinite(in.x)
  PASS  std::isfinite(in.y)
  PASS  std::isfinite(in.x)
  PASS  std::isfinite(in.y)
  PASS  std::isfinite(in.x)
  PASS  std::isfinite(in.y)
  PASS  std::isfinite(in.x)
  PASS  std::isfinite(in.y)
  PASS  std::isfinite(in.x)
  PASS  std::isfinite(in.y)
  PASS  std::isfinite(in.x)
  PASS  std::isfinite(in.y)
  PASS  std::isfinite(in.x)
  PASS  std::isfinite(in.y)
  PASS  std::isfinite(in.x)
  PASS  std::isfinite(in.y)
  PASS  std::isfinite(in.x)
  PASS  std::isfinite(in.y)
  PASS  std::isfinite(in.x)
  PASS  std::isfinite(in.y)
  PASS  std::isfinite(in.x)
  PASS  std::isfinite(in.y)
  PASS  std::isfinite(in.x)
  PASS  std::isfinite(in.y)
  PASS  std::isfinite(in.x)
  PASS  std::isfinite(in.y)
  PASS  std::isfinite(in.x)
  PASS  std::isfinite(in.y)
  PASS  std::isfinite(in.x)
  PASS  std::isfinite(in.y)
  PASS  std::isfinite(in.x)
  PASS  std::isfinite(in.y)
  PASS  std::isfinite(in.x)
  PASS  std::isfinite(in.y)
  PASS  std::isfinite(in.x)
  PASS  std::isfinite(in.y)
  PASS  std::isfinite(in.x)
  PASS  std::isfinite(in.y)
  PASS  std::isfinite(in.x)
  PASS  std::isfinite(in.y)
  PASS  std::isfinite(in.x)
  PASS  std::isfinite(in.y)
  PASS  std::isfinite(in.x)
  PASS  std::isfinite(in.y)
  PASS  std::isfinite(in.x)
  PASS  std::isfinite(in.y)
  PASS  std::isfinite(in.x)
  PASS  std::isfinite(in.y)
  PASS  std::isfinite(in.x)
  PASS  std::isfinite(in.y)
  PASS  std::isfinite(in.x)
  PASS  std::isfinite(in.y)
  PASS  std::isfinite(in.x)
  PASS  std::isfinite(in.y)
  PASS  std::isfinite(in.x)
  PASS  std::isfinite(in.y)
  PASS  std::isfinite(in.x)
  PASS  std::isfinite(in.y)
  PASS  std::isfinite(in.x)
  PASS  std::isfinite(in.y)
  PASS  std::isfinite(in.x)
  PASS  std::isfinite(in.y)
  PASS  std::isfinite(in.x)
  PASS  std::isfinite(in.y)
  PASS  std::isfinite(in.x)
  PASS  std::isfinite(in.y)
  PASS  std::isfinite(in.x)
  PASS  std::isfinite(in.y)
  PASS  std::isfinite(in.x)
  PASS  std::isfinite(in.y)
  PASS  std::isfinite(in.x)
  PASS  std::isfinite(in.y)
  PASS  std::isfinite(in.x)
  PASS  std::isfinite(in.y)
  PASS  std::isfinite(in.x)
  PASS  std::isfinite(in.y)
  PASS  std::isfinite(in.x)
  PASS  std::isfinite(in.y)
  PASS  std::isfinite(in.x)
  PASS  std::isfinite(in.y)
  PASS  std::isfinite(in.x)
  PASS  std::isfinite(in.y)
  PASS  std::isfinite(in.x)
  PASS  std::isfinite(in.y)
  PASS  std::isfinite(in.x)
  PASS  std::isfinite(in.y)
  PASS  std::isfinite(in.x)
  PASS  std::isfinite(in.y)
  PASS  std::isfinite(in.x)
  PASS  std::isfinite(in.y)
  PASS  std::isfinite(in.x)
  PASS  std::isfinite(in.y)
  PASS  std::isfinite(in.x)
  PASS  std::isfinite(in.y)
  PASS  std::isfinite(in.x)
  PASS  std::isfinite(in.y)
  PASS  std::isfinite(in.x)
  PASS  std::isfinite(in.y)
  PASS  std::isfinite(in.x)
  PASS  std::isfinite(in.y)
  PASS  std::isfinite(in.x)
  PASS  std::isfinite(in.y)
  PASS  std::isfinite(in.x)
  PASS  std::isfinite(in.y)
  PASS  std::isfinite(in.x)
  PASS  std::isfinite(in.y)
  PASS  std::isfinite(in.x)
  PASS  std::isfinite(in.y)
  PASS  std::isfinite(in.x)
  PASS  std::isfinite(in.y)
  PASS  std::isfinite(in.x)
  PASS  std::isfinite(in.y)
  PASS  std::isfinite(in.x)
  PASS  std::isfinite(in.y)
  PASS  std::isfinite(in.x)
  PASS  std::isfinite(in.y)
  PASS  std::isfinite(in.x)
  PASS  std::isfinite(in.y)
  PASS  std::isfinite(in.x)
  PASS  std::isfinite(in.y)
  PASS  std::isfinite(in.x)
  PASS  std::isfinite(in.y)
  PASS  std::isfinite(in.x)
  PASS  std::isfinite(in.y)
  PASS  std::isfinite(in.x)
  PASS  std::isfinite(in.y)
  PASS  std::isfinite(in.x)
  PASS  std::isfinite(in.y)
  PASS  std::isfinite(in.x)
  PASS  std::isfinite(in.y)
  PASS  std::isfinite(in.x)
  PASS  std::isfinite(in.y)
  PASS  std::isfinite(in.x)
  PASS  std::isfinite(in.y)
  PASS  std::isfinite(in.x)
  PASS  std::isfinite(in.y)
  PASS  std::isfinite(in.x)
  PASS  std::isfinite(in.y)
  PASS  std::isfinite(in.x)
  PASS  std::isfinite(in.y)
  PASS  std::isfinite(in.x)
  PASS  std::isfinite(in.y)
  PASS  std::isfinite(in.x)
  PASS  std::isfinite(in.y)
  PASS  std::isfinite(in.x)
  PASS  std::isfinite(in.y)
  PASS  std::isfinite(in.x)
  PASS  std::isfinite(in.y)
  PASS  std::isfinite(in.x)
  PASS  std::isfinite(in.y)
  PASS  std::isfinite(in.x)
  PASS  std::isfinite(in.y)
  PASS  std::isfinite(in.x)
  PASS  std::isfinite(in.y)
  PASS  std::isfinite(in.x)
  PASS  std::isfinite(in.y)
  PASS  std::isfinite(in.x)
  PASS  std::isfinite(in.y)
  PASS  std::isfinite(in.x)
  PASS  std::isfinite(in.y)
  PASS  std::isfinite(in.x)
  PASS  std::isfinite(in.y)
  PASS  std::isfinite(in.x)
  PASS  std::isfinite(in.y)
  PASS  std::isfinite(in.x)
  PASS  std::isfinite(in.y)
  PASS  std::isfinite(in.x)
  PASS  std::isfinite(in.y)
  PASS  std::isfinite(in.x)
  PASS  std::isfinite(in.y)
  PASS  std::isfinite(in.x)
  PASS  std::isfinite(in.y)
  PASS  std::isfinite(in.x)
  PASS  std::isfinite(in.y)
  PASS  std::isfinite(in.x)
  PASS  std::isfinite(in.y)
  PASS  std::isfinite(in.x)
  PASS  std::isfinite(in.y)
  PASS  std::isfinite(in.x)
  PASS  std::isfinite(in.y)
  PASS  std::isfinite(in.x)
  PASS  std::isfinite(in.y)
  PASS  std::isfinite(in.x)
  PASS  std::isfinite(in.y)
  PASS  std::isfinite(in.x)
  PASS  std::isfinite(in.y)
  PASS  std::isfinite(in.x)
  PASS  std::isfinite(in.y)
  PASS  std::isfinite(in.x)
  PASS  std::isfinite(in.y)
  PASS  std::isfinite(in.x)
  PASS  std::isfinite(in.y)
  PASS  std::isfinite(in.x)
  PASS  std::isfinite(in.y)
  PASS  std::isfinite(in.x)
  PASS  std::isfinite(in.y)
  PASS  std::isfinite(in.x)
  PASS  std::isfinite(in.y)
  PASS  std::isfinite(in.x)
  PASS  std::isfinite(in.y)
  PASS  std::isfinite(in.x)
  PASS  std::isfinite(in.y)
  PASS  std::isfinite(in.x)
  PASS  std::isfinite(in.y)
  PASS  std::isfinite(in.x)
  PASS  std::isfinite(in.y)
  PASS  std::isfinite(in.x)
  PASS  std::isfinite(in.y)
  PASS  std::isfinite(in.x)
  PASS  std::isfinite(in.y)
  PASS  std::isfinite(in.x)
  PASS  std::isfinite(in.y)
  PASS  std::isfinite(in.x)
  PASS  std::isfinite(in.y)
  PASS  std::isfinite(in.x)
  PASS  std::isfinite(in.y)
  PASS  std::isfinite(in.x)
  PASS  std::isfinite(in.y)
  PASS  std::isfinite(in.x)
  PASS  std::isfinite(in.y)
  PASS  std::isfinite(in.x)
  PASS  std::isfinite(in.y)
  PASS  std::isfinite(in.x)
  PASS  std::isfinite(in.y)
  PASS  std::isfinite(in.x)
  PASS  std::isfinite(in.y)
  PASS  std::isfinite(in.x)
  PASS  std::isfinite(in.y)
  PASS  std::isfinite(in.x)
  PASS  std::isfinite(in.y)
  PASS  std::isfinite(in.x)
  PASS  std::isfinite(in.y)
  PASS  std::isfinite(in.x)
  PASS  std::isfinite(in.y)
  PASS  std::isfinite(in.x)
  PASS  std::isfinite(in.y)
  PASS  std::isfinite(in.x)
  PASS  std::isfinite(in.y)
  PASS  std::isfinite(in.x)
  PASS  std::isfinite(in.y)
  PASS  std::isfinite(in.x)
  PASS  std::isfinite(in.y)
  PASS  std::isfinite(in.x)
  PASS  std::isfinite(in.y)
  PASS  std::isfinite(in.x)
  PASS  std::isfinite(in.y)
  PASS  std::isfinite(in.x)
  PASS  std::isfinite(in.y)
  PASS  std::isfinite(in.x)
  PASS  std::isfinite(in.y)
  PASS  std::isfinite(in.x)
  PASS  std::isfinite(in.y)
  PASS  std::isfinite(in.x)
  PASS  std::isfinite(in.y)
  PASS  std::isfinite(in.x)
  PASS  std::isfinite(in.y)
  PASS  std::isfinite(in.x)
  PASS  std::isfinite(in.y)
  PASS  std::isfinite(in.x)
  PASS  std::isfinite(in.y)
  PASS  std::isfinite(in.x)
  PASS  std::isfinite(in.y)
  PASS  std::isfinite(in.x)
  PASS  std::isfinite(in.y)
  PASS  std::isfinite(in.x)
  PASS  std::isfinite(in.y)
  PASS  std::isfinite(in.x)
  PASS  std::isfinite(in.y)
  PASS  std::isfinite(in.x)
  PASS  std::isfinite(in.y)
  PASS  std::isfinite(in.x)
  PASS  std::isfinite(in.y)
  PASS  std::isfinite(in.x)
  PASS  std::isfinite(in.y)
  PASS  std::isfinite(in.x)
  PASS  std::isfinite(in.y)
  PASS  std::isfinite(in.x)
  PASS  std::isfinite(in.y)
  PASS  std::isfinite(in.x)
  PASS  std::isfinite(in.y)
  PASS  std::isfinite(in.x)
  PASS  std::isfinite(in.y)
  PASS  std::isfinite(in.x)
  PASS  std::isfinite(in.y)
  PASS  std::isfinite(in.x)
  PASS  std::isfinite(in.y)
  PASS  std::isfinite(in.x)
  PASS  std::isfinite(in.y)
  PASS  std::isfinite(in.x)
  PASS  std::isfinite(in.y)
  PASS  std::isfinite(in.x)
  PASS  std::isfinite(in.y)
  PASS  std::isfinite(in.x)
  PASS  std::isfinite(in.y)
  PASS  std::isfinite(in.x)
  PASS  std::isfinite(in.y)
  PASS  std::isfinite(in.x)
  PASS  std::isfinite(in.y)
  PASS  std::isfinite(in.x)
  PASS  std::isfinite(in.y)
  PASS  std::isfinite(in.x)
  PASS  std::isfinite(in.y)
  PASS  std::isfinite(in.x)
  PASS  std::isfinite(in.y)
  PASS  std::isfinite(in.x)
  PASS  std::isfinite(in.y)
  PASS  std::isfinite(in.x)
  PASS  std::isfinite(in.y)
  PASS  std::isfinite(in.x)
  PASS  std::isfinite(in.y)
  PASS  std::isfinite(in.x)
  PASS  std::isfinite(in.y)
  PASS  std::isfinite(in.x)
  PASS  std::isfinite(in.y)
  PASS  std::isfinite(in.x)
  PASS  std::isfinite(in.y)
  PASS  std::isfinite(in.x)
  PASS  std::isfinite(in.y)
  PASS  std::isfinite(in.x)
  PASS  std::isfinite(in.y)
  PASS  std::isfinite(in.x)
  PASS  std::isfinite(in.y)
  PASS  std::isfinite(in.x)
  PASS  std::isfinite(in.y)
  PASS  std::isfinite(in.x)
  PASS  std::isfinite(in.y)
  PASS  std::isfinite(in.x)
  PASS  std::isfinite(in.y)
  PASS  std::isfinite(in.x)
  PASS  std::isfinite(in.y)
  PASS  std::isfinite(in.x)
  PASS  std::isfinite(in.y)
  PASS  std::isfinite(in.x)
  PASS  std::isfinite(in.y)
  PASS  std::isfinite(in.x)
  PASS  std::isfinite(in.y)
  PASS  std::isfinite(in.x)
  PASS  std::isfinite(in.y)
  PASS  std::isfinite(in.x)
  PASS  std::isfinite(in.y)
  PASS  std::isfinite(in.x)
  PASS  std::isfinite(in.y)
  PASS  std::isfinite(in.x)
  PASS  std::isfinite(in.y)
  PASS  std::isfinite(in.x)
  PASS  std::isfinite(in.y)
  PASS  std::isfinite(in.x)
  PASS  std::isfinite(in.y)
  PASS  std::isfinite(in.x)
  PASS  std::isfinite(in.y)
  PASS  std::isfinite(in.x)
  PASS  std::isfinite(in.y)
  PASS  std::isfinite(in.x)
  PASS  std::isfinite(in.y)
  PASS  std::isfinite(in.x)
  PASS  std::isfinite(in.y)
  PASS  std::isfinite(in.x)
  PASS  std::isfinite(in.y)
  PASS  std::isfinite(in.x)
  PASS  std::isfinite(in.y)
  PASS  std::isfinite(in.x)
  PASS  std::isfinite(in.y)
  PASS  std::isfinite(in.x)
  PASS  std::isfinite(in.y)
  PASS  std::isfinite(in.x)
  PASS  std::isfinite(in.y)
  PASS  std::isfinite(in.x)
  PASS  std::isfinite(in.y)
  PASS  std::isfinite(in.x)
  PASS  std::isfinite(in.y)
  PASS  std::isfinite(in.x)
  PASS  std::isfinite(in.y)
  PASS  std::isfinite(in.x)
  PASS  std::isfinite(in.y)
  PASS  std::isfinite(in.x)
  PASS  std::isfinite(in.y)
  PASS  std::isfinite(in.x)
  PASS  std::isfinite(in.y)
  PASS  std::isfinite(in.x)
  PASS  std::isfinite(in.y)
  PASS  std::isfinite(in.x)
  PASS  std::isfinite(in.y)
  PASS  std::isfinite(in.x)
  PASS  std::isfinite(in.y)
  PASS  std::isfinite(in.x)
  PASS  std::isfinite(in.y)
  PASS  std::isfinite(in.x)
  PASS  std::isfinite(in.y)
  PASS  std::isfinite(in.x)
  PASS  std::isfinite(in.y)
  PASS  std::isfinite(in.x)
  PASS  std::isfinite(in.y)
  PASS  std::isfinite(in.x)
  PASS  std::isfinite(in.y)
  PASS  std::isfinite(in.x)
  PASS  std::isfinite(in.y)
  PASS  std::isfinite(in.x)
  PASS  std::isfinite(in.y)
  PASS  std::isfinite(in.x)
  PASS  std::isfinite(in.y)
  PASS  std::isfinite(in.x)
  PASS  std::isfinite(in.y)
  PASS  std::isfinite(in.x)
  PASS  std::isfinite(in.y)
  PASS  std::isfinite(in.x)
  PASS  std::isfinite(in.y)
  PASS  std::isfinite(in.x)
  PASS  std::isfinite(in.y)
  PASS  std::isfinite(in.x)
  PASS  std::isfinite(in.y)
  PASS  std::isfinite(in.x)
  PASS  std::isfinite(in.y)
  PASS  std::isfinite(in.x)
  PASS  std::isfinite(in.y)
  PASS  std::isfinite(in.x)
  PASS  std::isfinite(in.y)
  PASS  std::isfinite(in.x)
  PASS  std::isfinite(in.y)
  PASS  std::isfinite(in.x)
  PASS  std::isfinite(in.y)
  PASS  std::isfinite(in.x)
  PASS  std::isfinite(in.y)
  PASS  std::isfinite(in.x)
  PASS  std::isfinite(in.y)
  PASS  std::isfinite(in.x)
  PASS  std::isfinite(in.y)
  PASS  std::isfinite(in.x)
  PASS  std::isfinite(in.y)
  PASS  std::isfinite(in.x)
  PASS  std::isfinite(in.y)
  PASS  std::isfinite(in.x)
  PASS  std::isfinite(in.y)
  PASS  std::isfinite(in.x)
  PASS  std::isfinite(in.y)
  PASS  std::isfinite(in.x)
  PASS  std::isfinite(in.y)
  PASS  std::isfinite(in.x)
  PASS  std::isfinite(in.y)
  PASS  std::isfinite(in.x)
  PASS  std::isfinite(in.y)
  PASS  std::isfinite(in.x)
  PASS  std::isfinite(in.y)
  PASS  std::isfinite(in.x)
  PASS  std::isfinite(in.y)
  PASS  std::isfinite(in.x)
  PASS  std::isfinite(in.y)
  PASS  std::isfinite(in.x)
  PASS  std::isfinite(in.y)
  PASS  std::isfinite(in.x)
  PASS  std::isfinite(in.y)
  PASS  std::isfinite(in.x)
  PASS  std::isfinite(in.y)
  PASS  std::isfinite(in.x)
  PASS  std::isfinite(in.y)
  PASS  std::isfinite(in.x)
  PASS  std::isfinite(in.y)
  PASS  std::isfinite(in.x)
  PASS  std::isfinite(in.y)
  PASS  std::isfinite(in.x)
  PASS  std::isfinite(in.y)
  PASS  std::isfinite(in.x)
  PASS  std::isfinite(in.y)
  PASS  std::isfinite(in.x)
  PASS  std::isfinite(in.y)
  PASS  std::isfinite(in.x)
  PASS  std::isfinite(in.y)
  PASS  std::isfinite(in.x)
  PASS  std::isfinite(in.y)
  PASS  std::isfinite(in.x)
  PASS  std::isfinite(in.y)
  PASS  std::isfinite(in.x)
  PASS  std::isfinite(in.y)
  PASS  std::isfinite(in.x)
  PASS  std::isfinite(in.y)
  PASS  std::isfinite(in.x)
  PASS  std::isfinite(in.y)
  PASS  std::isfinite(in.x)
  PASS  std::isfinite(in.y)
  PASS  std::isfinite(in.x)
  PASS  std::isfinite(in.y)
  PASS  std::isfinite(in.x)
  PASS  std::isfinite(in.y)
  PASS  std::isfinite(in.x)
  PASS  std::isfinite(in.y)
  PASS  std::isfinite(in.x)
  PASS  std::isfinite(in.y)
  PASS  std::isfinite(in.x)
  PASS  std::isfinite(in.y)
  PASS  std::isfinite(in.x)
  PASS  std::isfinite(in.y)
  PASS  std::isfinite(in.x)
  PASS  std::isfinite(in.y)
  PASS  std::isfinite(in.x)
  PASS  std::isfinite(in.y)
  PASS  std::isfinite(in.x)
  PASS  std::isfinite(in.y)
  PASS  std::isfinite(in.x)
  PASS  std::isfinite(in.y)
  PASS  std::isfinite(in.x)
  PASS  std::isfinite(in.y)
  PASS  std::isfinite(in.x)
  PASS  std::isfinite(in.y)
  PASS  std::isfinite(in.x)
  PASS  std::isfinite(in.y)
  PASS  std::isfinite(in.x)
  PASS  std::isfinite(in.y)
  PASS  std::isfinite(in.x)
  PASS  std::isfinite(in.y)
  PASS  std::isfinite(in.x)
  PASS  std::isfinite(in.y)
  PASS  std::isfinite(in.x)
  PASS  std::isfinite(in.y)
  PASS  std::isfinite(in.x)
  PASS  std::isfinite(in.y)
  PASS  std::isfinite(in.x)
  PASS  std::isfinite(in.y)
  PASS  std::isfinite(in.x)
  PASS  std::isfinite(in.y)
  PASS  std::isfinite(in.x)
  PASS  std::isfinite(in.y)
  PASS  std::isfinite(in.x)
  PASS  std::isfinite(in.y)
  PASS  std::isfinite(in.x)
  PASS  std::isfinite(in.y)
  PASS  std::isfinite(in.x)
  PASS  std::isfinite(in.y)
  PASS  std::isfinite(in.x)
  PASS  std::isfinite(in.y)
  PASS  std::isfinite(in.x)
  PASS  std::isfinite(in.y)
  PASS  std::isfinite(in.x)
  PASS  std::isfinite(in.y)
  PASS  std::isfinite(in.x)
  PASS  std::isfinite(in.y)
  PASS  std::isfinite(in.x)
  PASS  std::isfinite(in.y)
  PASS  std::isfinite(in.x)
  PASS  std::isfinite(in.y)
  PASS  std::isfinite(in.x)
  PASS  std::isfinite(in.y)
  PASS  std::isfinite(in.x)
  PASS  std::isfinite(in.y)
  PASS  std::isfinite(in.x)
  PASS  std::isfinite(in.y)
  PASS  std::isfinite(in.x)
  PASS  std::isfinite(in.y)
  PASS  std::isfinite(in.x)
  PASS  std::isfinite(in.y)
  PASS  std::isfinite(in.x)
  PASS  std::isfinite(in.y)
  PASS  std::isfinite(in.x)
  PASS  std::isfinite(in.y)
  PASS  std::isfinite(in.x)
  PASS  std::isfinite(in.y)
  PASS  std::isfinite(in.x)
  PASS  std::isfinite(in.y)
  PASS  std::isfinite(in.x)
  PASS  std::isfinite(in.y)
  PASS  std::isfinite(in.x)
  PASS  std::isfinite(in.y)
  PASS  std::isfinite(in.x)
  PASS  std::isfinite(in.y)
  PASS  std::isfinite(in.x)
  PASS  std::isfinite(in.y)
  PASS  std::isfinite(in.x)
  PASS  std::isfinite(in.y)
  PASS  std::isfinite(in.x)
  PASS  std::isfinite(in.y)
  PASS  std::isfinite(in.x)
  PASS  std::isfinite(in.y)
  PASS  std::isfinite(in.x)
  PASS  std::isfinite(in.y)
  PASS  std::isfinite(in.x)
  PASS  std::isfinite(in.y)
  PASS  std::isfinite(in.x)
  PASS  std::isfinite(in.y)
  PASS  std::isfinite(in.x)
  PASS  std::isfinite(in.y)
  PASS  std::isfinite(in.x)
  PASS  std::isfinite(in.y)
  PASS  std::isfinite(in.x)
  PASS  std::isfinite(in.y)
  PASS  std::isfinite(in.x)
  PASS  std::isfinite(in.y)
  PASS  std::isfinite(in.x)
  PASS  std::isfinite(in.y)
  PASS  std::isfinite(in.x)
  PASS  std::isfinite(in.y)
  PASS  std::isfinite(in.x)
  PASS  std::isfinite(in.y)
  PASS  std::isfinite(in.x)
  PASS  std::isfinite(in.y)
  PASS  std::isfinite(in.x)
  PASS  std::isfinite(in.y)
  PASS  std::isfinite(in.x)
  PASS  std::isfinite(in.y)
  PASS  std::isfinite(in.x)
  PASS  std::isfinite(in.y)
  PASS  std::isfinite(in.x)
  PASS  std::isfinite(in.y)
  PASS  std::isfinite(in.x)
  PASS  std::isfinite(in.y)
  PASS  std::isfinite(in.x)
  PASS  std::isfinite(in.y)
  PASS  std::isfinite(in.x)
  PASS  std::isfinite(in.y)
  PASS  std::isfinite(in.x)
  PASS  std::isfinite(in.y)
  PASS  std::isfinite(in.x)
  PASS  std::isfinite(in.y)
  PASS  std::isfinite(in.x)
  PASS  std::isfinite(in.y)
  PASS  std::isfinite(in.x)
  PASS  std::isfinite(in.y)
  PASS  std::isfinite(in.x)
  PASS  std::isfinite(in.y)
  PASS  std::isfinite(in.x)
  PASS  std::isfinite(in.y)
  PASS  std::isfinite(in.x)
  PASS  std::isfinite(in.y)
  PASS  std::isfinite(in.x)
  PASS  std::isfinite(in.y)
  PASS  std::isfinite(in.x)
  PASS  std::isfinite(in.y)
  PASS  std::isfinite(in.x)
  PASS  std::isfinite(in.y)
  PASS  std::isfinite(in.x)
  PASS  std::isfinite(in.y)
  PASS  std::isfinite(in.x)
  PASS  std::isfinite(in.y)
  PASS  std::isfinite(in.x)
  PASS  std::isfinite(in.y)
  PASS  std::isfinite(in.x)
  PASS  std::isfinite(in.y)
  PASS  std::isfinite(in.x)
  PASS  std::isfinite(in.y)
  PASS  std::isfinite(in.x)
  PASS  std::isfinite(in.y)
  PASS  std::isfinite(in.x)
  PASS  std::isfinite(in.y)
  PASS  std::isfinite(in.x)
  PASS  std::isfinite(in.y)
  PASS  std::isfinite(in.x)
  PASS  std::isfinite(in.y)
  PASS  std::isfinite(in.x)
  PASS  std::isfinite(in.y)
  PASS  std::isfinite(in.x)
  PASS  std::isfinite(in.y)
  PASS  std::isfinite(in.x)
  PASS  std::isfinite(in.y)
  PASS  std::isfinite(in.x)
  PASS  std::isfinite(in.y)
  PASS  std::isfinite(in.x)
  PASS  std::isfinite(in.y)
  PASS  std::isfinite(in.x)
  PASS  std::isfinite(in.y)
  PASS  std::isfinite(in.x)
  PASS  std::isfinite(in.y)
  PASS  std::isfinite(in.x)
  PASS  std::isfinite(in.y)
  PASS  std::isfinite(in.x)
  PASS  std::isfinite(in.y)
  PASS  std::isfinite(in.x)
  PASS  std::isfinite(in.y)
  PASS  std::isfinite(in.x)
  PASS  std::isfinite(in.y)
  PASS  std::isfinite(in.x)
  PASS  std::isfinite(in.y)
  PASS  std::isfinite(in.x)
  PASS  std::isfinite(in.y)
  PASS  std::isfinite(in.x)
  PASS  std::isfinite(in.y)
  PASS  std::isfinite(in.x)
  PASS  std::isfinite(in.y)
  PASS  std::isfinite(in.x)
  PASS  std::isfinite(in.y)
  PASS  std::isfinite(in.x)
  PASS  std::isfinite(in.y)
  PASS  std::isfinite(in.x)
  PASS  std::isfinite(in.y)
  PASS  std::isfinite(in.x)
  PASS  std::isfinite(in.y)
  PASS  std::isfinite(in.x)
  PASS  std::isfinite(in.y)
  PASS  std::isfinite(in.x)
  PASS  std::isfinite(in.y)
  PASS  std::isfinite(in.x)
  PASS  std::isfinite(in.y)
  PASS  std::isfinite(in.x)
  PASS  std::isfinite(in.y)
  PASS  std::isfinite(in.x)
  PASS  std::isfinite(in.y)
  PASS  std::isfinite(in.x)
  PASS  std::isfinite(in.y)
  PASS  std::isfinite(in.x)
  PASS  std::isfinite(in.y)
  PASS  std::isfinite(in.x)
  PASS  std::isfinite(in.y)
  PASS  std::isfinite(in.x)
  PASS  std::isfinite(in.y)
  PASS  std::isfinite(in.x)
  PASS  std::isfinite(in.y)
  PASS  std::isfinite(in.x)
  PASS  std::isfinite(in.y)
  PASS  std::isfinite(in.x)
  PASS  std::isfinite(in.y)
  PASS  std::isfinite(in.x)
  PASS  std::isfinite(in.y)
  PASS  std::isfinite(in.x)
  PASS  std::isfinite(in.y)
  PASS  std::isfinite(in.x)
  PASS  std::isfinite(in.y)
  PASS  std::isfinite(in.x)
  PASS  std::isfinite(in.y)
  PASS  std::isfinite(in.x)
  PASS  std::isfinite(in.y)
  PASS  std::isfinite(in.x)
  PASS  std::isfinite(in.y)
  PASS  std::isfinite(in.x)
  PASS  std::isfinite(in.y)
  PASS  std::isfinite(in.x)
  PASS  std::isfinite(in.y)
  PASS  std::isfinite(in.x)
  PASS  std::isfinite(in.y)
  PASS  std::isfinite(in.x)
  PASS  std::isfinite(in.y)
  PASS  std::isfinite(in.x)
  PASS  std::isfinite(in.y)
  PASS  std::isfinite(in.x)
  PASS  std::isfinite(in.y)
  PASS  std::isfinite(in.x)
  PASS  std::isfinite(in.y)
  PASS  std::isfinite(in.x)
  PASS  std::isfinite(in.y)
  PASS  std::isfinite(in.x)
  PASS  std::isfinite(in.y)
  PASS  std::isfinite(in.x)
  PASS  std::isfinite(in.y)
  PASS  std::isfinite(in.x)
  PASS  std::isfinite(in.y)
  PASS  std::isfinite(in.x)
  PASS  std::isfinite(in.y)
  PASS  std::isfinite(in.x)
  PASS  std::isfinite(in.y)
  PASS  std::isfinite(in.x)
  PASS  std::isfinite(in.y)
  PASS  std::isfinite(in.x)
  PASS  std::isfinite(in.y)
  PASS  std::isfinite(in.x)
  PASS  std::isfinite(in.y)
  PASS  std::isfinite(in.x)
  PASS  std::isfinite(in.y)
  PASS  std::isfinite(in.x)
  PASS  std::isfinite(in.y)
  PASS  std::isfinite(in.x)
  PASS  std::isfinite(in.y)
  PASS  std::isfinite(in.x)
  PASS  std::isfinite(in.y)
  PASS  std::isfinite(in.x)
  PASS  std::isfinite(in.y)
  PASS  std::isfinite(in.x)
  PASS  std::isfinite(in.y)
  PASS  std::isfinite(in.x)
  PASS  std::isfinite(in.y)
  PASS  std::isfinite(in.x)
  PASS  std::isfinite(in.y)
  PASS  std::isfinite(in.x)
  PASS  std::isfinite(in.y)
  PASS  std::isfinite(in.x)
  PASS  std::isfinite(in.y)
  PASS  std::isfinite(in.x)
  PASS  std::isfinite(in.y)
  PASS  std::isfinite(in.x)
  PASS  std::isfinite(in.y)
  PASS  std::isfinite(in.x)
  PASS  std::isfinite(in.y)
  PASS  std::isfinite(in.x)
  PASS  std::isfinite(in.y)
  PASS  std::isfinite(in.x)
  PASS  std::isfinite(in.y)
  PASS  std::isfinite(in.x)
  PASS  std::isfinite(in.y)
  PASS  std::isfinite(in.x)
  PASS  std::isfinite(in.y)
  PASS  std::isfinite(in.x)
  PASS  std::isfinite(in.y)
  PASS  std::isfinite(in.x)
  PASS  std::isfinite(in.y)
  PASS  std::isfinite(in.x)
  PASS  std::isfinite(in.y)
  PASS  std::isfinite(in.x)
  PASS  std::isfinite(in.y)
  PASS  std::isfinite(in.x)
  PASS  std::isfinite(in.y)
  PASS  std::isfinite(in.x)
  PASS  std::isfinite(in.y)
  PASS  std::isfinite(in.x)
  PASS  std::isfinite(in.y)
  PASS  std::isfinite(in.x)
  PASS  std::isfinite(in.y)
  PASS  std::isfinite(in.x)
  PASS  std::isfinite(in.y)
  PASS  std::isfinite(in.x)
  PASS  std::isfinite(in.y)
  PASS  std::isfinite(in.x)
  PASS  std::isfinite(in.y)
  PASS  std::isfinite(in.x)
  PASS  std::isfinite(in.y)
  PASS  std::isfinite(in.x)
  PASS  std::isfinite(in.y)
  PASS  std::isfinite(in.x)
  PASS  std::isfinite(in.y)
  PASS  std::isfinite(in.x)
  PASS  std::isfinite(in.y)
  PASS  std::isfinite(in.x)
  PASS  std::isfinite(in.y)
  PASS  std::isfinite(in.x)
  PASS  std::isfinite(in.y)
  PASS  std::isfinite(in.x)
  PASS  std::isfinite(in.y)
  PASS  std::isfinite(in.x)
  PASS  std::isfinite(in.y)
  PASS  std::isfinite(in.x)
  PASS  std::isfinite(in.y)
  PASS  std::isfinite(in.x)
  PASS  std::isfinite(in.y)
  PASS  std::isfinite(in.x)
  PASS  std::isfinite(in.y)
  PASS  std::isfinite(in.x)
  PASS  std::isfinite(in.y)
  PASS  std::isfinite(in.x)
  PASS  std::isfinite(in.y)
  PASS  std::isfinite(in.x)
  PASS  std::isfinite(in.y)
  PASS  std::isfinite(in.x)
  PASS  std::isfinite(in.y)
  PASS  std::isfinite(in.x)
  PASS  std::isfinite(in.y)
  PASS  std::isfinite(in.x)
  PASS  std::isfinite(in.y)
  PASS  std::isfinite(in.x)
  PASS  std::isfinite(in.y)
  PASS  std::isfinite(in.x)
  PASS  std::isfinite(in.y)
  PASS  std::isfinite(in.x)
  PASS  std::isfinite(in.y)
  PASS  std::isfinite(in.x)
  PASS  std::isfinite(in.y)
  PASS  std::isfinite(in.x)
  PASS  std::isfinite(in.y)
  PASS  std::isfinite(in.x)
  PASS  std::isfinite(in.y)
  PASS  std::isfinite(in.x)
  PASS  std::isfinite(in.y)
  PASS  std::isfinite(in.x)
  PASS  std::isfinite(in.y)
  PASS  std::isfinite(in.x)
  PASS  std::isfinite(in.y)
  PASS  std::isfinite(in.x)
  PASS  std::isfinite(in.y)
  PASS  std::isfinite(in.x)
  PASS  std::isfinite(in.y)
  PASS  std::isfinite(in.x)
  PASS  std::isfinite(in.y)
  PASS  std::isfinite(in.x)
  PASS  std::isfinite(in.y)
  PASS  std::isfinite(in.x)
  PASS  std::isfinite(in.y)
  PASS  std::isfinite(in.x)
  PASS  std::isfinite(in.y)
  PASS  std::isfinite(in.x)
  PASS  std::isfinite(in.y)
  PASS  std::isfinite(in.x)
  PASS  std::isfinite(in.y)
  PASS  std::isfinite(in.x)
  PASS  std::isfinite(in.y)
  PASS  std::isfinite(in.x)
  PASS  std::isfinite(in.y)
  PASS  std::isfinite(in.x)
  PASS  std::isfinite(in.y)
  PASS  std::isfinite(in.x)
  PASS  std::isfinite(in.y)
  PASS  std::isfinite(in.x)
  PASS  std::isfinite(in.y)
  PASS  std::isfinite(in.x)
  PASS  std::isfinite(in.y)
  PASS  std::isfinite(in.x)
  PASS  std::isfinite(in.y)
  PASS  std::isfinite(in.x)
  PASS  std::isfinite(in.y)
  PASS  std::isfinite(in.x)
  PASS  std::isfinite(in.y)
  PASS  std::isfinite(in.x)
  PASS  std::isfinite(in.y)
  PASS  std::isfinite(in.x)
  PASS  std::isfinite(in.y)
  PASS  std::isfinite(in.x)
  PASS  std::isfinite(in.y)
  PASS  std::isfinite(in.x)
  PASS  std::isfinite(in.y)
  PASS  std::isfinite(in.x)
  PASS  std::isfinite(in.y)
  PASS  std::isfinite(in.x)
  PASS  std::isfinite(in.y)
  PASS  std::isfinite(in.x)
  PASS  std::isfinite(in.y)
  PASS  std::isfinite(in.x)
  PASS  std::isfinite(in.y)
  PASS  std::isfinite(in.x)
  PASS  std::isfinite(in.y)
  PASS  std::isfinite(in.x)
  PASS  std::isfinite(in.y)
  PASS  std::isfinite(in.x)
  PASS  std::isfinite(in.y)
  PASS  std::isfinite(in.x)
  PASS  std::isfinite(in.y)
  PASS  std::isfinite(in.x)
  PASS  std::isfinite(in.y)
  PASS  std::isfinite(in.x)
  PASS  std::isfinite(in.y)
  PASS  std::isfinite(in.x)
  PASS  std::isfinite(in.y)
  PASS  std::isfinite(in.x)
  PASS  std::isfinite(in.y)
  PASS  std::isfinite(in.x)
  PASS  std::isfinite(in.y)
  PASS  std::isfinite(in.x)
  PASS  std::isfinite(in.y)
  PASS  std::isfinite(in.x)
  PASS  std::isfinite(in.y)
  PASS  std::isfinite(in.x)
  PASS  std::isfinite(in.y)
  PASS  std::isfinite(in.x)
  PASS  std::isfinite(in.y)
  PASS  std::isfinite(in.x)
  PASS  std::isfinite(in.y)
  PASS  std::isfinite(in.x)
  PASS  std::isfinite(in.y)
  PASS  std::isfinite(in.x)
  PASS  std::isfinite(in.y)
  PASS  std::isfinite(in.x)
  PASS  std::isfinite(in.y)
  PASS  std::isfinite(in.x)
  PASS  std::isfinite(in.y)
  PASS  std::isfinite(in.x)
  PASS  std::isfinite(in.y)
  PASS  std::isfinite(in.x)
  PASS  std::isfinite(in.y)
  PASS  std::isfinite(in.x)
  PASS  std::isfinite(in.y)
  PASS  std::isfinite(in.x)
  PASS  std::isfinite(in.y)
  PASS  std::isfinite(in.x)
  PASS  std::isfinite(in.y)
  PASS  std::isfinite(in.x)
  PASS  std::isfinite(in.y)
  PASS  std::isfinite(in.x)
  PASS  std::isfinite(in.y)
  PASS  std::isfinite(in.x)
  PASS  std::isfinite(in.y)
  PASS  std::isfinite(in.x)
  PASS  std::isfinite(in.y)
  PASS  std::isfinite(in.x)
  PASS  std::isfinite(in.y)
  PASS  std::isfinite(in.x)
  PASS  std::isfinite(in.y)
  PASS  std::isfinite(in.x)
  PASS  std::isfinite(in.y)
  PASS  std::isfinite(in.x)
  PASS  std::isfinite(in.y)
  PASS  std::isfinite(in.x)
  PASS  std::isfinite(in.y)
  PASS  std::isfinite(in.x)
  PASS  std::isfinite(in.y)
  PASS  std::isfinite(in.x)
  PASS  std::isfinite(in.y)
  PASS  std::isfinite(in.x)
  PASS  std::isfinite(in.y)
  PASS  std::isfinite(in.x)
  PASS  std::isfinite(in.y)
  PASS  std::isfinite(in.x)
  PASS  std::isfinite(in.y)
  PASS  std::isfinite(in.x)
  PASS  std::isfinite(in.y)
  PASS  std::isfinite(in.x)
  PASS  std::isfinite(in.y)
  PASS  std::isfinite(in.x)
  PASS  std::isfinite(in.y)
  PASS  std::isfinite(in.x)
  PASS  std::isfinite(in.y)
  PASS  std::isfinite(in.x)
  PASS  std::isfinite(in.y)
  PASS  std::isfinite(in.x)
  PASS  std::isfinite(in.y)
  PASS  std::isfinite(in.x)
  PASS  std::isfinite(in.y)
  PASS  std::isfinite(in.x)
  PASS  std::isfinite(in.y)
  PASS  std::isfinite(in.x)
  PASS  std::isfinite(in.y)
  PASS  std::isfinite(in.x)
  PASS  std::isfinite(in.y)
  PASS  std::isfinite(in.x)
  PASS  std::isfinite(in.y)
  PASS  std::isfinite(in.x)
  PASS  std::isfinite(in.y)
  PASS  std::isfinite(in.x)
  PASS  std::isfinite(in.y)
  PASS  std::isfinite(in.x)
  PASS  std::isfinite(in.y)
  PASS  std::isfinite(in.x)
  PASS  std::isfinite(in.y)
  PASS  std::isfinite(in.x)
  PASS  std::isfinite(in.y)
  PASS  std::isfinite(in.x)
  PASS  std::isfinite(in.y)
  PASS  std::isfinite(in.x)
  PASS  std::isfinite(in.y)
  PASS  std::isfinite(in.x)
  PASS  std::isfinite(in.y)
  PASS  std::isfinite(in.x)
  PASS  std::isfinite(in.y)
  PASS  std::isfinite(in.x)
  PASS  std::isfinite(in.y)
  PASS  std::isfinite(in.x)
  PASS  std::isfinite(in.y)
  PASS  std::isfinite(in.x)
  PASS  std::isfinite(in.y)
  PASS  std::isfinite(in.x)
  PASS  std::isfinite(in.y)
  PASS  std::isfinite(in.x)
  PASS  std::isfinite(in.y)
  PASS  std::isfinite(in.x)
  PASS  std::isfinite(in.y)
  PASS  std::isfinite(in.x)
  PASS  std::isfinite(in.y)
  PASS  std::isfinite(in.x)
  PASS  std::isfinite(in.y)
  PASS  std::isfinite(in.x)
  PASS  std::isfinite(in.y)
  PASS  std::isfinite(in.x)
  PASS  std::isfinite(in.y)
  PASS  std::isfinite(in.x)
  PASS  std::isfinite(in.y)
  PASS  std::isfinite(in.x)
  PASS  std::isfinite(in.y)
  PASS  std::isfinite(in.x)
  PASS  std::isfinite(in.y)
  PASS  std::isfinite(in.x)
  PASS  std::isfinite(in.y)
  PASS  std::isfinite(in.x)
  PASS  std::isfinite(in.y)
  PASS  std::isfinite(in.x)
  PASS  std::isfinite(in.y)
  PASS  std::isfinite(in.x)
  PASS  std::isfinite(in.y)
  PASS  std::isfinite(in.x)
  PASS  std::isfinite(in.y)
  PASS  std::isfinite(in.x)
  PASS  std::isfinite(in.y)
  PASS  std::isfinite(in.x)
  PASS  std::isfinite(in.y)
  PASS  std::isfinite(in.x)
  PASS  std::isfinite(in.y)
  PASS  std::isfinite(in.x)
  PASS  std::isfinite(in.y)
  PASS  std::isfinite(in.x)
  PASS  std::isfinite(in.y)
  PASS  std::isfinite(in.x)
  PASS  std::isfinite(in.y)
  PASS  std::isfinite(in.x)
  PASS  std::isfinite(in.y)
  PASS  std::isfinite(in.x)
  PASS  std::isfinite(in.y)
  PASS  std::isfinite(in.x)
  PASS  std::isfinite(in.y)
  PASS  std::isfinite(in.x)
  PASS  std::isfinite(in.y)
  PASS  std::isfinite(in.x)
  PASS  std::isfinite(in.y)
  PASS  std::isfinite(in.x)
  PASS  std::isfinite(in.y)
  PASS  std::isfinite(in.x)
  PASS  std::isfinite(in.y)
  PASS  std::isfinite(in.x)
  PASS  std::isfinite(in.y)
  PASS  std::isfinite(in.x)
  PASS  std::isfinite(in.y)
  PASS  std::isfinite(in.x)
  PASS  std::isfinite(in.y)
  PASS  std::isfinite(in.x)
  PASS  std::isfinite(in.y)
  PASS  std::isfinite(in.x)
  PASS  std::isfinite(in.y)
  PASS  std::isfinite(in.x)
  PASS  std::isfinite(in.y)
  PASS  std::isfinite(in.x)
  PASS  std::isfinite(in.y)
  PASS  std::isfinite(in.x)
  PASS  std::isfinite(in.y)
  PASS  std::isfinite(in.x)
  PASS  std::isfinite(in.y)
  PASS  std::isfinite(in.x)
  PASS  std::isfinite(in.y)
  PASS  std::isfinite(in.x)
  PASS  std::isfinite(in.y)
  PASS  std::isfinite(in.x)
  PASS  std::isfinite(in.y)
  PASS  std::isfinite(in.x)
  PASS  std::isfinite(in.y)
  PASS  std::isfinite(in.x)
  PASS  std::isfinite(in.y)
  PASS  std::isfinite(in.x)
  PASS  std::isfinite(in.y)
  PASS  std::isfinite(in.x)
  PASS  std::isfinite(in.y)
  PASS  std::isfinite(in.x)
  PASS  std::isfinite(in.y)
  PASS  std::isfinite(in.x)
  PASS  std::isfinite(in.y)
  PASS  std::isfinite(in.x)
  PASS  std::isfinite(in.y)
  PASS  std::isfinite(in.x)
  PASS  std::isfinite(in.y)
  PASS  std::isfinite(in.x)
  PASS  std::isfinite(in.y)
  PASS  std::isfinite(in.x)
  PASS  std::isfinite(in.y)
  PASS  std::isfinite(in.x)
  PASS  std::isfinite(in.y)
  PASS  std::isfinite(in.x)
  PASS  std::isfinite(in.y)
  PASS  std::isfinite(in.x)
  PASS  std::isfinite(in.y)
  PASS  std::isfinite(in.x)
  PASS  std::isfinite(in.y)
  PASS  std::isfinite(in.x)
  PASS  std::isfinite(in.y)
  PASS  std::isfinite(in.x)
  PASS  std::isfinite(in.y)
  PASS  std::isfinite(in.x)
  PASS  std::isfinite(in.y)
  PASS  std::isfinite(in.x)
  PASS  std::isfinite(in.y)
  PASS  std::isfinite(in.x)
  PASS  std::isfinite(in.y)
  PASS  std::isfinite(in.x)
  PASS  std::isfinite(in.y)
  PASS  std::isfinite(in.x)
  PASS  std::isfinite(in.y)
  PASS  std::isfinite(in.x)
  PASS  std::isfinite(in.y)
  PASS  std::isfinite(in.x)
  PASS  std::isfinite(in.y)
  PASS  std::isfinite(in.x)
  PASS  std::isfinite(in.y)
  PASS  std::isfinite(in.x)
  PASS  std::isfinite(in.y)
  PASS  std::isfinite(in.x)
  PASS  std::isfinite(in.y)
  PASS  std::isfinite(in.x)
  PASS  std::isfinite(in.y)
  PASS  std::isfinite(in.x)
  PASS  std::isfinite(in.y)
  PASS  std::isfinite(in.x)
  PASS  std::isfinite(in.y)
  PASS  std::isfinite(in.x)
  PASS  std::isfinite(in.y)
  PASS  std::isfinite(in.x)
  PASS  std::isfinite(in.y)
  PASS  std::isfinite(in.x)
  PASS  std::isfinite(in.y)
  PASS  std::isfinite(in.x)
  PASS  std::isfinite(in.y)
  PASS  std::isfinite(in.x)
  PASS  std::isfinite(in.y)
  PASS  std::isfinite(in.x)
  PASS  std::isfinite(in.y)
  PASS  std::isfinite(in.x)
  PASS  std::isfinite(in.y)
  PASS  std::isfinite(in.x)
  PASS  std::isfinite(in.y)
  PASS  std::isfinite(in.x)
  PASS  std::isfinite(in.y)
  PASS  std::isfinite(in.x)
  PASS  std::isfinite(in.y)
  PASS  std::isfinite(in.x)
  PASS  std::isfinite(in.y)
  PASS  std::isfinite(in.x)
  PASS  std::isfinite(in.y)
  PASS  std::isfinite(in.x)
  PASS  std::isfinite(in.y)
  PASS  std::isfinite(in.x)
  PASS  std::isfinite(in.y)
  PASS  std::isfinite(in.x)
  PASS  std::isfinite(in.y)
  PASS  std::isfinite(in.x)
  PASS  std::isfinite(in.y)
  PASS  std::isfinite(in.x)
  PASS  std::isfinite(in.y)
  PASS  std::isfinite(in.x)
  PASS  std::isfinite(in.y)
  PASS  std::isfinite(in.x)
  PASS  std::isfinite(in.y)
  PASS  std::isfinite(in.x)
  PASS  std::isfinite(in.y)
  PASS  std::isfinite(in.x)
  PASS  std::isfinite(in.y)
  PASS  std::isfinite(in.x)
  PASS  std::isfinite(in.y)
  PASS  std::isfinite(in.x)
  PASS  std::isfinite(in.y)
  PASS  std::isfinite(in.x)
  PASS  std::isfinite(in.y)
  PASS  std::isfinite(in.x)
  PASS  std::isfinite(in.y)
  PASS  std::isfinite(in.x)
  PASS  std::isfinite(in.y)
  PASS  std::isfinite(in.x)
  PASS  std::isfinite(in.y)
  PASS  std::isfinite(in.x)
  PASS  std::isfinite(in.y)
  PASS  std::isfinite(in.x)
  PASS  std::isfinite(in.y)
  PASS  std::isfinite(in.x)
  PASS  std::isfinite(in.y)
  PASS  std::isfinite(in.x)
  PASS  std::isfinite(in.y)
  PASS  std::isfinite(in.x)
  PASS  std::isfinite(in.y)
  PASS  std::isfinite(in.x)
  PASS  std::isfinite(in.y)
  PASS  std::isfinite(in.x)
  PASS  std::isfinite(in.y)
  PASS  std::isfinite(in.x)
  PASS  std::isfinite(in.y)
  PASS  std::isfinite(in.x)
  PASS  std::isfinite(in.y)
  PASS  std::isfinite(in.x)
  PASS  std::isfinite(in.y)
  PASS  std::isfinite(in.x)
  PASS  std::isfinite(in.y)
  PASS  std::isfinite(in.x)
  PASS  std::isfinite(in.y)
  PASS  std::isfinite(in.x)
  PASS  std::isfinite(in.y)
  PASS  std::isfinite(in.x)
  PASS  std::isfinite(in.y)
  PASS  std::isfinite(in.x)
  PASS  std::isfinite(in.y)
  PASS  std::isfinite(in.x)
  PASS  std::isfinite(in.y)
  PASS  std::isfinite(in.x)
  PASS  std::isfinite(in.y)
  PASS  std::isfinite(in.x)
  PASS  std::isfinite(in.y)
  PASS  std::isfinite(in.x)
  PASS  std::isfinite(in.y)
  PASS  std::isfinite(in.x)
  PASS  std::isfinite(in.y)
  PASS  std::isfinite(in.x)
  PASS  std::isfinite(in.y)
  PASS  std::isfinite(in.x)
  PASS  std::isfinite(in.y)
  PASS  std::isfinite(in.x)
  PASS  std::isfinite(in.y)
  PASS  std::isfinite(in.x)
  PASS  std::isfinite(in.y)
  PASS  std::isfinite(in.x)
  PASS  std::isfinite(in.y)
  PASS  std::isfinite(in.x)
  PASS  std::isfinite(in.y)
  PASS  std::isfinite(in.x)
  PASS  std::isfinite(in.y)
  PASS  std::isfinite(in.x)
  PASS  std::isfinite(in.y)
  PASS  std::isfinite(in.x)
  PASS  std::isfinite(in.y)
  PASS  std::isfinite(in.x)
  PASS  std::isfinite(in.y)
  PASS  std::isfinite(in.x)
  PASS  std::isfinite(in.y)
  PASS  std::isfinite(in.x)
  PASS  std::isfinite(in.y)
  PASS  std::isfinite(in.x)
  PASS  std::isfinite(in.y)
  PASS  std::isfinite(in.x)
  PASS  std::isfinite(in.y)
  PASS  std::isfinite(in.x)
  PASS  std::isfinite(in.y)
  PASS  std::isfinite(in.x)
  PASS  std::isfinite(in.y)
  PASS  std::isfinite(in.x)
  PASS  std::isfinite(in.y)
  PASS  std::isfinite(in.x)
  PASS  std::isfinite(in.y)
  PASS  std::isfinite(in.x)
  PASS  std::isfinite(in.y)
  PASS  std::isfinite(in.x)
  PASS  std::isfinite(in.y)
  PASS  std::isfinite(in.x)
  PASS  std::isfinite(in.y)
  PASS  std::isfinite(in.x)
  PASS  std::isfinite(in.y)
  PASS  std::isfinite(in.x)
  PASS  std::isfinite(in.y)
  PASS  std::isfinite(in.x)
  PASS  std::isfinite(in.y)
  PASS  std::isfinite(in.x)
  PASS  std::isfinite(in.y)
  PASS  std::isfinite(in.x)
  PASS  std::isfinite(in.y)
  PASS  std::isfinite(in.x)
  PASS  std::isfinite(in.y)
  PASS  std::isfinite(in.x)
  PASS  std::isfinite(in.y)
  PASS  std::isfinite(in.x)
  PASS  std::isfinite(in.y)
  PASS  std::isfinite(in.x)
  PASS  std::isfinite(in.y)
  PASS  std::isfinite(in.x)
  PASS  std::isfinite(in.y)
  PASS  std::isfinite(in.x)
  PASS  std::isfinite(in.y)
  PASS  std::isfinite(in.x)
  PASS  std::isfinite(in.y)
  PASS  std::isfinite(in.x)
  PASS  std::isfinite(in.y)
  PASS  std::isfinite(in.x)
  PASS  std::isfinite(in.y)
  PASS  std::isfinite(in.x)
  PASS  std::isfinite(in.y)
  PASS  std::isfinite(in.x)
  PASS  std::isfinite(in.y)
  PASS  std::isfinite(in.x)
  PASS  std::isfinite(in.y)
  PASS  std::isfinite(in.x)
  PASS  std::isfinite(in.y)
  PASS  std::isfinite(in.x)
  PASS  std::isfinite(in.y)
  PASS  std::isfinite(in.x)
  PASS  std::isfinite(in.y)
  PASS  std::isfinite(in.x)
  PASS  std::isfinite(in.y)
  PASS  std::isfinite(in.x)
  PASS  std::isfinite(in.y)
  PASS  std::isfinite(in.x)
  PASS  std::isfinite(in.y)
  PASS  std::isfinite(in.x)
  PASS  std::isfinite(in.y)
  PASS  std::isfinite(in.x)
  PASS  std::isfinite(in.y)
  PASS  std::isfinite(in.x)
  PASS  std::isfinite(in.y)
  PASS  std::isfinite(in.x)
  PASS  std::isfinite(in.y)
  PASS  std::isfinite(in.x)
  PASS  std::isfinite(in.y)
  PASS  std::isfinite(in.x)
  PASS  std::isfinite(in.y)
  PASS  std::isfinite(in.x)
  PASS  std::isfinite(in.y)
  PASS  std::isfinite(in.x)
  PASS  std::isfinite(in.y)
  PASS  std::isfinite(in.x)
  PASS  std::isfinite(in.y)
  PASS  std::isfinite(in.x)
  PASS  std::isfinite(in.y)
  PASS  std::isfinite(in.x)
  PASS  std::isfinite(in.y)
  PASS  std::isfinite(in.x)
  PASS  std::isfinite(in.y)
  PASS  std::isfinite(in.x)
  PASS  std::isfinite(in.y)
  PASS  std::isfinite(in.x)
  PASS  std::isfinite(in.y)
  PASS  std::isfinite(in.x)
  PASS  std::isfinite(in.y)
  PASS  std::isfinite(in.x)
  PASS  std::isfinite(in.y)
  PASS  std::isfinite(in.x)
  PASS  std::isfinite(in.y)
  PASS  std::isfinite(in.x)
  PASS  std::isfinite(in.y)
  PASS  std::isfinite(in.x)
  PASS  std::isfinite(in.y)
  PASS  std::isfinite(in.x)
  PASS  std::isfinite(in.y)
  PASS  std::isfinite(in.x)
  PASS  std::isfinite(in.y)
  PASS  std::isfinite(in.x)
  PASS  std::isfinite(in.y)
  PASS  std::isfinite(in.x)
  PASS  std::isfinite(in.y)
  PASS  std::isfinite(in.x)
  PASS  std::isfinite(in.y)
  PASS  std::isfinite(in.x)
  PASS  std::isfinite(in.y)
  PASS  std::isfinite(in.x)
  PASS  std::isfinite(in.y)
  PASS  std::isfinite(in.x)
  PASS  std::isfinite(in.y)
  PASS  std::isfinite(in.x)
  PASS  std::isfinite(in.y)
  PASS  std::isfinite(in.x)
  PASS  std::isfinite(in.y)
  PASS  std::isfinite(in.x)
  PASS  std::isfinite(in.y)
  PASS  std::isfinite(in.x)
  PASS  std::isfinite(in.y)
  PASS  std::isfinite(in.x)
  PASS  std::isfinite(in.y)
  PASS  std::isfinite(in.x)
  PASS  std::isfinite(in.y)
  PASS  std::isfinite(in.x)
  PASS  std::isfinite(in.y)
  PASS  std::isfinite(in.x)
  PASS  std::isfinite(in.y)
  PASS  std::isfinite(in.x)
  PASS  std::isfinite(in.y)
  PASS  std::isfinite(in.x)
  PASS  std::isfinite(in.y)
  PASS  std::isfinite(in.x)
  PASS  std::isfinite(in.y)
  PASS  std::isfinite(in.x)
  PASS  std::isfinite(in.y)
  PASS  std::isfinite(in.x)
  PASS  std::isfinite(in.y)
  PASS  std::isfinite(in.x)
  PASS  std::isfinite(in.y)
  PASS  std::isfinite(in.x)
  PASS  std::isfinite(in.y)
  PASS  std::isfinite(in.x)
  PASS  std::isfinite(in.y)
  PASS  std::isfinite(in.x)
  PASS  std::isfinite(in.y)
  PASS  std::isfinite(in.x)
  PASS  std::isfinite(in.y)
  PASS  std::isfinite(in.x)
  PASS  std::isfinite(in.y)
  PASS  std::isfinite(in.x)
  PASS  std::isfinite(in.y)
  PASS  std::isfinite(in.x)
  PASS  std::isfinite(in.y)
  PASS  std::isfinite(in.x)
  PASS  std::isfinite(in.y)
  PASS  std::isfinite(in.x)
  PASS  std::isfinite(in.y)
  PASS  std::isfinite(in.x)
  PASS  std::isfinite(in.y)
  PASS  std::isfinite(in.x)
  PASS  std::isfinite(in.y)
  PASS  std::isfinite(in.x)
  PASS  std::isfinite(in.y)
  PASS  std::isfinite(in.x)
  PASS  std::isfinite(in.y)
  PASS  std::isfinite(in.x)
  PASS  std::isfinite(in.y)
  PASS  std::isfinite(in.x)
  PASS  std::isfinite(in.y)
  PASS  std::isfinite(in.x)
  PASS  std::isfinite(in.y)
  PASS  std::isfinite(in.x)
  PASS  std::isfinite(in.y)
  PASS  std::isfinite(in.x)
  PASS  std::isfinite(in.y)
  PASS  std::isfinite(in.x)
  PASS  std::isfinite(in.y)
  PASS  std::isfinite(in.x)
  PASS  std::isfinite(in.y)
  PASS  std::isfinite(in.x)
  PASS  std::isfinite(in.y)
  PASS  std::isfinite(in.x)
  PASS  std::isfinite(in.y)
  PASS  std::isfinite(in.x)
  PASS  std::isfinite(in.y)
  PASS  std::isfinite(in.x)
  PASS  std::isfinite(in.y)
  PASS  std::isfinite(in.x)
  PASS  std::isfinite(in.y)
  PASS  std::isfinite(in.x)
  PASS  std::isfinite(in.y)
  PASS  std::isfinite(in.x)
  PASS  std::isfinite(in.y)
  PASS  std::isfinite(in.x)
  PASS  std::isfinite(in.y)
  PASS  std::isfinite(in.x)
  PASS  std::isfinite(in.y)
  PASS  std::isfinite(in.x)
  PASS  std::isfinite(in.y)
  PASS  std::isfinite(in.x)
  PASS  std::isfinite(in.y)
  PASS  std::isfinite(in.x)
  PASS  std::isfinite(in.y)
  PASS  std::isfinite(in.x)
  PASS  std::isfinite(in.y)
  PASS  std::isfinite(in.x)
  PASS  std::isfinite(in.y)
  PASS  std::isfinite(in.x)
  PASS  std::isfinite(in.y)
  PASS  std::isfinite(in.x)
  PASS  std::isfinite(in.y)
  PASS  std::isfinite(in.x)
  PASS  std::isfinite(in.y)
  PASS  std::isfinite(in.x)
  PASS  std::isfinite(in.y)
  PASS  std::isfinite(in.x)
  PASS  std::isfinite(in.y)
  PASS  std::isfinite(in.x)
  PASS  std::isfinite(in.y)
  PASS  std::isfinite(in.x)
  PASS  std::isfinite(in.y)
  PASS  std::isfinite(in.x)
  PASS  std::isfinite(in.y)
  PASS  std::isfinite(in.x)
  PASS  std::isfinite(in.y)
  PASS  std::isfinite(in.x)
  PASS  std::isfinite(in.y)
  PASS  std::isfinite(in.x)
  PASS  std::isfinite(in.y)
  PASS  std::isfinite(in.x)
  PASS  std::isfinite(in.y)
  PASS  std::isfinite(in.x)
  PASS  std::isfinite(in.y)
  PASS  std::isfinite(in.x)
  PASS  std::isfinite(in.y)
  PASS  std::isfinite(in.x)
  PASS  std::isfinite(in.y)
  PASS  std::isfinite(in.x)
  PASS  std::isfinite(in.y)
  PASS  std::isfinite(in.x)
  PASS  std::isfinite(in.y)
  PASS  std::isfinite(in.x)
  PASS  std::isfinite(in.y)
  PASS  std::isfinite(in.x)
  PASS  std::isfinite(in.y)
  PASS  std::isfinite(in.x)
  PASS  std::isfinite(in.y)
  PASS  std::isfinite(in.x)
  PASS  std::isfinite(in.y)
  PASS  std::isfinite(in.x)
  PASS  std::isfinite(in.y)
  PASS  std::isfinite(in.x)
  PASS  std::isfinite(in.y)
  PASS  std::isfinite(in.x)
  PASS  std::isfinite(in.y)
  PASS  std::isfinite(in.x)
  PASS  std::isfinite(in.y)
  PASS  std::isfinite(in.x)
  PASS  std::isfinite(in.y)
  PASS  std::isfinite(in.x)
  PASS  std::isfinite(in.y)
  PASS  std::isfinite(in.x)
  PASS  std::isfinite(in.y)
  PASS  std::isfinite(in.x)
  PASS  std::isfinite(in.y)
  PASS  std::isfinite(in.x)
  PASS  std::isfinite(in.y)
  PASS  std::isfinite(in.x)
  PASS  std::isfinite(in.y)
  PASS  std::isfinite(in.x)
  PASS  std::isfinite(in.y)
  PASS  std::isfinite(in.x)
  PASS  std::isfinite(in.y)
  PASS  std::isfinite(in.x)
  PASS  std::isfinite(in.y)
  PASS  std::isfinite(in.x)
  PASS  std::isfinite(in.y)
  PASS  std::isfinite(in.x)
  PASS  std::isfinite(in.y)
  PASS  std::isfinite(in.x)
  PASS  std::isfinite(in.y)
  PASS  std::isfinite(in.x)
  PASS  std::isfinite(in.y)
  PASS  std::isfinite(in.x)
  PASS  std::isfinite(in.y)
  PASS  std::isfinite(in.x)
  PASS  std::isfinite(in.y)
  PASS  std::isfinite(in.x)
  PASS  std::isfinite(in.y)
  PASS  std::isfinite(in.x)
  PASS  std::isfinite(in.y)
  PASS  std::isfinite(in.x)
  PASS  std::isfinite(in.y)
  PASS  std::isfinite(in.x)
  PASS  std::isfinite(in.y)
  PASS  std::isfinite(in.x)
  PASS  std::isfinite(in.y)
  PASS  std::isfinite(in.x)
  PASS  std::isfinite(in.y)
  PASS  std::isfinite(in.x)
  PASS  std::isfinite(in.y)
  PASS  std::isfinite(in.x)
  PASS  std::isfinite(in.y)
  PASS  std::isfinite(in.x)
  PASS  std::isfinite(in.y)
  PASS  std::isfinite(in.x)
  PASS  std::isfinite(in.y)
  PASS  std::isfinite(in.x)
  PASS  std::isfinite(in.y)
  PASS  std::isfinite(in.x)
  PASS  std::isfinite(in.y)
  PASS  std::isfinite(in.x)
  PASS  std::isfinite(in.y)
  PASS  std::isfinite(in.x)
  PASS  std::isfinite(in.y)
  PASS  std::isfinite(in.x)
  PASS  std::isfinite(in.y)
  PASS  std::isfinite(in.x)
  PASS  std::isfinite(in.y)
  PASS  std::isfinite(in.x)
  PASS  std::isfinite(in.y)
  PASS  std::isfinite(in.x)
  PASS  std::isfinite(in.y)
  PASS  std::isfinite(in.x)
  PASS  std::isfinite(in.y)
  PASS  std::isfinite(in.x)
  PASS  std::isfinite(in.y)
  PASS  std::isfinite(in.x)
  PASS  std::isfinite(in.y)
  PASS  std::isfinite(in.x)
  PASS  std::isfinite(in.y)
  PASS  std::isfinite(in.x)
  PASS  std::isfinite(in.y)
  PASS  std::isfinite(in.x)
  PASS  std::isfinite(in.y)
  PASS  std::isfinite(in.x)
  PASS  std::isfinite(in.y)
  PASS  std::isfinite(in.x)
  PASS  std::isfinite(in.y)
  PASS  std::isfinite(in.x)
  PASS  std::isfinite(in.y)
  PASS  std::isfinite(in.x)
  PASS  std::isfinite(in.y)
  PASS  std::isfinite(in.x)
  PASS  std::isfinite(in.y)
  PASS  std::isfinite(in.x)
  PASS  std::isfinite(in.y)
  PASS  std::isfinite(in.x)
  PASS  std::isfinite(in.y)
  PASS  std::isfinite(in.x)
  PASS  std::isfinite(in.y)
  PASS  std::isfinite(in.x)
  PASS  std::isfinite(in.y)
  PASS  std::isfinite(in.x)
  PASS  std::isfinite(in.y)
  PASS  std::isfinite(in.x)
  PASS  std::isfinite(in.y)
  PASS  std::isfinite(in.x)
  PASS  std::isfinite(in.y)
  PASS  std::isfinite(in.x)
  PASS  std::isfinite(in.y)
  PASS  std::isfinite(in.x)
  PASS  std::isfinite(in.y)
  PASS  std::isfinite(in.x)
  PASS  std::isfinite(in.y)
  PASS  std::isfinite(in.x)
  PASS  std::isfinite(in.y)
  PASS  std::isfinite(in.x)
  PASS  std::isfinite(in.y)
  PASS  std::isfinite(in.x)
  PASS  std::isfinite(in.y)
  PASS  std::isfinite(in.x)
  PASS  std::isfinite(in.y)
  PASS  std::isfinite(in.x)
  PASS  std::isfinite(in.y)
  PASS  std::isfinite(in.x)
  PASS  std::isfinite(in.y)
  PASS  std::isfinite(in.x)
  PASS  std::isfinite(in.y)
  PASS  std::isfinite(in.x)
  PASS  std::isfinite(in.y)
  PASS  std::isfinite(in.x)
  PASS  std::isfinite(in.y)
  PASS  std::isfinite(in.x)
  PASS  std::isfinite(in.y)
  PASS  std::isfinite(in.x)
  PASS  std::isfinite(in.y)
  PASS  std::isfinite(in.x)
  PASS  std::isfinite(in.y)
  PASS  std::isfinite(in.x)
  PASS  std::isfinite(in.y)
  PASS  std::isfinite(in.x)
  PASS  std::isfinite(in.y)
  PASS  std::isfinite(in.x)
  PASS  std::isfinite(in.y)
  PASS  std::isfinite(in.x)
  PASS  std::isfinite(in.y)
  PASS  std::isfinite(in.x)
  PASS  std::isfinite(in.y)
  PASS  std::isfinite(in.x)
  PASS  std::isfinite(in.y)
  PASS  std::isfinite(in.x)
  PASS  std::isfinite(in.y)
  PASS  std::isfinite(in.x)
  PASS  std::isfinite(in.y)
  PASS  std::isfinite(in.x)
  PASS  std::isfinite(in.y)
  PASS  std::isfinite(in.x)
  PASS  std::isfinite(in.y)
  PASS  std::isfinite(in.x)
  PASS  std::isfinite(in.y)
  PASS  std::isfinite(in.x)
  PASS  std::isfinite(in.y)
  PASS  std::isfinite(in.x)
  PASS  std::isfinite(in.y)
  PASS  std::isfinite(in.x)
  PASS  std::isfinite(in.y)
  PASS  std::isfinite(in.x)
  PASS  std::isfinite(in.y)
  PASS  std::isfinite(in.x)
  PASS  std::isfinite(in.y)
  PASS  std::isfinite(in.x)
  PASS  std::isfinite(in.y)
  PASS  std::isfinite(in.x)
  PASS  std::isfinite(in.y)
  PASS  std::isfinite(in.x)
  PASS  std::isfinite(in.y)
  PASS  std::isfinite(in.x)
  PASS  std::isfinite(in.y)
  PASS  std::isfinite(in.x)
  PASS  std::isfinite(in.y)
  PASS  std::isfinite(in.x)
  PASS  std::isfinite(in.y)
  PASS  std::isfinite(in.x)
  PASS  std::isfinite(in.y)
  PASS  std::isfinite(in.x)
  PASS  std::isfinite(in.y)
  PASS  std::isfinite(in.x)
  PASS  std::isfinite(in.y)
  PASS  std::isfinite(in.x)
  PASS  std::isfinite(in.y)
  PASS  std::isfinite(in.x)
  PASS  std::isfinite(in.y)
  PASS  std::isfinite(in.x)
  PASS  std::isfinite(in.y)
  PASS  std::isfinite(in.x)
  PASS  std::isfinite(in.y)
  PASS  std::isfinite(in.x)
  PASS  std::isfinite(in.y)
  PASS  std::isfinite(in.x)
  PASS  std::isfinite(in.y)
  PASS  std::isfinite(in.x)
  PASS  std::isfinite(in.y)
  PASS  std::isfinite(in.x)
  PASS  std::isfinite(in.y)
  PASS  std::isfinite(in.x)
  PASS  std::isfinite(in.y)
  PASS  std::isfinite(in.x)
  PASS  std::isfinite(in.y)
  PASS  std::isfinite(in.x)
  PASS  std::isfinite(in.y)
  PASS  std::isfinite(in.x)
  PASS  std::isfinite(in.y)
  PASS  std::isfinite(in.x)
  PASS  std::isfinite(in.y)
  PASS  std::isfinite(in.x)
  PASS  std::isfinite(in.y)
  PASS  std::isfinite(in.x)
  PASS  std::isfinite(in.y)
  PASS  std::isfinite(in.x)
  PASS  std::isfinite(in.y)
  PASS  std::isfinite(in.x)
  PASS  std::isfinite(in.y)
  PASS  std::isfinite(in.x)
  PASS  std::isfinite(in.y)
  PASS  std::isfinite(in.x)
  PASS  std::isfinite(in.y)
  PASS  std::isfinite(in.x)
  PASS  std::isfinite(in.y)
  PASS  std::isfinite(in.x)
  PASS  std::isfinite(in.y)
  PASS  std::isfinite(in.x)
  PASS  std::isfinite(in.y)
  PASS  std::isfinite(in.x)
  PASS  std::isfinite(in.y)
  PASS  std::isfinite(in.x)
  PASS  std::isfinite(in.y)
  PASS  std::isfinite(in.x)
  PASS  std::isfinite(in.y)
  PASS  std::isfinite(in.x)
  PASS  std::isfinite(in.y)
  PASS  std::isfinite(in.x)
  PASS  std::isfinite(in.y)
  PASS  std::isfinite(in.x)
  PASS  std::isfinite(in.y)
  PASS  std::isfinite(in.x)
  PASS  std::isfinite(in.y)
  PASS  std::isfinite(in.x)
  PASS  std::isfinite(in.y)
  PASS  std::isfinite(in.x)
  PASS  std::isfinite(in.y)
  PASS  std::isfinite(in.x)
  PASS  std::isfinite(in.y)
  PASS  std::isfinite(in.x)
  PASS  std::isfinite(in.y)
  PASS  std::isfinite(in.x)
  PASS  std::isfinite(in.y)
  PASS  std::isfinite(in.x)
  PASS  std::isfinite(in.y)
  PASS  std::isfinite(in.x)
  PASS  std::isfinite(in.y)
  PASS  std::isfinite(in.x)
  PASS  std::isfinite(in.y)
  PASS  std::isfinite(in.x)
  PASS  std::isfinite(in.y)
  PASS  std::isfinite(in.x)
  PASS  std::isfinite(in.y)
  PASS  std::isfinite(in.x)
  PASS  std::isfinite(in.y)
  PASS  std::isfinite(in.x)
  PASS  std::isfinite(in.y)
  PASS  std::isfinite(in.x)
  PASS  std::isfinite(in.y)
  PASS  std::isfinite(in.x)
  PASS  std::isfinite(in.y)
  PASS  std::isfinite(in.x)
  PASS  std::isfinite(in.y)
  PASS  std::isfinite(in.x)
  PASS  std::isfinite(in.y)
  PASS  std::isfinite(in.x)
  PASS  std::isfinite(in.y)
  PASS  std::isfinite(in.x)
  PASS  std::isfinite(in.y)
  PASS  std::isfinite(in.x)
  PASS  std::isfinite(in.y)
  PASS  std::isfinite(in.x)
  PASS  std::isfinite(in.y)
  PASS  std::isfinite(in.x)
  PASS  std::isfinite(in.y)
  PASS  std::isfinite(in.x)
  PASS  std::isfinite(in.y)
  PASS  std::isfinite(in.x)
  PASS  std::isfinite(in.y)
  PASS  std::isfinite(in.x)
  PASS  std::isfinite(in.y)
  PASS  std::isfinite(in.x)
  PASS  std::isfinite(in.y)
  PASS  std::isfinite(in.x)
  PASS  std::isfinite(in.y)
  PASS  std::isfinite(in.x)
  PASS  std::isfinite(in.y)
  PASS  std::isfinite(in.x)
  PASS  std::isfinite(in.y)
  PASS  std::isfinite(in.x)
  PASS  std::isfinite(in.y)
  PASS  std::isfinite(in.x)
  PASS  std::isfinite(in.y)
  PASS  std::isfinite(in.x)
  PASS  std::isfinite(in.y)
  PASS  std::isfinite(in.x)
  PASS  std::isfinite(in.y)
  PASS  std::isfinite(in.x)
  PASS  std::isfinite(in.y)
  PASS  std::isfinite(in.x)
  PASS  std::isfinite(in.y)
  PASS  std::isfinite(in.x)
  PASS  std::isfinite(in.y)
  PASS  std::isfinite(in.x)
  PASS  std::isfinite(in.y)
  PASS  std::isfinite(in.x)
  PASS  std::isfinite(in.y)
  PASS  std::isfinite(in.x)
  PASS  std::isfinite(in.y)
  PASS  std::isfinite(in.x)
  PASS  std::isfinite(in.y)
  PASS  std::isfinite(in.x)
  PASS  std::isfinite(in.y)
  PASS  std::isfinite(in.x)
  PASS  std::isfinite(in.y)
  PASS  std::isfinite(in.x)
  PASS  std::isfinite(in.y)
  PASS  std::isfinite(in.x)
  PASS  std::isfinite(in.y)
  PASS  std::isfinite(in.x)
  PASS  std::isfinite(in.y)
  PASS  std::isfinite(in.x)
  PASS  std::isfinite(in.y)
  PASS  std::isfinite(in.x)
  PASS  std::isfinite(in.y)
  PASS  std::isfinite(in.x)
  PASS  std::isfinite(in.y)
  PASS  std::isfinite(in.x)
  PASS  std::isfinite(in.y)
  PASS  std::isfinite(in.x)
  PASS  std::isfinite(in.y)
  PASS  std::isfinite(in.x)
  PASS  std::isfinite(in.y)
  PASS  std::isfinite(in.x)
  PASS  std::isfinite(in.y)
  PASS  std::isfinite(in.x)
  PASS  std::isfinite(in.y)
  PASS  std::isfinite(in.x)
  PASS  std::isfinite(in.y)
  PASS  std::isfinite(in.x)
  PASS  std::isfinite(in.y)
  PASS  std::isfinite(in.x)
  PASS  std::isfinite(in.y)
  PASS  std::isfinite(in.x)
  PASS  std::isfinite(in.y)
  PASS  std::isfinite(in.x)
  PASS  std::isfinite(in.y)
  PASS  std::isfinite(in.x)
  PASS  std::isfinite(in.y)
  PASS  std::isfinite(in.x)
  PASS  std::isfinite(in.y)
  PASS  std::isfinite(in.x)
  PASS  std::isfinite(in.y)
  PASS  std::isfinite(in.x)
  PASS  std::isfinite(in.y)
  PASS  std::isfinite(in.x)
  PASS  std::isfinite(in.y)
  PASS  std::isfinite(in.x)
  PASS  std::isfinite(in.y)
  PASS  std::isfinite(in.x)
  PASS  std::isfinite(in.y)
  PASS  std::isfinite(in.x)
  PASS  std::isfinite(in.y)
  PASS  std::isfinite(in.x)
  PASS  std::isfinite(in.y)
  PASS  std::isfinite(in.x)
  PASS  std::isfinite(in.y)
  PASS  std::isfinite(in.x)
  PASS  std::isfinite(in.y)
  PASS  std::isfinite(in.x)
  PASS  std::isfinite(in.y)
  PASS  std::isfinite(in.x)
  PASS  std::isfinite(in.y)
  PASS  std::isfinite(in.x)
  PASS  std::isfinite(in.y)
  PASS  std::isfinite(in.x)
  PASS  std::isfinite(in.y)
  PASS  std::isfinite(in.x)
  PASS  std::isfinite(in.y)
  PASS  std::isfinite(in.x)
  PASS  std::isfinite(in.y)
  PASS  std::isfinite(in.x)
  PASS  std::isfinite(in.y)
  PASS  std::isfinite(in.x)
  PASS  std::isfinite(in.y)
  PASS  std::isfinite(in.x)
  PASS  std::isfinite(in.y)
  PASS  std::isfinite(in.x)
  PASS  std::isfinite(in.y)
  PASS  std::isfinite(in.x)
  PASS  std::isfinite(in.y)
  PASS  std::isfinite(in.x)
  PASS  std::isfinite(in.y)
  PASS  std::isfinite(in.x)
  PASS  std::isfinite(in.y)
  PASS  std::isfinite(in.x)
  PASS  std::isfinite(in.y)
  PASS  std::isfinite(in.x)
  PASS  std::isfinite(in.y)
  PASS  std::isfinite(in.x)
  PASS  std::isfinite(in.y)
  PASS  std::isfinite(in.x)
  PASS  std::isfinite(in.y)
  PASS  std::isfinite(in.x)
  PASS  std::isfinite(in.y)
  PASS  std::isfinite(in.x)
  PASS  std::isfinite(in.y)
  PASS  std::isfinite(in.x)
  PASS  std::isfinite(in.y)
  PASS  std::isfinite(in.x)
  PASS  std::isfinite(in.y)
  PASS  std::isfinite(in.x)
  PASS  std::isfinite(in.y)
  PASS  std::isfinite(in.x)
  PASS  std::isfinite(in.y)
  PASS  std::isfinite(in.x)
  PASS  std::isfinite(in.y)
  PASS  std::isfinite(in.x)
  PASS  std::isfinite(in.y)
  PASS  std::isfinite(in.x)
  PASS  std::isfinite(in.y)
  PASS  std::isfinite(in.x)
  PASS  std::isfinite(in.y)
  PASS  std::isfinite(in.x)
  PASS  std::isfinite(in.y)
  PASS  std::isfinite(in.x)
  PASS  std::isfinite(in.y)
  PASS  std::isfinite(in.x)
  PASS  std::isfinite(in.y)
  PASS  std::isfinite(in.x)
  PASS  std::isfinite(in.y)
  PASS  std::isfinite(in.x)
  PASS  std::isfinite(in.y)
  PASS  std::isfinite(in.x)
  PASS  std::isfinite(in.y)
  PASS  std::isfinite(in.x)
  PASS  std::isfinite(in.y)
  PASS  std::isfinite(in.x)
  PASS  std::isfinite(in.y)
  PASS  std::isfinite(in.x)
  PASS  std::isfinite(in.y)
  PASS  std::isfinite(in.x)
  PASS  std::isfinite(in.y)
  PASS  std::isfinite(in.x)
  PASS  std::isfinite(in.y)
  PASS  std::isfinite(in.x)
  PASS  std::isfinite(in.y)
  PASS  std::isfinite(in.x)
  PASS  std::isfinite(in.y)
  PASS  std::isfinite(in.x)
  PASS  std::isfinite(in.y)
  PASS  std::isfinite(in.x)
  PASS  std::isfinite(in.y)
  PASS  std::isfinite(in.x)
  PASS  std::isfinite(in.y)
  PASS  std::isfinite(in.x)
  PASS  std::isfinite(in.y)
  PASS  std::isfinite(in.x)
  PASS  std::isfinite(in.y)
  PASS  std::isfinite(in.x)
  PASS  std::isfinite(in.y)
  PASS  std::isfinite(in.x)
  PASS  std::isfinite(in.y)
  PASS  std::isfinite(in.x)
  PASS  std::isfinite(in.y)
  PASS  std::isfinite(in.x)
  PASS  std::isfinite(in.y)
  PASS  std::isfinite(in.x)
  PASS  std::isfinite(in.y)
  PASS  std::isfinite(in.x)
  PASS  std::isfinite(in.y)
  PASS  std::isfinite(in.x)
  PASS  std::isfinite(in.y)
  PASS  std::isfinite(in.x)
  PASS  std::isfinite(in.y)
  PASS  std::isfinite(in.x)
  PASS  std::isfinite(in.y)
  PASS  std::isfinite(in.x)
  PASS  std::isfinite(in.y)
  PASS  std::isfinite(in.x)
  PASS  std::isfinite(in.y)
  PASS  std::isfinite(in.x)
  PASS  std::isfinite(in.y)
  PASS  std::isfinite(in.x)
  PASS  std::isfinite(in.y)
  PASS  std::isfinite(in.x)
  PASS  std::isfinite(in.y)
  PASS  std::isfinite(in.x)
  PASS  std::isfinite(in.y)
  PASS  std::isfinite(in.x)
  PASS  std::isfinite(in.y)
  PASS  std::isfinite(in.x)
  PASS  std::isfinite(in.y)
  PASS  std::isfinite(in.x)
  PASS  std::isfinite(in.y)
  PASS  std::isfinite(in.x)
  PASS  std::isfinite(in.y)
  PASS  std::isfinite(in.x)
  PASS  std::isfinite(in.y)
  PASS  std::isfinite(in.x)
  PASS  std::isfinite(in.y)
  PASS  std::isfinite(in.x)
  PASS  std::isfinite(in.y)
  PASS  std::isfinite(in.x)
  PASS  std::isfinite(in.y)
  PASS  std::isfinite(in.x)
  PASS  std::isfinite(in.y)
  PASS  std::isfinite(in.x)
  PASS  std::isfinite(in.y)
  PASS  std::isfinite(in.x)
  PASS  std::isfinite(in.y)
  PASS  std::isfinite(in.x)
  PASS  std::isfinite(in.y)
  PASS  std::isfinite(in.x)
  PASS  std::isfinite(in.y)
  PASS  std::isfinite(in.x)
  PASS  std::isfinite(in.y)
  PASS  std::isfinite(in.x)
  PASS  std::isfinite(in.y)
  PASS  std::isfinite(in.x)
  PASS  std::isfinite(in.y)
  PASS  std::isfinite(in.x)
  PASS  std::isfinite(in.y)
  PASS  std::isfinite(in.x)
  PASS  std::isfinite(in.y)
  PASS  std::isfinite(in.x)
  PASS  std::isfinite(in.y)
  PASS  std::isfinite(in.x)
  PASS  std::isfinite(in.y)
  PASS  std::isfinite(in.x)
  PASS  std::isfinite(in.y)
  PASS  std::isfinite(in.x)
  PASS  std::isfinite(in.y)
  PASS  std::isfinite(in.x)
  PASS  std::isfinite(in.y)
  PASS  std::isfinite(in.x)
  PASS  std::isfinite(in.y)
  PASS  std::isfinite(in.x)
  PASS  std::isfinite(in.y)
  PASS  std::isfinite(in.x)
  PASS  std::isfinite(in.y)
  PASS  std::isfinite(in.x)
  PASS  std::isfinite(in.y)
  PASS  std::isfinite(in.x)
  PASS  std::isfinite(in.y)
  PASS  std::isfinite(in.x)
  PASS  std::isfinite(in.y)
  PASS  std::isfinite(in.x)
  PASS  std::isfinite(in.y)
  PASS  std::isfinite(in.x)
  PASS  std::isfinite(in.y)
  PASS  std::isfinite(in.x)
  PASS  std::isfinite(in.y)
  PASS  std::isfinite(in.x)
  PASS  std::isfinite(in.y)
  PASS  std::isfinite(in.x)
  PASS  std::isfinite(in.y)
  PASS  std::isfinite(in.x)
  PASS  std::isfinite(in.y)
  PASS  std::isfinite(in.x)
  PASS  std::isfinite(in.y)
  PASS  std::isfinite(in.x)
  PASS  std::isfinite(in.y)
  PASS  std::isfinite(in.x)
  PASS  std::isfinite(in.y)
  PASS  std::isfinite(in.x)
  PASS  std::isfinite(in.y)
  PASS  std::isfinite(in.x)
  PASS  std::isfinite(in.y)
  PASS  std::isfinite(in.x)
  PASS  std::isfinite(in.y)
  PASS  std::isfinite(in.x)
  PASS  std::isfinite(in.y)
  PASS  std::isfinite(in.x)
  PASS  std::isfinite(in.y)
  PASS  std::isfinite(in.x)
  PASS  std::isfinite(in.y)
  PASS  std::isfinite(in.x)
  PASS  std::isfinite(in.y)
  PASS  std::isfinite(in.x)
  PASS  std::isfinite(in.y)
  PASS  std::isfinite(in.x)
  PASS  std::isfinite(in.y)
  PASS  std::isfinite(in.x)
  PASS  std::isfinite(in.y)
  PASS  std::isfinite(in.x)
  PASS  std::isfinite(in.y)
  PASS  std::isfinite(in.x)
  PASS  std::isfinite(in.y)
  PASS  std::isfinite(in.x)
  PASS  std::isfinite(in.y)
  PASS  std::isfinite(in.x)
  PASS  std::isfinite(in.y)
  PASS  std::isfinite(in.x)
  PASS  std::isfinite(in.y)
  PASS  std::isfinite(in.x)
  PASS  std::isfinite(in.y)
  PASS  std::isfinite(in.x)
  PASS  std::isfinite(in.y)
  PASS  std::isfinite(in.x)
  PASS  std::isfinite(in.y)
  PASS  std::isfinite(in.x)
  PASS  std::isfinite(in.y)
  PASS  std::isfinite(in.x)
  PASS  std::isfinite(in.y)
  PASS  std::isfinite(in.x)
  PASS  std::isfinite(in.y)
  PASS  std::isfinite(in.x)
  PASS  std::isfinite(in.y)
  PASS  std::isfinite(in.x)
  PASS  std::isfinite(in.y)
  PASS  std::isfinite(in.x)
  PASS  std::isfinite(in.y)
  PASS  std::isfinite(in.x)
  PASS  std::isfinite(in.y)
  PASS  std::isfinite(in.x)
  PASS  std::isfinite(in.y)
  PASS  std::isfinite(in.x)
  PASS  std::isfinite(in.y)
  PASS  std::isfinite(in.x)
  PASS  std::isfinite(in.y)
  PASS  std::isfinite(in.x)
  PASS  std::isfinite(in.y)
  PASS  std::isfinite(in.x)
  PASS  std::isfinite(in.y)
  PASS  std::isfinite(in.x)
  PASS  std::isfinite(in.y)
  PASS  std::isfinite(in.x)
  PASS  std::isfinite(in.y)
  PASS  std::isfinite(in.x)
  PASS  std::isfinite(in.y)
  PASS  std::isfinite(in.x)
  PASS  std::isfinite(in.y)
  PASS  std::isfinite(in.x)
  PASS  std::isfinite(in.y)
  PASS  std::isfinite(in.x)
  PASS  std::isfinite(in.y)
  PASS  std::isfinite(in.x)
  PASS  std::isfinite(in.y)
  PASS  std::isfinite(in.x)
  PASS  std::isfinite(in.y)
  PASS  std::isfinite(in.x)
  PASS  std::isfinite(in.y)
  PASS  std::isfinite(in.x)
  PASS  std::isfinite(in.y)
  PASS  std::isfinite(in.x)
  PASS  std::isfinite(in.y)
  PASS  std::isfinite(in.x)
  PASS  std::isfinite(in.y)
  PASS  std::isfinite(in.x)
  PASS  std::isfinite(in.y)
  PASS  std::isfinite(in.x)
  PASS  std::isfinite(in.y)
  PASS  std::isfinite(in.x)
  PASS  std::isfinite(in.y)
  PASS  std::isfinite(in.x)
  PASS  std::isfinite(in.y)
  PASS  std::isfinite(in.x)
  PASS  std::isfinite(in.y)
  PASS  std::isfinite(in.x)
  PASS  std::isfinite(in.y)
  PASS  std::isfinite(in.x)
  PASS  std::isfinite(in.y)
  PASS  std::isfinite(in.x)
  PASS  std::isfinite(in.y)
  PASS  std::isfinite(in.x)
  PASS  std::isfinite(in.y)
  PASS  std::isfinite(in.x)
  PASS  std::isfinite(in.y)
  PASS  std::isfinite(in.x)
  PASS  std::isfinite(in.y)
  PASS  std::isfinite(in.x)
  PASS  std::isfinite(in.y)
  PASS  std::isfinite(in.x)
  PASS  std::isfinite(in.y)
  PASS  std::isfinite(in.x)
  PASS  std::isfinite(in.y)
  PASS  std::isfinite(in.x)
  PASS  std::isfinite(in.y)
  PASS  std::isfinite(in.x)
  PASS  std::isfinite(in.y)
  PASS  std::isfinite(in.x)
  PASS  std::isfinite(in.y)
  PASS  std::isfinite(in.x)
  PASS  std::isfinite(in.y)
  PASS  std::isfinite(in.x)
  PASS  std::isfinite(in.y)
  PASS  std::isfinite(in.x)
  PASS  std::isfinite(in.y)
  PASS  std::isfinite(in.x)
  PASS  std::isfinite(in.y)
  PASS  std::isfinite(in.x)
  PASS  std::isfinite(in.y)
  PASS  std::isfinite(in.x)
  PASS  std::isfinite(in.y)
  PASS  std::isfinite(in.x)
  PASS  std::isfinite(in.y)
  PASS  std::isfinite(in.x)
  PASS  std::isfinite(in.y)
  PASS  std::isfinite(in.x)
  PASS  std::isfinite(in.y)
  PASS  std::isfinite(in.x)
  PASS  std::isfinite(in.y)
  PASS  std::isfinite(in.x)
  PASS  std::isfinite(in.y)
  PASS  std::isfinite(in.x)
  PASS  std::isfinite(in.y)
  PASS  std::isfinite(in.x)
  PASS  std::isfinite(in.y)
  PASS  std::isfinite(in.x)
  PASS  std::isfinite(in.y)
  PASS  std::isfinite(in.x)
  PASS  std::isfinite(in.y)
  PASS  std::isfinite(in.x)
  PASS  std::isfinite(in.y)
  PASS  std::isfinite(in.x)
  PASS  std::isfinite(in.y)
  PASS  std::isfinite(in.x)
  PASS  std::isfinite(in.y)
  PASS  std::isfinite(in.x)
  PASS  std::isfinite(in.y)
  PASS  std::isfinite(in.x)
  PASS  std::isfinite(in.y)
  PASS  std::isfinite(in.x)
  PASS  std::isfinite(in.y)
  PASS  std::isfinite(in.x)
  PASS  std::isfinite(in.y)
  PASS  std::isfinite(in.x)
  PASS  std::isfinite(in.y)
  PASS  std::isfinite(in.x)
  PASS  std::isfinite(in.y)
  PASS  std::isfinite(in.x)
  PASS  std::isfinite(in.y)
  PASS  std::isfinite(in.x)
  PASS  std::isfinite(in.y)
  PASS  std::isfinite(in.x)
  PASS  std::isfinite(in.y)
  PASS  std::isfinite(in.x)
  PASS  std::isfinite(in.y)
  PASS  std::isfinite(in.x)
  PASS  std::isfinite(in.y)
  PASS  std::isfinite(in.x)
  PASS  std::isfinite(in.y)
  PASS  std::isfinite(in.x)
  PASS  std::isfinite(in.y)
  PASS  std::isfinite(in.x)
  PASS  std::isfinite(in.y)
  PASS  std::isfinite(in.x)
  PASS  std::isfinite(in.y)
  PASS  std::isfinite(in.x)
  PASS  std::isfinite(in.y)
  PASS  std::isfinite(in.x)
  PASS  std::isfinite(in.y)
  PASS  std::isfinite(in.x)
  PASS  std::isfinite(in.y)
  PASS  std::isfinite(in.x)
  PASS  std::isfinite(in.y)
  PASS  std::isfinite(in.x)
  PASS  std::isfinite(in.y)
  PASS  std::isfinite(in.x)
  PASS  std::isfinite(in.y)
  PASS  std::isfinite(in.x)
  PASS  std::isfinite(in.y)
  PASS  std::isfinite(in.x)
  PASS  std::isfinite(in.y)
  PASS  std::isfinite(in.x)
  PASS  std::isfinite(in.y)
  PASS  std::isfinite(in.x)
  PASS  std::isfinite(in.y)
  PASS  std::isfinite(in.x)
  PASS  std::isfinite(in.y)
  PASS  std::isfinite(in.x)
  PASS  std::isfinite(in.y)
  PASS  std::isfinite(in.x)
  PASS  std::isfinite(in.y)
  PASS  std::isfinite(in.x)
  PASS  std::isfinite(in.y)
  PASS  std::isfinite(in.x)
  PASS  std::isfinite(in.y)
  PASS  std::isfinite(in.x)
  PASS  std::isfinite(in.y)
  PASS  std::isfinite(in.x)
  PASS  std::isfinite(in.y)
  PASS  std::isfinite(in.x)
  PASS  std::isfinite(in.y)
  PASS  std::isfinite(in.x)
  PASS  std::isfinite(in.y)
  PASS  std::isfinite(in.x)
  PASS  std::isfinite(in.y)
  PASS  std::isfinite(in.x)
  PASS  std::isfinite(in.y)
  PASS  std::isfinite(in.x)
  PASS  std::isfinite(in.y)
  PASS  std::isfinite(in.x)
  PASS  std::isfinite(in.y)
  PASS  std::isfinite(in.x)
  PASS  std::isfinite(in.y)
  PASS  std::isfinite(in.x)
  PASS  std::isfinite(in.y)
  PASS  std::isfinite(in.x)
  PASS  std::isfinite(in.y)
  PASS  std::isfinite(in.x)
  PASS  std::isfinite(in.y)
  PASS  std::isfinite(in.x)
  PASS  std::isfinite(in.y)
  PASS  std::isfinite(in.x)
  PASS  std::isfinite(in.y)
  PASS  std::isfinite(in.x)
  PASS  std::isfinite(in.y)
  PASS  std::isfinite(in.x)
  PASS  std::isfinite(in.y)
  PASS  std::isfinite(in.x)
  PASS  std::isfinite(in.y)
  PASS  std::isfinite(in.x)
  PASS  std::isfinite(in.y)
  PASS  std::isfinite(in.x)
  PASS  std::isfinite(in.y)
  PASS  std::isfinite(in.x)
  PASS  std::isfinite(in.y)
  PASS  std::isfinite(in.x)
  PASS  std::isfinite(in.y)
  PASS  std::isfinite(in.x)
  PASS  std::isfinite(in.y)
  PASS  std::isfinite(in.x)
  PASS  std::isfinite(in.y)
  PASS  std::isfinite(in.x)
  PASS  std::isfinite(in.y)
  PASS  std::isfinite(in.x)
  PASS  std::isfinite(in.y)
  PASS  std::isfinite(in.x)
  PASS  std::isfinite(in.y)
  PASS  std::isfinite(in.x)
  PASS  std::isfinite(in.y)
  PASS  std::isfinite(in.x)
  PASS  std::isfinite(in.y)
  PASS  std::isfinite(in.x)
  PASS  std::isfinite(in.y)
  PASS  std::isfinite(in.x)
  PASS  std::isfinite(in.y)
  PASS  std::isfinite(in.x)
  PASS  std::isfinite(in.y)
  PASS  std::isfinite(in.x)
  PASS  std::isfinite(in.y)
  PASS  std::isfinite(in.x)
  PASS  std::isfinite(in.y)
  PASS  std::isfinite(in.x)
  PASS  std::isfinite(in.y)
  PASS  std::isfinite(in.x)
  PASS  std::isfinite(in.y)
  PASS  std::isfinite(in.x)
  PASS  std::isfinite(in.y)
  PASS  std::isfinite(in.x)
  PASS  std::isfinite(in.y)
  PASS  std::isfinite(in.x)
  PASS  std::isfinite(in.y)
  PASS  std::isfinite(in.x)
  PASS  std::isfinite(in.y)
  PASS  std::isfinite(in.x)
  PASS  std::isfinite(in.y)
  PASS  std::isfinite(in.x)
  PASS  std::isfinite(in.y)
  PASS  std::isfinite(in.x)
  PASS  std::isfinite(in.y)
  PASS  std::isfinite(in.x)
  PASS  std::isfinite(in.y)
  PASS  std::isfinite(in.x)
  PASS  std::isfinite(in.y)
  PASS  std::isfinite(in.x)
  PASS  std::isfinite(in.y)
  PASS  std::isfinite(in.x)
  PASS  std::isfinite(in.y)
  PASS  std::isfinite(in.x)
  PASS  std::isfinite(in.y)
  PASS  std::isfinite(in.x)
  PASS  std::isfinite(in.y)
  PASS  std::isfinite(in.x)
  PASS  std::isfinite(in.y)
  PASS  std::isfinite(in.x)
  PASS  std::isfinite(in.y)
  PASS  std::isfinite(in.x)
  PASS  std::isfinite(in.y)
  PASS  std::isfinite(in.x)
  PASS  std::isfinite(in.y)
  PASS  std::isfinite(in.x)
  PASS  std::isfinite(in.y)
  PASS  std::isfinite(in.x)
  PASS  std::isfinite(in.y)
  PASS  std::isfinite(in.x)
  PASS  std::isfinite(in.y)
  PASS  std::isfinite(in.x)
  PASS  std::isfinite(in.y)
  PASS  std::isfinite(in.x)
  PASS  std::isfinite(in.y)
  PASS  std::isfinite(in.x)
  PASS  std::isfinite(in.y)
  PASS  std::isfinite(in.x)
  PASS  std::isfinite(in.y)
  PASS  std::isfinite(in.x)
  PASS  std::isfinite(in.y)
  PASS  std::isfinite(in.x)
  PASS  std::isfinite(in.y)
  PASS  std::isfinite(in.x)
  PASS  std::isfinite(in.y)
  PASS  std::isfinite(in.x)
  PASS  std::isfinite(in.y)
  PASS  std::isfinite(in.x)
  PASS  std::isfinite(in.y)
  PASS  std::isfinite(in.x)
  PASS  std::isfinite(in.y)
  PASS  std::isfinite(in.x)
  PASS  std::isfinite(in.y)
  PASS  std::isfinite(in.x)
  PASS  std::isfinite(in.y)
  PASS  std::isfinite(in.x)
  PASS  std::isfinite(in.y)
  PASS  std::isfinite(in.x)
  PASS  std::isfinite(in.y)
  PASS  std::isfinite(in.x)
  PASS  std::isfinite(in.y)
  PASS  std::isfinite(in.x)
  PASS  std::isfinite(in.y)
  PASS  std::isfinite(in.x)
  PASS  std::isfinite(in.y)
  PASS  std::isfinite(in.x)
  PASS  std::isfinite(in.y)
  PASS  std::isfinite(in.x)
  PASS  std::isfinite(in.y)
  PASS  std::isfinite(in.x)
  PASS  std::isfinite(in.y)
  PASS  std::isfinite(in.x)
  PASS  std::isfinite(in.y)
  PASS  std::isfinite(in.x)
  PASS  std::isfinite(in.y)
  PASS  std::isfinite(in.x)
  PASS  std::isfinite(in.y)
  PASS  std::isfinite(in.x)
  PASS  std::isfinite(in.y)
  PASS  std::isfinite(in.x)
  PASS  std::isfinite(in.y)
  PASS  std::isfinite(in.x)
  PASS  std::isfinite(in.y)
  PASS  std::isfinite(in.x)
  PASS  std::isfinite(in.y)
  PASS  std::isfinite(in.x)
  PASS  std::isfinite(in.y)
  PASS  std::isfinite(in.x)
  PASS  std::isfinite(in.y)
  PASS  std::isfinite(in.x)
  PASS  std::isfinite(in.y)
  PASS  std::isfinite(in.x)
  PASS  std::isfinite(in.y)
  PASS  std::isfinite(in.x)
  PASS  std::isfinite(in.y)
  PASS  std::isfinite(in.x)
  PASS  std::isfinite(in.y)
  PASS  std::isfinite(in.x)
  PASS  std::isfinite(in.y)
  PASS  std::isfinite(in.x)
  PASS  std::isfinite(in.y)
  PASS  std::isfinite(in.x)
  PASS  std::isfinite(in.y)
  PASS  std::isfinite(in.x)
  PASS  std::isfinite(in.y)
  PASS  std::isfinite(in.x)
  PASS  std::isfinite(in.y)
  PASS  std::isfinite(in.x)
  PASS  std::isfinite(in.y)
  PASS  std::isfinite(in.x)
  PASS  std::isfinite(in.y)
  PASS  std::isfinite(in.x)
  PASS  std::isfinite(in.y)
  PASS  std::isfinite(in.x)
  PASS  std::isfinite(in.y)
  PASS  std::isfinite(in.x)
  PASS  std::isfinite(in.y)
  PASS  std::isfinite(in.x)
  PASS  std::isfinite(in.y)
  PASS  std::isfinite(in.x)
  PASS  std::isfinite(in.y)
  PASS  std::isfinite(in.x)
  PASS  std::isfinite(in.y)
  PASS  std::isfinite(in.x)
  PASS  std::isfinite(in.y)
  PASS  std::isfinite(in.x)
  PASS  std::isfinite(in.y)
  PASS  std::isfinite(in.x)
  PASS  std::isfinite(in.y)
  PASS  std::isfinite(in.x)
  PASS  std::isfinite(in.y)
  PASS  std::isfinite(in.x)
  PASS  std::isfinite(in.y)
  PASS  std::isfinite(in.x)
  PASS  std::isfinite(in.y)
  PASS  std::isfinite(in.x)
  PASS  std::isfinite(in.y)
  PASS  std::isfinite(in.x)
  PASS  std::isfinite(in.y)
  PASS  std::isfinite(in.x)
  PASS  std::isfinite(in.y)
  PASS  std::isfinite(in.x)
  PASS  std::isfinite(in.y)
  PASS  std::isfinite(in.x)
  PASS  std::isfinite(in.y)
  PASS  std::isfinite(in.x)
  PASS  std::isfinite(in.y)
  PASS  std::isfinite(in.x)
  PASS  std::isfinite(in.y)
  PASS  std::isfinite(in.x)
  PASS  std::isfinite(in.y)
  PASS  std::isfinite(in.x)
  PASS  std::isfinite(in.y)
  PASS  std::isfinite(in.x)
  PASS  std::isfinite(in.y)
  PASS  std::isfinite(in.x)
  PASS  std::isfinite(in.y)
  PASS  std::isfinite(in.x)
  PASS  std::isfinite(in.y)
  PASS  std::isfinite(in.x)
  PASS  std::isfinite(in.y)
  PASS  std::isfinite(in.x)
  PASS  std::isfinite(in.y)
  PASS  std::isfinite(in.x)
  PASS  std::isfinite(in.y)
  PASS  std::isfinite(in.x)
  PASS  std::isfinite(in.y)
  PASS  std::isfinite(in.x)
  PASS  std::isfinite(in.y)
  PASS  std::isfinite(in.x)
  PASS  std::isfinite(in.y)
  PASS  std::isfinite(in.x)
  PASS  std::isfinite(in.y)
  PASS  std::isfinite(in.x)
  PASS  std::isfinite(in.y)
  PASS  std::isfinite(in.x)
  PASS  std::isfinite(in.y)
  PASS  std::isfinite(in.x)
  PASS  std::isfinite(in.y)
  PASS  std::isfinite(in.x)
  PASS  std::isfinite(in.y)
  PASS  std::isfinite(in.x)
  PASS  std::isfinite(in.y)
  PASS  std::isfinite(in.x)
  PASS  std::isfinite(in.y)
  PASS  std::isfinite(in.x)
  PASS  std::isfinite(in.y)
  PASS  std::isfinite(in.x)
  PASS  std::isfinite(in.y)
  PASS  std::isfinite(in.x)
  PASS  std::isfinite(in.y)
  PASS  std::isfinite(in.x)
  PASS  std::isfinite(in.y)
  PASS  std::isfinite(in.x)
  PASS  std::isfinite(in.y)
  PASS  std::isfinite(in.x)
  PASS  std::isfinite(in.y)
  PASS  std::isfinite(in.x)
  PASS  std::isfinite(in.y)
  PASS  std::isfinite(in.x)
  PASS  std::isfinite(in.y)
  PASS  std::isfinite(in.x)
  PASS  std::isfinite(in.y)
  PASS  std::isfinite(in.x)
  PASS  std::isfinite(in.y)
  PASS  std::isfinite(in.x)
  PASS  std::isfinite(in.y)
  PASS  std::isfinite(in.x)
  PASS  std::isfinite(in.y)
  PASS  std::isfinite(in.x)
  PASS  std::isfinite(in.y)
  PASS  std::isfinite(in.x)
  PASS  std::isfinite(in.y)
  PASS  std::isfinite(in.x)
  PASS  std::isfinite(in.y)
  PASS  std::isfinite(in.x)
  PASS  std::isfinite(in.y)
  PASS  std::isfinite(in.x)
  PASS  std::isfinite(in.y)
  PASS  std::isfinite(in.x)
  PASS  std::isfinite(in.y)
  PASS  std::isfinite(in.x)
  PASS  std::isfinite(in.y)
  PASS  std::isfinite(in.x)
  PASS  std::isfinite(in.y)
  PASS  std::isfinite(in.x)
  PASS  std::isfinite(in.y)
  PASS  std::isfinite(in.x)
  PASS  std::isfinite(in.y)
  PASS  std::isfinite(in.x)
  PASS  std::isfinite(in.y)
  PASS  std::isfinite(in.x)
  PASS  std::isfinite(in.y)
  PASS  std::isfinite(in.x)
  PASS  std::isfinite(in.y)
  PASS  std::isfinite(in.x)
  PASS  std::isfinite(in.y)
  PASS  std::isfinite(in.x)
  PASS  std::isfinite(in.y)
  PASS  std::isfinite(in.x)
  PASS  std::isfinite(in.y)
  PASS  std::isfinite(in.x)
  PASS  std::isfinite(in.y)
  PASS  std::isfinite(in.x)
  PASS  std::isfinite(in.y)
  PASS  std::isfinite(in.x)
  PASS  std::isfinite(in.y)
  PASS  std::isfinite(in.x)
  PASS  std::isfinite(in.y)
  PASS  std::isfinite(in.x)
  PASS  std::isfinite(in.y)
  PASS  std::isfinite(in.x)
  PASS  std::isfinite(in.y)
  PASS  std::isfinite(in.x)
  PASS  std::isfinite(in.y)
  PASS  std::isfinite(in.x)
  PASS  std::isfinite(in.y)
  PASS  std::isfinite(in.x)
  PASS  std::isfinite(in.y)
  PASS  std::isfinite(in.x)
  PASS  std::isfinite(in.y)
  PASS  std::isfinite(in.x)
  PASS  std::isfinite(in.y)
  PASS  std::isfinite(in.x)
  PASS  std::isfinite(in.y)
  PASS  std::isfinite(in.x)
  PASS  std::isfinite(in.y)
  PASS  std::isfinite(in.x)
  PASS  std::isfinite(in.y)
  PASS  std::isfinite(in.x)
  PASS  std::isfinite(in.y)
  PASS  std::isfinite(in.x)
  PASS  std::isfinite(in.y)
  PASS  std::isfinite(in.x)
  PASS  std::isfinite(in.y)
  PASS  std::isfinite(in.x)
  PASS  std::isfinite(in.y)
  PASS  std::isfinite(in.x)
  PASS  std::isfinite(in.y)
  PASS  std::isfinite(in.x)
  PASS  std::isfinite(in.y)
  PASS  std::isfinite(in.x)
  PASS  std::isfinite(in.y)
  PASS  std::isfinite(in.x)
  PASS  std::isfinite(in.y)
  PASS  std::isfinite(in.x)
  PASS  std::isfinite(in.y)
  PASS  std::isfinite(in.x)
  PASS  std::isfinite(in.y)
  PASS  std::isfinite(in.x)
  PASS  std::isfinite(in.y)
  PASS  std::isfinite(in.x)
  PASS  std::isfinite(in.y)
  PASS  std::isfinite(in.x)
  PASS  std::isfinite(in.y)
  PASS  std::isfinite(in.x)
  PASS  std::isfinite(in.y)
  PASS  std::isfinite(in.x)
  PASS  std::isfinite(in.y)
  PASS  std::isfinite(in.x)
  PASS  std::isfinite(in.y)
  PASS  std::isfinite(in.x)
  PASS  std::isfinite(in.y)
  PASS  std::isfinite(in.x)
  PASS  std::isfinite(in.y)
  PASS  std::isfinite(in.x)
  PASS  std::isfinite(in.y)
  PASS  std::isfinite(in.x)
  PASS  std::isfinite(in.y)
  PASS  std::isfinite(in.x)
  PASS  std::isfinite(in.y)
  PASS  std::isfinite(in.x)
  PASS  std::isfinite(in.y)
  PASS  std::isfinite(in.x)
  PASS  std::isfinite(in.y)
  PASS  std::isfinite(in.x)
  PASS  std::isfinite(in.y)
  PASS  std::isfinite(in.x)
  PASS  std::isfinite(in.y)
  PASS  std::isfinite(in.x)
  PASS  std::isfinite(in.y)
  PASS  std::isfinite(in.x)
  PASS  std::isfinite(in.y)
  PASS  std::isfinite(in.x)
  PASS  std::isfinite(in.y)
  PASS  std::isfinite(in.x)
  PASS  std::isfinite(in.y)
  PASS  std::isfinite(in.x)
  PASS  std::isfinite(in.y)
  PASS  std::isfinite(in.x)
  PASS  std::isfinite(in.y)
  PASS  std::isfinite(in.x)
  PASS  std::isfinite(in.y)
  PASS  std::isfinite(in.x)
  PASS  std::isfinite(in.y)
  PASS  std::isfinite(in.x)
  PASS  std::isfinite(in.y)
  PASS  std::isfinite(in.x)
  PASS  std::isfinite(in.y)
  PASS  std::isfinite(in.x)
  PASS  std::isfinite(in.y)
  PASS  std::isfinite(in.x)
  PASS  std::isfinite(in.y)
  PASS  std::isfinite(in.x)
  PASS  std::isfinite(in.y)
  PASS  std::isfinite(in.x)
  PASS  std::isfinite(in.y)
  PASS  std::isfinite(in.x)
  PASS  std::isfinite(in.y)
  PASS  std::isfinite(in.x)
  PASS  std::isfinite(in.y)
  PASS  std::isfinite(in.x)
  PASS  std::isfinite(in.y)
  PASS  std::isfinite(in.x)
  PASS  std::isfinite(in.y)
  PASS  std::isfinite(in.x)
  PASS  std::isfinite(in.y)
  PASS  std::isfinite(in.x)
  PASS  std::isfinite(in.y)
  PASS  std::isfinite(in.x)
  PASS  std::isfinite(in.y)
  PASS  std::isfinite(in.x)
  PASS  std::isfinite(in.y)
  PASS  std::isfinite(in.x)
  PASS  std::isfinite(in.y)
  PASS  std::isfinite(in.x)
  PASS  std::isfinite(in.y)
  PASS  std::isfinite(in.x)
  PASS  std::isfinite(in.y)
  PASS  std::isfinite(in.x)
  PASS  std::isfinite(in.y)
  PASS  std::isfinite(in.x)
  PASS  std::isfinite(in.y)
  PASS  std::isfinite(in.x)
  PASS  std::isfinite(in.y)
  PASS  std::isfinite(in.x)
  PASS  std::isfinite(in.y)
  PASS  std::isfinite(in.x)
  PASS  std::isfinite(in.y)
  PASS  std::isfinite(in.x)
  PASS  std::isfinite(in.y)
  PASS  std::isfinite(in.x)
  PASS  std::isfinite(in.y)
  PASS  std::isfinite(in.x)
  PASS  std::isfinite(in.y)
  PASS  std::isfinite(in.x)
  PASS  std::isfinite(in.y)
  PASS  std::isfinite(in.x)
  PASS  std::isfinite(in.y)
  PASS  std::isfinite(in.x)
  PASS  std::isfinite(in.y)
  PASS  std::isfinite(in.x)
  PASS  std::isfinite(in.y)
  PASS  std::isfinite(in.x)
  PASS  std::isfinite(in.y)
  PASS  std::isfinite(in.x)
  PASS  std::isfinite(in.y)
  PASS  std::isfinite(in.x)
  PASS  std::isfinite(in.y)
  PASS  std::isfinite(in.x)
  PASS  std::isfinite(in.y)
  PASS  std::isfinite(in.x)
  PASS  std::isfinite(in.y)
  PASS  std::isfinite(in.x)
  PASS  std::isfinite(in.y)
  PASS  std::isfinite(in.x)
  PASS  std::isfinite(in.y)
  PASS  std::isfinite(in.x)
  PASS  std::isfinite(in.y)
  PASS  std::isfinite(in.x)
  PASS  std::isfinite(in.y)
  PASS  std::isfinite(in.x)
  PASS  std::isfinite(in.y)
  PASS  std::isfinite(in.x)
  PASS  std::isfinite(in.y)
  PASS  std::isfinite(in.x)
  PASS  std::isfinite(in.y)
  PASS  std::isfinite(in.x)
  PASS  std::isfinite(in.y)
  PASS  std::isfinite(in.x)
  PASS  std::isfinite(in.y)
  PASS  std::isfinite(in.x)
  PASS  std::isfinite(in.y)
  PASS  std::isfinite(in.x)
  PASS  std::isfinite(in.y)
  PASS  std::isfinite(in.x)
  PASS  std::isfinite(in.y)
  PASS  std::isfinite(in.x)
  PASS  std::isfinite(in.y)
  PASS  std::isfinite(in.x)
  PASS  std::isfinite(in.y)
  PASS  std::isfinite(in.x)
  PASS  std::isfinite(in.y)
  PASS  std::isfinite(in.x)
  PASS  std::isfinite(in.y)
  PASS  std::isfinite(in.x)
  PASS  std::isfinite(in.y)
  PASS  std::isfinite(in.x)
  PASS  std::isfinite(in.y)
  PASS  std::isfinite(in.x)
  PASS  std::isfinite(in.y)
  PASS  std::isfinite(in.x)
  PASS  std::isfinite(in.y)
  PASS  std::isfinite(in.x)
  PASS  std::isfinite(in.y)
  PASS  std::isfinite(in.x)
  PASS  std::isfinite(in.y)
  PASS  std::isfinite(in.x)
  PASS  std::isfinite(in.y)
  PASS  std::isfinite(in.x)
  PASS  std::isfinite(in.y)
  PASS  std::isfinite(in.x)
  PASS  std::isfinite(in.y)
  PASS  std::isfinite(in.x)
  PASS  std::isfinite(in.y)
  PASS  std::isfinite(in.x)
  PASS  std::isfinite(in.y)
  PASS  std::isfinite(in.x)
  PASS  std::isfinite(in.y)
  PASS  std::isfinite(in.x)
  PASS  std::isfinite(in.y)
  PASS  std::isfinite(in.x)
  PASS  std::isfinite(in.y)
  PASS  std::isfinite(in.x)
  PASS  std::isfinite(in.y)
  PASS  std::isfinite(in.x)
  PASS  std::isfinite(in.y)
  PASS  std::isfinite(in.x)
  PASS  std::isfinite(in.y)
  PASS  std::isfinite(in.x)
  PASS  std::isfinite(in.y)
  PASS  std::isfinite(in.x)
  PASS  std::isfinite(in.y)
  PASS  std::isfinite(in.x)
  PASS  std::isfinite(in.y)
  PASS  std::isfinite(in.x)
  PASS  std::isfinite(in.y)
  PASS  std::isfinite(in.x)
  PASS  std::isfinite(in.y)
  PASS  std::isfinite(in.x)
  PASS  std::isfinite(in.y)
  PASS  std::isfinite(in.x)
  PASS  std::isfinite(in.y)
  PASS  std::isfinite(in.x)
  PASS  std::isfinite(in.y)
  PASS  std::isfinite(in.x)
  PASS  std::isfinite(in.y)
  PASS  std::isfinite(in.x)
  PASS  std::isfinite(in.y)
  PASS  std::isfinite(in.x)
  PASS  std::isfinite(in.y)
  PASS  std::isfinite(in.x)
  PASS  std::isfinite(in.y)
  PASS  std::isfinite(in.x)
  PASS  std::isfinite(in.y)
  PASS  std::isfinite(in.x)
  PASS  std::isfinite(in.y)
  PASS  std::isfinite(in.x)
  PASS  std::isfinite(in.y)
  PASS  std::isfinite(in.x)
  PASS  std::isfinite(in.y)
  PASS  std::isfinite(in.x)
  PASS  std::isfinite(in.y)
  PASS  std::isfinite(in.x)
  PASS  std::isfinite(in.y)
  PASS  std::isfinite(in.x)
  PASS  std::isfinite(in.y)
  PASS  std::isfinite(in.x)
  PASS  std::isfinite(in.y)
  PASS  std::isfinite(in.x)
  PASS  std::isfinite(in.y)
  PASS  std::isfinite(in.x)
  PASS  std::isfinite(in.y)
  PASS  std::isfinite(in.x)
  PASS  std::isfinite(in.y)
  PASS  std::isfinite(in.x)
  PASS  std::isfinite(in.y)
  PASS  std::isfinite(in.x)
  PASS  std::isfinite(in.y)
  PASS  std::isfinite(in.x)
  PASS  std::isfinite(in.y)
  PASS  std::isfinite(in.x)
  PASS  std::isfinite(in.y)
  PASS  std::isfinite(in.x)
  PASS  std::isfinite(in.y)
  PASS  std::isfinite(in.x)
  PASS  std::isfinite(in.y)
  PASS  std::isfinite(in.x)
  PASS  std::isfinite(in.y)
  PASS  std::isfinite(in.x)
  PASS  std::isfinite(in.y)
  PASS  std::isfinite(in.x)
  PASS  std::isfinite(in.y)
  PASS  std::isfinite(in.x)
  PASS  std::isfinite(in.y)
  PASS  std::isfinite(in.x)
  PASS  std::isfinite(in.y)
  PASS  std::isfinite(in.x)
  PASS  std::isfinite(in.y)
  PASS  std::isfinite(in.x)
  PASS  std::isfinite(in.y)
  PASS  std::isfinite(in.x)
  PASS  std::isfinite(in.y)
  PASS  std::isfinite(in.x)
  PASS  std::isfinite(in.y)
  PASS  std::isfinite(in.x)
  PASS  std::isfinite(in.y)
  PASS  std::isfinite(in.x)
  PASS  std::isfinite(in.y)
  PASS  std::isfinite(in.x)
  PASS  std::isfinite(in.y)
  PASS  std::isfinite(in.x)
  PASS  std::isfinite(in.y)
  PASS  std::isfinite(in.x)
  PASS  std::isfinite(in.y)
  PASS  std::isfinite(in.x)
  PASS  std::isfinite(in.y)
  PASS  std::isfinite(in.x)
  PASS  std::isfinite(in.y)
  PASS  std::isfinite(in.x)
  PASS  std::isfinite(in.y)
  PASS  std::isfinite(in.x)
  PASS  std::isfinite(in.y)
  PASS  std::isfinite(in.x)
  PASS  std::isfinite(in.y)
  PASS  std::isfinite(in.x)
  PASS  std::isfinite(in.y)
  PASS  std::isfinite(in.x)
  PASS  std::isfinite(in.y)
  PASS  std::isfinite(in.x)
  PASS  std::isfinite(in.y)
  PASS  std::isfinite(in.x)
  PASS  std::isfinite(in.y)
  PASS  std::isfinite(in.x)
  PASS  std::isfinite(in.y)
  PASS  std::isfinite(in.x)
  PASS  std::isfinite(in.y)
  PASS  std::isfinite(in.x)
  PASS  std::isfinite(in.y)
  PASS  std::isfinite(in.x)
  PASS  std::isfinite(in.y)
  PASS  std::isfinite(in.x)
  PASS  std::isfinite(in.y)
  PASS  std::isfinite(in.x)
  PASS  std::isfinite(in.y)
  PASS  std::isfinite(in.x)
  PASS  std::isfinite(in.y)
  PASS  std::isfinite(in.x)
  PASS  std::isfinite(in.y)
  PASS  std::isfinite(in.x)
  PASS  std::isfinite(in.y)
  PASS  std::isfinite(in.x)
  PASS  std::isfinite(in.y)
  PASS  std::isfinite(in.x)
  PASS  std::isfinite(in.y)
  PASS  std::isfinite(in.x)
  PASS  std::isfinite(in.y)
  PASS  std::isfinite(in.x)
  PASS  std::isfinite(in.y)
  PASS  std::isfinite(in.x)
  PASS  std::isfinite(in.y)
  PASS  std::isfinite(in.x)
  PASS  std::isfinite(in.y)
  PASS  std::isfinite(in.x)
  PASS  std::isfinite(in.y)
  PASS  std::isfinite(in.x)
  PASS  std::isfinite(in.y)
  PASS  std::isfinite(in.x)
  PASS  std::isfinite(in.y)
  PASS  std::isfinite(in.x)
  PASS  std::isfinite(in.y)
  PASS  std::isfinite(in.x)
  PASS  std::isfinite(in.y)
  PASS  std::isfinite(in.x)
  PASS  std::isfinite(in.y)
  PASS  std::isfinite(in.x)
  PASS  std::isfinite(in.y)
  PASS  std::isfinite(in.x)
  PASS  std::isfinite(in.y)
  PASS  std::isfinite(in.x)
  PASS  std::isfinite(in.y)
  PASS  std::isfinite(in.x)
  PASS  std::isfinite(in.y)
  PASS  std::isfinite(in.x)
  PASS  std::isfinite(in.y)
  PASS  std::isfinite(in.x)
  PASS  std::isfinite(in.y)
  PASS  std::isfinite(in.x)
  PASS  std::isfinite(in.y)
  PASS  std::isfinite(in.x)
  PASS  std::isfinite(in.y)
  PASS  std::isfinite(in.x)
  PASS  std::isfinite(in.y)
  PASS  std::isfinite(in.x)
  PASS  std::isfinite(in.y)
  PASS  std::isfinite(in.x)
  PASS  std::isfinite(in.y)
  PASS  std::isfinite(in.x)
  PASS  std::isfinite(in.y)
  PASS  std::isfinite(in.x)
  PASS  std::isfinite(in.y)
  PASS  std::isfinite(in.x)
  PASS  std::isfinite(in.y)
  PASS  std::isfinite(in.x)
  PASS  std::isfinite(in.y)
  PASS  std::isfinite(in.x)
  PASS  std::isfinite(in.y)
  PASS  std::isfinite(in.x)
  PASS  std::isfinite(in.y)
  PASS  std::isfinite(in.x)
  PASS  std::isfinite(in.y)
  PASS  std::isfinite(in.x)
  PASS  std::isfinite(in.y)
  PASS  std::isfinite(in.x)
  PASS  std::isfinite(in.y)
  PASS  std::isfinite(in.x)
  PASS  std::isfinite(in.y)
  PASS  std::isfinite(in.x)
  PASS  std::isfinite(in.y)
  PASS  std::isfinite(in.x)
  PASS  std::isfinite(in.y)
  PASS  std::isfinite(in.x)
  PASS  std::isfinite(in.y)
  PASS  std::isfinite(in.x)
  PASS  std::isfinite(in.y)
  PASS  std::isfinite(in.x)
  PASS  std::isfinite(in.y)
  PASS  std::isfinite(in.x)
  PASS  std::isfinite(in.y)
  PASS  std::isfinite(in.x)
  PASS  std::isfinite(in.y)
  PASS  std::isfinite(in.x)
  PASS  std::isfinite(in.y)
  PASS  std::isfinite(in.x)
  PASS  std::isfinite(in.y)
  PASS  std::isfinite(in.x)
  PASS  std::isfinite(in.y)
  PASS  std::isfinite(in.x)
  PASS  std::isfinite(in.y)
  PASS  std::isfinite(in.x)
  PASS  std::isfinite(in.y)
  PASS  std::isfinite(in.x)
  PASS  std::isfinite(in.y)
  PASS  std::isfinite(in.x)
  PASS  std::isfinite(in.y)
  PASS  std::isfinite(in.x)
  PASS  std::isfinite(in.y)
  PASS  std::isfinite(in.x)
  PASS  std::isfinite(in.y)
  PASS  std::isfinite(in.x)
  PASS  std::isfinite(in.y)
  PASS  std::isfinite(in.x)
  PASS  std::isfinite(in.y)
  PASS  std::isfinite(in.x)
  PASS  std::isfinite(in.y)
  PASS  std::isfinite(in.x)
  PASS  std::isfinite(in.y)
  PASS  std::isfinite(in.x)
  PASS  std::isfinite(in.y)
  PASS  std::isfinite(in.x)
  PASS  std::isfinite(in.y)
  PASS  std::isfinite(in.x)
  PASS  std::isfinite(in.y)
  PASS  std::isfinite(in.x)
  PASS  std::isfinite(in.y)
  PASS  std::isfinite(in.x)
  PASS  std::isfinite(in.y)
  PASS  std::isfinite(in.x)
  PASS  std::isfinite(in.y)
  PASS  std::isfinite(in.x)
  PASS  std::isfinite(in.y)
  PASS  std::isfinite(in.x)
  PASS  std::isfinite(in.y)
  PASS  std::isfinite(in.x)
  PASS  std::isfinite(in.y)
  PASS  std::isfinite(in.x)
  PASS  std::isfinite(in.y)
  PASS  std::isfinite(in.x)
  PASS  std::isfinite(in.y)
  PASS  std::isfinite(in.x)
  PASS  std::isfinite(in.y)
  PASS  std::isfinite(in.x)
  PASS  std::isfinite(in.y)
  PASS  std::isfinite(in.x)
  PASS  std::isfinite(in.y)
  PASS  std::isfinite(in.x)
  PASS  std::isfinite(in.y)
  PASS  std::isfinite(in.x)
  PASS  std::isfinite(in.y)
  PASS  std::isfinite(in.x)
  PASS  std::isfinite(in.y)
  PASS  std::isfinite(in.x)
  PASS  std::isfinite(in.y)
  PASS  std::isfinite(in.x)
  PASS  std::isfinite(in.y)
  PASS  std::isfinite(in.x)
  PASS  std::isfinite(in.y)
  PASS  std::isfinite(in.x)
  PASS  std::isfinite(in.y)
  PASS  std::isfinite(in.x)
  PASS  std::isfinite(in.y)
  PASS  std::isfinite(in.x)
  PASS  std::isfinite(in.y)
  PASS  std::isfinite(in.x)
  PASS  std::isfinite(in.y)
  PASS  std::isfinite(in.x)
  PASS  std::isfinite(in.y)
  PASS  std::isfinite(in.x)
  PASS  std::isfinite(in.y)
  PASS  std::isfinite(in.x)
  PASS  std::isfinite(in.y)
  PASS  std::isfinite(in.x)
  PASS  std::isfinite(in.y)
  PASS  std::isfinite(in.x)
  PASS  std::isfinite(in.y)
  PASS  std::isfinite(in.x)
  PASS  std::isfinite(in.y)
  PASS  std::isfinite(in.x)
  PASS  std::isfinite(in.y)
  PASS  std::isfinite(in.x)
  PASS  std::isfinite(in.y)
  PASS  std::isfinite(in.x)
  PASS  std::isfinite(in.y)
  PASS  std::isfinite(in.x)
  PASS  std::isfinite(in.y)
  PASS  std::isfinite(in.x)
  PASS  std::isfinite(in.y)
  PASS  std::isfinite(in.x)
  PASS  std::isfinite(in.y)
  PASS  std::isfinite(in.x)
  PASS  std::isfinite(in.y)
  PASS  std::isfinite(in.x)
  PASS  std::isfinite(in.y)
  PASS  std::isfinite(in.x)
  PASS  std::isfinite(in.y)
  PASS  std::isfinite(in.x)
  PASS  std::isfinite(in.y)
  PASS  std::isfinite(in.x)
  PASS  std::isfinite(in.y)
  PASS  std::isfinite(in.x)
  PASS  std::isfinite(in.y)
  PASS  std::isfinite(in.x)
  PASS  std::isfinite(in.y)
  PASS  std::isfinite(in.x)
  PASS  std::isfinite(in.y)
  PASS  std::isfinite(in.x)
  PASS  std::isfinite(in.y)
  PASS  std::isfinite(in.x)
  PASS  std::isfinite(in.y)
  PASS  std::isfinite(in.x)
  PASS  std::isfinite(in.y)
  PASS  std::isfinite(in.x)
  PASS  std::isfinite(in.y)
  PASS  std::isfinite(in.x)
  PASS  std::isfinite(in.y)
  PASS  std::isfinite(in.x)
  PASS  std::isfinite(in.y)
  PASS  std::isfinite(in.x)
  PASS  std::isfinite(in.y)
  PASS  std::isfinite(in.x)
  PASS  std::isfinite(in.y)
  PASS  std::isfinite(in.x)
  PASS  std::isfinite(in.y)
  PASS  std::isfinite(in.x)
  PASS  std::isfinite(in.y)
  PASS  std::isfinite(in.x)
  PASS  std::isfinite(in.y)
  PASS  std::isfinite(in.x)
  PASS  std::isfinite(in.y)
  PASS  std::isfinite(in.x)
  PASS  std::isfinite(in.y)
  PASS  std::isfinite(in.x)
  PASS  std::isfinite(in.y)
  PASS  std::isfinite(in.x)
  PASS  std::isfinite(in.y)
  PASS  std::isfinite(in.x)
  PASS  std::isfinite(in.y)
  PASS  std::isfinite(in.x)
  PASS  std::isfinite(in.y)
  PASS  std::isfinite(in.x)
  PASS  std::isfinite(in.y)
  PASS  std::isfinite(in.x)
  PASS  std::isfinite(in.y)
  PASS  std::isfinite(in.x)
  PASS  std::isfinite(in.y)
  PASS  std::isfinite(in.x)
  PASS  std::isfinite(in.y)
  PASS  std::isfinite(in.x)
  PASS  std::isfinite(in.y)
  PASS  std::isfinite(in.x)
  PASS  std::isfinite(in.y)
  PASS  std::isfinite(in.x)
  PASS  std::isfinite(in.y)
  PASS  std::isfinite(in.x)
  PASS  std::isfinite(in.y)
  PASS  std::isfinite(in.x)
  PASS  std::isfinite(in.y)
  PASS  std::isfinite(in.x)
  PASS  std::isfinite(in.y)
  PASS  std::isfinite(in.x)
  PASS  std::isfinite(in.y)
  PASS  std::isfinite(in.x)
  PASS  std::isfinite(in.y)
  PASS  std::isfinite(in.x)
  PASS  std::isfinite(in.y)
  PASS  std::isfinite(in.x)
  PASS  std::isfinite(in.y)
  PASS  std::isfinite(in.x)
  PASS  std::isfinite(in.y)
  PASS  std::isfinite(in.x)
  PASS  std::isfinite(in.y)
  PASS  std::isfinite(in.x)
  PASS  std::isfinite(in.y)
  PASS  std::isfinite(in.x)
  PASS  std::isfinite(in.y)
  PASS  std::isfinite(in.x)
  PASS  std::isfinite(in.y)
  PASS  std::isfinite(in.x)
  PASS  std::isfinite(in.y)
  PASS  std::isfinite(in.x)
  PASS  std::isfinite(in.y)
  PASS  std::isfinite(in.x)
  PASS  std::isfinite(in.y)
  PASS  std::isfinite(in.x)
  PASS  std::isfinite(in.y)
  PASS  std::isfinite(in.x)
  PASS  std::isfinite(in.y)
  PASS  std::isfinite(in.x)
  PASS  std::isfinite(in.y)
  PASS  std::isfinite(in.x)
  PASS  std::isfinite(in.y)
  PASS  std::isfinite(in.x)
  PASS  std::isfinite(in.y)
  PASS  std::isfinite(in.x)
  PASS  std::isfinite(in.y)
  PASS  std::isfinite(in.x)
  PASS  std::isfinite(in.y)
  PASS  std::isfinite(in.x)
  PASS  std::isfinite(in.y)
  PASS  std::isfinite(in.x)
  PASS  std::isfinite(in.y)
  PASS  std::isfinite(in.x)
  PASS  std::isfinite(in.y)
  PASS  std::isfinite(in.x)
  PASS  std::isfinite(in.y)
  PASS  std::isfinite(in.x)
  PASS  std::isfinite(in.y)
  PASS  std::isfinite(in.x)
  PASS  std::isfinite(in.y)
  PASS  std::isfinite(in.x)
  PASS  std::isfinite(in.y)
  PASS  std::isfinite(in.x)
  PASS  std::isfinite(in.y)
  PASS  std::isfinite(in.x)
  PASS  std::isfinite(in.y)
  PASS  std::isfinite(in.x)
  PASS  std::isfinite(in.y)
  PASS  std::isfinite(in.x)
  PASS  std::isfinite(in.y)
  PASS  std::isfinite(in.x)
  PASS  std::isfinite(in.y)
  PASS  std::isfinite(in.x)
  PASS  std::isfinite(in.y)
  PASS  std::isfinite(in.x)
  PASS  std::isfinite(in.y)
  PASS  std::isfinite(in.x)
  PASS  std::isfinite(in.y)
  PASS  std::isfinite(in.x)
  PASS  std::isfinite(in.y)
  PASS  std::isfinite(in.x)
  PASS  std::isfinite(in.y)
  PASS  std::isfinite(in.x)
  PASS  std::isfinite(in.y)
  PASS  std::isfinite(in.x)
  PASS  std::isfinite(in.y)
  PASS  std::isfinite(in.x)
  PASS  std::isfinite(in.y)
  PASS  std::isfinite(in.x)
  PASS  std::isfinite(in.y)
  PASS  std::isfinite(in.x)
  PASS  std::isfinite(in.y)
  PASS  std::isfinite(in.x)
  PASS  std::isfinite(in.y)
  PASS  std::isfinite(in.x)
  PASS  std::isfinite(in.y)
  PASS  std::isfinite(in.x)
  PASS  std::isfinite(in.y)
  PASS  std::isfinite(in.x)
  PASS  std::isfinite(in.y)
  PASS  std::isfinite(in.x)
  PASS  std::isfinite(in.y)
  PASS  std::isfinite(in.x)
  PASS  std::isfinite(in.y)
  PASS  std::isfinite(in.x)
  PASS  std::isfinite(in.y)
  PASS  std::isfinite(in.x)
  PASS  std::isfinite(in.y)
  PASS  std::isfinite(in.x)
  PASS  std::isfinite(in.y)
  PASS  std::isfinite(in.x)
  PASS  std::isfinite(in.y)
  PASS  std::isfinite(in.x)
  PASS  std::isfinite(in.y)
  PASS  std::isfinite(in.x)
  PASS  std::isfinite(in.y)
  PASS  std::isfinite(in.x)
  PASS  std::isfinite(in.y)
  PASS  std::isfinite(in.x)
  PASS  std::isfinite(in.y)
  PASS  std::isfinite(in.x)
  PASS  std::isfinite(in.y)
  PASS  std::isfinite(in.x)
  PASS  std::isfinite(in.y)
  PASS  std::isfinite(in.x)
  PASS  std::isfinite(in.y)
  PASS  std::isfinite(in.x)
  PASS  std::isfinite(in.y)
  PASS  std::isfinite(in.x)
  PASS  std::isfinite(in.y)
  PASS  std::isfinite(in.x)
  PASS  std::isfinite(in.y)
  PASS  std::isfinite(in.x)
  PASS  std::isfinite(in.y)
  PASS  std::isfinite(in.x)
  PASS  std::isfinite(in.y)
  PASS  std::isfinite(in.x)
  PASS  std::isfinite(in.y)
  PASS  std::isfinite(in.x)
  PASS  std::isfinite(in.y)
  PASS  std::isfinite(in.x)
  PASS  std::isfinite(in.y)
  PASS  std::isfinite(in.x)
  PASS  std::isfinite(in.y)
  PASS  std::isfinite(in.x)
  PASS  std::isfinite(in.y)
  PASS  std::isfinite(in.x)
  PASS  std::isfinite(in.y)
  PASS  std::isfinite(in.x)
  PASS  std::isfinite(in.y)
  PASS  std::isfinite(in.x)
  PASS  std::isfinite(in.y)
  PASS  std::isfinite(in.x)
  PASS  std::isfinite(in.y)
  PASS  std::isfinite(in.x)
  PASS  std::isfinite(in.y)
  PASS  std::isfinite(in.x)
  PASS  std::isfinite(in.y)
  PASS  std::isfinite(in.x)
  PASS  std::isfinite(in.y)
  PASS  std::isfinite(in.x)
  PASS  std::isfinite(in.y)
  PASS  std::isfinite(in.x)
  PASS  std::isfinite(in.y)
  PASS  std::isfinite(in.x)
  PASS  std::isfinite(in.y)
  PASS  std::isfinite(in.x)
  PASS  std::isfinite(in.y)
  PASS  std::isfinite(in.x)
  PASS  std::isfinite(in.y)
  PASS  std::isfinite(in.x)
  PASS  std::isfinite(in.y)
  PASS  std::isfinite(in.x)
  PASS  std::isfinite(in.y)
  PASS  std::isfinite(in.x)
  PASS  std::isfinite(in.y)
  PASS  std::isfinite(in.x)
  PASS  std::isfinite(in.y)
  PASS  std::isfinite(in.x)
  PASS  std::isfinite(in.y)
  PASS  std::isfinite(in.x)
  PASS  std::isfinite(in.y)
  PASS  std::isfinite(in.x)
  PASS  std::isfinite(in.y)
  PASS  std::isfinite(in.x)
  PASS  std::isfinite(in.y)
  PASS  std::isfinite(in.x)
  PASS  std::isfinite(in.y)
  PASS  std::isfinite(in.x)
  PASS  std::isfinite(in.y)
  PASS  std::isfinite(in.x)
  PASS  std::isfinite(in.y)
  PASS  std::isfinite(in.x)
  PASS  std::isfinite(in.y)
  PASS  std::isfinite(in.x)
  PASS  std::isfinite(in.y)
  PASS  std::isfinite(in.x)
  PASS  std::isfinite(in.y)
  PASS  std::isfinite(in.x)
  PASS  std::isfinite(in.y)
  PASS  std::isfinite(in.x)
  PASS  std::isfinite(in.y)
  PASS  std::isfinite(in.x)
  PASS  std::isfinite(in.y)
  PASS  std::isfinite(in.x)
  PASS  std::isfinite(in.y)
  PASS  std::isfinite(in.x)
  PASS  std::isfinite(in.y)
  PASS  std::isfinite(in.x)
  PASS  std::isfinite(in.y)
  PASS  std::isfinite(in.x)
  PASS  std::isfinite(in.y)
  PASS  std::isfinite(in.x)
  PASS  std::isfinite(in.y)
  PASS  std::isfinite(in.x)
  PASS  std::isfinite(in.y)
  PASS  std::isfinite(in.x)
  PASS  std::isfinite(in.y)
  PASS  std::isfinite(in.x)
  PASS  std::isfinite(in.y)
  PASS  std::isfinite(in.x)
  PASS  std::isfinite(in.y)
  PASS  std::isfinite(in.x)
  PASS  std::isfinite(in.y)
  PASS  std::isfinite(in.x)
  PASS  std::isfinite(in.y)
  PASS  std::isfinite(in.x)
  PASS  std::isfinite(in.y)
  PASS  std::isfinite(in.x)
  PASS  std::isfinite(in.y)
  PASS  std::isfinite(in.x)
  PASS  std::isfinite(in.y)
  PASS  std::isfinite(in.x)
  PASS  std::isfinite(in.y)
  PASS  std::isfinite(in.x)
  PASS  std::isfinite(in.y)
  PASS  std::isfinite(in.x)
  PASS  std::isfinite(in.y)
  PASS  std::isfinite(in.x)
  PASS  std::isfinite(in.y)
  PASS  std::isfinite(in.x)
  PASS  std::isfinite(in.y)
  PASS  std::isfinite(in.x)
  PASS  std::isfinite(in.y)
  PASS  std::isfinite(in.x)
  PASS  std::isfinite(in.y)
  PASS  std::isfinite(in.x)
  PASS  std::isfinite(in.y)
  PASS  std::isfinite(in.x)
  PASS  std::isfinite(in.y)
  PASS  std::isfinite(in.x)
  PASS  std::isfinite(in.y)
  PASS  std::isfinite(in.x)
  PASS  std::isfinite(in.y)
  PASS  std::isfinite(in.x)
  PASS  std::isfinite(in.y)
  PASS  std::isfinite(in.x)
  PASS  std::isfinite(in.y)
  PASS  std::isfinite(in.x)
  PASS  std::isfinite(in.y)
  PASS  std::isfinite(in.x)
  PASS  std::isfinite(in.y)
  PASS  std::isfinite(in.x)
  PASS  std::isfinite(in.y)
  PASS  std::isfinite(in.x)
  PASS  std::isfinite(in.y)
  PASS  std::isfinite(in.x)
  PASS  std::isfinite(in.y)
  PASS  std::isfinite(in.x)
  PASS  std::isfinite(in.y)
  PASS  std::isfinite(in.x)
  PASS  std::isfinite(in.y)
  PASS  std::isfinite(in.x)
  PASS  std::isfinite(in.y)
  PASS  std::isfinite(in.x)
  PASS  std::isfinite(in.y)
  PASS  std::isfinite(in.x)
  PASS  std::isfinite(in.y)
  PASS  std::isfinite(in.x)
  PASS  std::isfinite(in.y)
  PASS  std::isfinite(in.x)
  PASS  std::isfinite(in.y)
  PASS  std::isfinite(in.x)
  PASS  std::isfinite(in.y)
  PASS  std::isfinite(in.x)
  PASS  std::isfinite(in.y)
  PASS  std::isfinite(in.x)
  PASS  std::isfinite(in.y)
  PASS  std::isfinite(in.x)
  PASS  std::isfinite(in.y)
  PASS  std::isfinite(in.x)
  PASS  std::isfinite(in.y)
  PASS  std::isfinite(in.x)
  PASS  std::isfinite(in.y)
  PASS  std::isfinite(in.x)
  PASS  std::isfinite(in.y)
  PASS  std::isfinite(in.x)
  PASS  std::isfinite(in.y)
  PASS  std::isfinite(in.x)
  PASS  std::isfinite(in.y)
  PASS  std::isfinite(in.x)
  PASS  std::isfinite(in.y)
  PASS  std::isfinite(in.x)
  PASS  std::isfinite(in.y)
  PASS  std::isfinite(in.x)
  PASS  std::isfinite(in.y)
  PASS  std::isfinite(in.x)
  PASS  std::isfinite(in.y)
  PASS  std::isfinite(in.x)
  PASS  std::isfinite(in.y)
  PASS  std::isfinite(in.x)
  PASS  std::isfinite(in.y)
  PASS  std::isfinite(in.x)
  PASS  std::isfinite(in.y)
  PASS  std::isfinite(in.x)
  PASS  std::isfinite(in.y)
  PASS  std::isfinite(in.x)
  PASS  std::isfinite(in.y)
  PASS  std::isfinite(in.x)
  PASS  std::isfinite(in.y)
  PASS  std::isfinite(in.x)
  PASS  std::isfinite(in.y)
  PASS  std::isfinite(in.x)
  PASS  std::isfinite(in.y)
  PASS  std::isfinite(in.x)
  PASS  std::isfinite(in.y)
  PASS  std::isfinite(in.x)
  PASS  std::isfinite(in.y)
  PASS  std::isfinite(in.x)
  PASS  std::isfinite(in.y)
  PASS  std::isfinite(in.x)
  PASS  std::isfinite(in.y)
  PASS  std::isfinite(in.x)
  PASS  std::isfinite(in.y)
  PASS  std::isfinite(in.x)
  PASS  std::isfinite(in.y)
  PASS  std::isfinite(in.x)
  PASS  std::isfinite(in.y)
  PASS  std::isfinite(in.x)
  PASS  std::isfinite(in.y)
  PASS  std::isfinite(in.x)
  PASS  std::isfinite(in.y)
  PASS  std::isfinite(in.x)
  PASS  std::isfinite(in.y)
  PASS  std::isfinite(in.x)
  PASS  std::isfinite(in.y)
  PASS  std::isfinite(in.x)
  PASS  std::isfinite(in.y)
  PASS  std::isfinite(in.x)
  PASS  std::isfinite(in.y)
  PASS  std::isfinite(in.x)
  PASS  std::isfinite(in.y)
  PASS  std::isfinite(in.x)
  PASS  std::isfinite(in.y)
  PASS  std::isfinite(in.x)
  PASS  std::isfinite(in.y)
  PASS  std::isfinite(in.x)
  PASS  std::isfinite(in.y)
  PASS  std::isfinite(in.x)
  PASS  std::isfinite(in.y)
  PASS  std::isfinite(in.x)
  PASS  std::isfinite(in.y)
  PASS  std::isfinite(in.x)
  PASS  std::isfinite(in.y)
  PASS  std::isfinite(in.x)
  PASS  std::isfinite(in.y)
  PASS  std::isfinite(in.x)
  PASS  std::isfinite(in.y)
  PASS  std::isfinite(in.x)
  PASS  std::isfinite(in.y)
  PASS  std::isfinite(in.x)
  PASS  std::isfinite(in.y)
  PASS  std::isfinite(in.x)
  PASS  std::isfinite(in.y)
  PASS  std::isfinite(in.x)
  PASS  std::isfinite(in.y)
  PASS  std::isfinite(in.x)
  PASS  std::isfinite(in.y)
  PASS  std::isfinite(in.x)
  PASS  std::isfinite(in.y)
  PASS  std::isfinite(in.x)
  PASS  std::isfinite(in.y)
  PASS  std::isfinite(in.x)
  PASS  std::isfinite(in.y)
  PASS  std::isfinite(in.x)
  PASS  std::isfinite(in.y)
  PASS  std::isfinite(in.x)
  PASS  std::isfinite(in.y)
  PASS  std::isfinite(in.x)
  PASS  std::isfinite(in.y)
  PASS  std::isfinite(in.x)
  PASS  std::isfinite(in.y)
  PASS  std::isfinite(in.x)
  PASS  std::isfinite(in.y)
  PASS  std::isfinite(in.x)
  PASS  std::isfinite(in.y)
  PASS  std::isfinite(in.x)
  PASS  std::isfinite(in.y)
  PASS  std::isfinite(in.x)
  PASS  std::isfinite(in.y)
  PASS  std::isfinite(in.x)
  PASS  std::isfinite(in.y)
  PASS  std::isfinite(in.x)
  PASS  std::isfinite(in.y)
  PASS  std::isfinite(in.x)
  PASS  std::isfinite(in.y)
  PASS  std::isfinite(in.x)
  PASS  std::isfinite(in.y)
  PASS  std::isfinite(in.x)
  PASS  std::isfinite(in.y)
  PASS  std::isfinite(in.x)
  PASS  std::isfinite(in.y)
  PASS  std::isfinite(in.x)
  PASS  std::isfinite(in.y)
  PASS  std::isfinite(in.x)
  PASS  std::isfinite(in.y)
  PASS  std::isfinite(in.x)
  PASS  std::isfinite(in.y)
  PASS  std::isfinite(in.x)
  PASS  std::isfinite(in.y)
  PASS  std::isfinite(in.x)
  PASS  std::isfinite(in.y)
  PASS  std::isfinite(in.x)
  PASS  std::isfinite(in.y)
  PASS  std::isfinite(in.x)
  PASS  std::isfinite(in.y)
  PASS  std::isfinite(in.x)
  PASS  std::isfinite(in.y)
  PASS  std::isfinite(in.x)
  PASS  std::isfinite(in.y)
  PASS  std::isfinite(in.x)
  PASS  std::isfinite(in.y)
  PASS  std::isfinite(in.x)
  PASS  std::isfinite(in.y)
  PASS  std::isfinite(in.x)
  PASS  std::isfinite(in.y)
  PASS  std::isfinite(in.x)
  PASS  std::isfinite(in.y)
  PASS  std::isfinite(in.x)
  PASS  std::isfinite(in.y)
  PASS  std::isfinite(in.x)
  PASS  std::isfinite(in.y)
  PASS  std::isfinite(in.x)
  PASS  std::isfinite(in.y)
  PASS  std::isfinite(in.x)
  PASS  std::isfinite(in.y)
  PASS  std::isfinite(in.x)
  PASS  std::isfinite(in.y)
  PASS  std::isfinite(in.x)
  PASS  std::isfinite(in.y)
  PASS  std::isfinite(in.x)
  PASS  std::isfinite(in.y)
  PASS  std::isfinite(in.x)
  PASS  std::isfinite(in.y)
  PASS  std::isfinite(in.x)
  PASS  std::isfinite(in.y)
  PASS  std::isfinite(in.x)
  PASS  std::isfinite(in.y)
  PASS  std::isfinite(in.x)
  PASS  std::isfinite(in.y)
  PASS  std::isfinite(in.x)
  PASS  std::isfinite(in.y)
  PASS  std::isfinite(in.x)
  PASS  std::isfinite(in.y)
  PASS  std::isfinite(in.x)
  PASS  std::isfinite(in.y)
  PASS  std::isfinite(in.x)
  PASS  std::isfinite(in.y)
  PASS  std::isfinite(in.x)
  PASS  std::isfinite(in.y)
  PASS  std::isfinite(in.x)
  PASS  std::isfinite(in.y)
  PASS  std::isfinite(in.x)
  PASS  std::isfinite(in.y)
  PASS  std::isfinite(in.x)
  PASS  std::isfinite(in.y)
  PASS  std::isfinite(in.x)
  PASS  std::isfinite(in.y)
  PASS  std::isfinite(in.x)
  PASS  std::isfinite(in.y)
  PASS  std::isfinite(in.x)
  PASS  std::isfinite(in.y)
  PASS  std::isfinite(in.x)
  PASS  std::isfinite(in.y)
  PASS  std::isfinite(in.x)
  PASS  std::isfinite(in.y)
  PASS  std::isfinite(in.x)
  PASS  std::isfinite(in.y)
  PASS  std::isfinite(in.x)
  PASS  std::isfinite(in.y)
  PASS  std::isfinite(in.x)
  PASS  std::isfinite(in.y)
  PASS  std::isfinite(in.x)
  PASS  std::isfinite(in.y)
  PASS  std::isfinite(in.x)
  PASS  std::isfinite(in.y)
  PASS  std::isfinite(in.x)
  PASS  std::isfinite(in.y)
  PASS  std::isfinite(in.x)
  PASS  std::isfinite(in.y)
  PASS  std::isfinite(in.x)
  PASS  std::isfinite(in.y)
  PASS  std::isfinite(in.x)
  PASS  std::isfinite(in.y)
  PASS  std::isfinite(in.x)
  PASS  std::isfinite(in.y)
  PASS  std::isfinite(in.x)
  PASS  std::isfinite(in.y)
  PASS  std::isfinite(in.x)
  PASS  std::isfinite(in.y)
  PASS  std::isfinite(in.x)
  PASS  std::isfinite(in.y)
  PASS  std::isfinite(in.x)
  PASS  std::isfinite(in.y)
  PASS  std::isfinite(in.x)
  PASS  std::isfinite(in.y)
  PASS  std::isfinite(in.x)
  PASS  std::isfinite(in.y)
  PASS  std::isfinite(in.x)
  PASS  std::isfinite(in.y)
  PASS  std::isfinite(in.x)
  PASS  std::isfinite(in.y)
  PASS  std::isfinite(in.x)
  PASS  std::isfinite(in.y)
  PASS  std::isfinite(in.x)
  PASS  std::isfinite(in.y)
  PASS  std::isfinite(in.x)
  PASS  std::isfinite(in.y)
  PASS  std::isfinite(in.x)
  PASS  std::isfinite(in.y)
  PASS  std::isfinite(in.x)
  PASS  std::isfinite(in.y)
  PASS  std::isfinite(in.x)
  PASS  std::isfinite(in.y)
  PASS  std::isfinite(in.x)
  PASS  std::isfinite(in.y)
  PASS  std::isfinite(in.x)
  PASS  std::isfinite(in.y)
  PASS  std::isfinite(in.x)
  PASS  std::isfinite(in.y)
  PASS  std::isfinite(in.x)
  PASS  std::isfinite(in.y)
  PASS  std::isfinite(in.x)
  PASS  std::isfinite(in.y)
  PASS  std::isfinite(in.x)
  PASS  std::isfinite(in.y)
  PASS  std::isfinite(in.x)
  PASS  std::isfinite(in.y)
  PASS  std::isfinite(in.x)
  PASS  std::isfinite(in.y)
  PASS  std::isfinite(in.x)
  PASS  std::isfinite(in.y)
  PASS  std::isfinite(in.x)
  PASS  std::isfinite(in.y)
  PASS  std::isfinite(in.x)
  PASS  std::isfinite(in.y)
  PASS  std::isfinite(in.x)
  PASS  std::isfinite(in.y)
  PASS  std::isfinite(in.x)
  PASS  std::isfinite(in.y)
  PASS  std::isfinite(in.x)
  PASS  std::isfinite(in.y)
  PASS  std::isfinite(in.x)
  PASS  std::isfinite(in.y)
  PASS  std::isfinite(in.x)
  PASS  std::isfinite(in.y)
  PASS  std::isfinite(in.x)
  PASS  std::isfinite(in.y)
  PASS  std::isfinite(in.x)
  PASS  std::isfinite(in.y)
  PASS  std::isfinite(in.x)
  PASS  std::isfinite(in.y)
  PASS  std::isfinite(in.x)
  PASS  std::isfinite(in.y)
  PASS  std::isfinite(in.x)
  PASS  std::isfinite(in.y)
  PASS  std::isfinite(in.x)
  PASS  std::isfinite(in.y)
  PASS  std::isfinite(in.x)
  PASS  std::isfinite(in.y)
  PASS  std::isfinite(in.x)
  PASS  std::isfinite(in.y)
  PASS  std::isfinite(in.x)
  PASS  std::isfinite(in.y)
  PASS  std::isfinite(in.x)
  PASS  std::isfinite(in.y)
  PASS  std::isfinite(in.x)
  PASS  std::isfinite(in.y)
  PASS  std::isfinite(in.x)
  PASS  std::isfinite(in.y)
  PASS  std::isfinite(in.x)
  PASS  std::isfinite(in.y)
  PASS  std::isfinite(in.x)
  PASS  std::isfinite(in.y)
  PASS  std::isfinite(in.x)
  PASS  std::isfinite(in.y)
  PASS  std::isfinite(in.x)
  PASS  std::isfinite(in.y)
  PASS  std::isfinite(in.x)
  PASS  std::isfinite(in.y)
  PASS  std::isfinite(in.x)
  PASS  std::isfinite(in.y)
  PASS  std::isfinite(in.x)
  PASS  std::isfinite(in.y)
  PASS  std::isfinite(in.x)
  PASS  std::isfinite(in.y)
  PASS  std::isfinite(in.x)
  PASS  std::isfinite(in.y)
  PASS  std::isfinite(in.x)
  PASS  std::isfinite(in.y)
  PASS  std::isfinite(in.x)
  PASS  std::isfinite(in.y)
  PASS  std::isfinite(in.x)
  PASS  std::isfinite(in.y)
  PASS  std::isfinite(in.x)
  PASS  std::isfinite(in.y)
  PASS  std::isfinite(in.x)
  PASS  std::isfinite(in.y)
  PASS  std::isfinite(in.x)
  PASS  std::isfinite(in.y)
  PASS  std::isfinite(in.x)
  PASS  std::isfinite(in.y)
  PASS  std::isfinite(in.x)
  PASS  std::isfinite(in.y)
  PASS  std::isfinite(in.x)
  PASS  std::isfinite(in.y)
  PASS  std::isfinite(in.x)
  PASS  std::isfinite(in.y)
  PASS  std::isfinite(in.x)
  PASS  std::isfinite(in.y)
  PASS  std::isfinite(in.x)
  PASS  std::isfinite(in.y)
  PASS  std::isfinite(in.x)
  PASS  std::isfinite(in.y)
  PASS  std::isfinite(in.x)
  PASS  std::isfinite(in.y)
  PASS  std::isfinite(in.x)
  PASS  std::isfinite(in.y)
  PASS  std::isfinite(in.x)
  PASS  std::isfinite(in.y)
  PASS  std::isfinite(in.x)
  PASS  std::isfinite(in.y)
  PASS  std::isfinite(in.x)
  PASS  std::isfinite(in.y)
  PASS  std::isfinite(in.x)
  PASS  std::isfinite(in.y)
  PASS  std::isfinite(in.x)
  PASS  std::isfinite(in.y)
  PASS  std::isfinite(in.x)
  PASS  std::isfinite(in.y)
  PASS  std::isfinite(in.x)
  PASS  std::isfinite(in.y)
  PASS  std::isfinite(in.x)
  PASS  std::isfinite(in.y)
  PASS  std::isfinite(in.x)
  PASS  std::isfinite(in.y)
  PASS  std::isfinite(in.x)
  PASS  std::isfinite(in.y)
  PASS  std::isfinite(in.x)
  PASS  std::isfinite(in.y)
  PASS  std::isfinite(in.x)
  PASS  std::isfinite(in.y)
  PASS  std::isfinite(in.x)
  PASS  std::isfinite(in.y)
  PASS  std::isfinite(in.x)
  PASS  std::isfinite(in.y)
  PASS  std::isfinite(in.x)
  PASS  std::isfinite(in.y)
  PASS  std::isfinite(in.x)
  PASS  std::isfinite(in.y)
  PASS  std::isfinite(in.x)
  PASS  std::isfinite(in.y)
  PASS  std::isfinite(in.x)
  PASS  std::isfinite(in.y)
  PASS  std::isfinite(in.x)
  PASS  std::isfinite(in.y)
  PASS  std::isfinite(in.x)
  PASS  std::isfinite(in.y)
  PASS  std::isfinite(in.x)
  PASS  std::isfinite(in.y)
  PASS  std::isfinite(in.x)
  PASS  std::isfinite(in.y)
  PASS  std::isfinite(in.x)
  PASS  std::isfinite(in.y)
  PASS  std::isfinite(in.x)
  PASS  std::isfinite(in.y)
  PASS  std::isfinite(in.x)
  PASS  std::isfinite(in.y)
  PASS  std::isfinite(in.x)
  PASS  std::isfinite(in.y)
  PASS  std::isfinite(in.x)
  PASS  std::isfinite(in.y)
  PASS  std::isfinite(in.x)
  PASS  std::isfinite(in.y)
  PASS  std::isfinite(in.x)
  PASS  std::isfinite(in.y)
  PASS  std::isfinite(in.x)
  PASS  std::isfinite(in.y)
  PASS  std::isfinite(in.x)
  PASS  std::isfinite(in.y)
  PASS  std::isfinite(in.x)
  PASS  std::isfinite(in.y)
  PASS  std::isfinite(in.x)
  PASS  std::isfinite(in.y)
  PASS  std::isfinite(in.x)
  PASS  std::isfinite(in.y)
  PASS  std::isfinite(in.x)
  PASS  std::isfinite(in.y)
  PASS  std::isfinite(in.x)
  PASS  std::isfinite(in.y)
  PASS  std::isfinite(in.x)
  PASS  std::isfinite(in.y)
  PASS  std::isfinite(in.x)
  PASS  std::isfinite(in.y)
  PASS  std::isfinite(in.x)
  PASS  std::isfinite(in.y)
  PASS  std::isfinite(in.x)
  PASS  std::isfinite(in.y)
  PASS  std::isfinite(in.x)
  PASS  std::isfinite(in.y)
  PASS  std::isfinite(in.x)
  PASS  std::isfinite(in.y)
  PASS  std::isfinite(in.x)
  PASS  std::isfinite(in.y)
  PASS  std::isfinite(in.x)
  PASS  std::isfinite(in.y)
  PASS  std::isfinite(in.x)
  PASS  std::isfinite(in.y)
  PASS  std::isfinite(in.x)
  PASS  std::isfinite(in.y)
  PASS  std::isfinite(in.x)
  PASS  std::isfinite(in.y)
  PASS  std::isfinite(in.x)
  PASS  std::isfinite(in.y)
  PASS  std::isfinite(in.x)
  PASS  std::isfinite(in.y)
  PASS  std::isfinite(in.x)
  PASS  std::isfinite(in.y)
  PASS  std::isfinite(in.x)
  PASS  std::isfinite(in.y)
  PASS  std::isfinite(in.x)
  PASS  std::isfinite(in.y)
  PASS  std::isfinite(in.x)
  PASS  std::isfinite(in.y)
  PASS  std::isfinite(in.x)
  PASS  std::isfinite(in.y)
  PASS  std::isfinite(in.x)
  PASS  std::isfinite(in.y)
  PASS  std::isfinite(in.x)
  PASS  std::isfinite(in.y)
  PASS  std::isfinite(in.x)
  PASS  std::isfinite(in.y)
  PASS  std::isfinite(in.x)
  PASS  std::isfinite(in.y)
  PASS  std::isfinite(in.x)
  PASS  std::isfinite(in.y)
  PASS  std::isfinite(in.x)
  PASS  std::isfinite(in.y)
  PASS  std::isfinite(in.x)
  PASS  std::isfinite(in.y)
  PASS  std::isfinite(in.x)
  PASS  std::isfinite(in.y)
  PASS  std::isfinite(in.x)
  PASS  std::isfinite(in.y)
  PASS  std::isfinite(in.x)
  PASS  std::isfinite(in.y)
  PASS  std::isfinite(in.x)
  PASS  std::isfinite(in.y)
  PASS  std::isfinite(in.x)
  PASS  std::isfinite(in.y)
  PASS  std::isfinite(in.x)
  PASS  std::isfinite(in.y)
  PASS  std::isfinite(in.x)
  PASS  std::isfinite(in.y)
  PASS  std::isfinite(in.x)
  PASS  std::isfinite(in.y)
  PASS  std::isfinite(in.x)
  PASS  std::isfinite(in.y)
  PASS  std::isfinite(in.x)
  PASS  std::isfinite(in.y)
  PASS  std::isfinite(in.x)
  PASS  std::isfinite(in.y)
  PASS  std::isfinite(in.x)
  PASS  std::isfinite(in.y)
  PASS  std::isfinite(in.x)
  PASS  std::isfinite(in.y)
  PASS  std::isfinite(in.x)
  PASS  std::isfinite(in.y)
  PASS  std::isfinite(in.x)
  PASS  std::isfinite(in.y)
  PASS  std::isfinite(in.x)
  PASS  std::isfinite(in.y)
  PASS  std::isfinite(in.x)
  PASS  std::isfinite(in.y)
  PASS  std::isfinite(in.x)
  PASS  std::isfinite(in.y)
  PASS  std::isfinite(in.x)
  PASS  std::isfinite(in.y)
  PASS  std::isfinite(in.x)
  PASS  std::isfinite(in.y)
  PASS  std::isfinite(in.x)
  PASS  std::isfinite(in.y)
  PASS  std::isfinite(in.x)
  PASS  std::isfinite(in.y)
  PASS  std::isfinite(in.x)
  PASS  std::isfinite(in.y)
  PASS  std::isfinite(in.x)
  PASS  std::isfinite(in.y)
  PASS  std::isfinite(in.x)
  PASS  std::isfinite(in.y)
  PASS  std::isfinite(in.x)
  PASS  std::isfinite(in.y)
  PASS  std::isfinite(in.x)
  PASS  std::isfinite(in.y)
  PASS  std::isfinite(in.x)
  PASS  std::isfinite(in.y)
  PASS  std::isfinite(in.x)
  PASS  std::isfinite(in.y)
  PASS  std::isfinite(in.x)
  PASS  std::isfinite(in.y)
  PASS  std::isfinite(in.x)
  PASS  std::isfinite(in.y)
  PASS  std::isfinite(in.x)
  PASS  std::isfinite(in.y)
  PASS  std::isfinite(in.x)
  PASS  std::isfinite(in.y)
  PASS  std::isfinite(in.x)
  PASS  std::isfinite(in.y)
  PASS  std::isfinite(in.x)
  PASS  std::isfinite(in.y)
  PASS  std::isfinite(in.x)
  PASS  std::isfinite(in.y)
  PASS  std::isfinite(in.x)
  PASS  std::isfinite(in.y)
  PASS  std::isfinite(in.x)
  PASS  std::isfinite(in.y)
  PASS  std::isfinite(in.x)
  PASS  std::isfinite(in.y)
  PASS  std::isfinite(in.x)
  PASS  std::isfinite(in.y)
  PASS  std::isfinite(in.x)
  PASS  std::isfinite(in.y)
  PASS  std::isfinite(in.x)
  PASS  std::isfinite(in.y)
  PASS  std::isfinite(in.x)
  PASS  std::isfinite(in.y)
  PASS  std::isfinite(in.x)
  PASS  std::isfinite(in.y)
  PASS  std::isfinite(in.x)
  PASS  std::isfinite(in.y)
  PASS  std::isfinite(in.x)
  PASS  std::isfinite(in.y)
  PASS  std::isfinite(in.x)
  PASS  std::isfinite(in.y)
  PASS  std::isfinite(in.x)
  PASS  std::isfinite(in.y)
  PASS  std::isfinite(in.x)
  PASS  std::isfinite(in.y)
  PASS  std::isfinite(in.x)
  PASS  std::isfinite(in.y)
  PASS  std::isfinite(in.x)
  PASS  std::isfinite(in.y)
  PASS  std::isfinite(in.x)
  PASS  std::isfinite(in.y)
  PASS  std::isfinite(in.x)
  PASS  std::isfinite(in.y)
  PASS  std::isfinite(in.x)
  PASS  std::isfinite(in.y)
  PASS  std::isfinite(in.x)
  PASS  std::isfinite(in.y)
  PASS  std::isfinite(in.x)
  PASS  std::isfinite(in.y)
  PASS  std::isfinite(in.x)
  PASS  std::isfinite(in.y)
  PASS  std::isfinite(in.x)
  PASS  std::isfinite(in.y)
  PASS  std::isfinite(in.x)
  PASS  std::isfinite(in.y)
  PASS  std::isfinite(in.x)
  PASS  std::isfinite(in.y)
  PASS  std::isfinite(in.x)
  PASS  std::isfinite(in.y)
  PASS  std::isfinite(in.x)
  PASS  std::isfinite(in.y)
  PASS  std::isfinite(in.x)
  PASS  std::isfinite(in.y)
  PASS  std::isfinite(in.x)
  PASS  std::isfinite(in.y)
  PASS  std::isfinite(in.x)
  PASS  std::isfinite(in.y)
  PASS  std::isfinite(in.x)
  PASS  std::isfinite(in.y)
  PASS  std::isfinite(in.x)
  PASS  std::isfinite(in.y)
  PASS  std::isfinite(in.x)
  PASS  std::isfinite(in.y)
  PASS  std::isfinite(in.x)
  PASS  std::isfinite(in.y)
  PASS  std::isfinite(in.x)
  PASS  std::isfinite(in.y)
  PASS  std::isfinite(in.x)
  PASS  std::isfinite(in.y)
  PASS  std::isfinite(in.x)
  PASS  std::isfinite(in.y)
  PASS  std::isfinite(in.x)
  PASS  std::isfinite(in.y)
  PASS  std::isfinite(in.x)
  PASS  std::isfinite(in.y)
  PASS  std::isfinite(in.x)
  PASS  std::isfinite(in.y)
  PASS  std::isfinite(in.x)
  PASS  std::isfinite(in.y)
  PASS  std::isfinite(in.x)
  PASS  std::isfinite(in.y)
  PASS  std::isfinite(in.x)
  PASS  std::isfinite(in.y)
  PASS  std::isfinite(in.x)
  PASS  std::isfinite(in.y)
  PASS  std::isfinite(in.x)
  PASS  std::isfinite(in.y)
  PASS  std::isfinite(in.x)
  PASS  std::isfinite(in.y)
  PASS  std::isfinite(in.x)
  PASS  std::isfinite(in.y)
  PASS  std::isfinite(in.x)
  PASS  std::isfinite(in.y)
  PASS  std::isfinite(in.x)
  PASS  std::isfinite(in.y)
  PASS  std::isfinite(in.x)
  PASS  std::isfinite(in.y)
  PASS  std::isfinite(in.x)
  PASS  std::isfinite(in.y)
  PASS  std::isfinite(in.x)
  PASS  std::isfinite(in.y)
  PASS  std::isfinite(in.x)
  PASS  std::isfinite(in.y)
  PASS  std::isfinite(in.x)
  PASS  std::isfinite(in.y)
  PASS  std::isfinite(in.x)
  PASS  std::isfinite(in.y)
  PASS  std::isfinite(in.x)
  PASS  std::isfinite(in.y)
  PASS  std::isfinite(in.x)
  PASS  std::isfinite(in.y)
  PASS  std::isfinite(in.x)
  PASS  std::isfinite(in.y)
  PASS  std::isfinite(in.x)
  PASS  std::isfinite(in.y)
  PASS  std::isfinite(in.x)
  PASS  std::isfinite(in.y)
  PASS  std::isfinite(in.x)
  PASS  std::isfinite(in.y)
  PASS  std::isfinite(in.x)
  PASS  std::isfinite(in.y)
  PASS  std::isfinite(in.x)
  PASS  std::isfinite(in.y)
  PASS  std::isfinite(in.x)
  PASS  std::isfinite(in.y)
  PASS  std::isfinite(in.x)
  PASS  std::isfinite(in.y)
  PASS  std::isfinite(in.x)
  PASS  std::isfinite(in.y)
  PASS  std::isfinite(in.x)
  PASS  std::isfinite(in.y)
  PASS  std::isfinite(in.x)
  PASS  std::isfinite(in.y)
  PASS  std::isfinite(in.x)
  PASS  std::isfinite(in.y)
  PASS  std::isfinite(in.x)
  PASS  std::isfinite(in.y)
  PASS  std::isfinite(in.x)
  PASS  std::isfinite(in.y)
  PASS  std::isfinite(in.x)
  PASS  std::isfinite(in.y)
  PASS  std::isfinite(in.x)
  PASS  std::isfinite(in.y)
  PASS  std::isfinite(in.x)
  PASS  std::isfinite(in.y)
  PASS  std::isfinite(in.x)
  PASS  std::isfinite(in.y)
  PASS  std::isfinite(in.x)
  PASS  std::isfinite(in.y)
  PASS  std::isfinite(in.x)
  PASS  std::isfinite(in.y)
  PASS  std::isfinite(in.x)
  PASS  std::isfinite(in.y)
  PASS  std::isfinite(in.x)
  PASS  std::isfinite(in.y)
  PASS  std::isfinite(in.x)
  PASS  std::isfinite(in.y)
  PASS  std::isfinite(in.x)
  PASS  std::isfinite(in.y)
  PASS  std::isfinite(in.x)
  PASS  std::isfinite(in.y)
  PASS  std::isfinite(in.x)
  PASS  std::isfinite(in.y)
  PASS  std::isfinite(in.x)
  PASS  std::isfinite(in.y)
  PASS  std::isfinite(in.x)
  PASS  std::isfinite(in.y)
  PASS  std::isfinite(in.x)
  PASS  std::isfinite(in.y)
  PASS  std::isfinite(in.x)
  PASS  std::isfinite(in.y)
  PASS  std::isfinite(in.x)
  PASS  std::isfinite(in.y)
  PASS  std::isfinite(in.x)
  PASS  std::isfinite(in.y)
  PASS  std::isfinite(in.x)
  PASS  std::isfinite(in.y)
  PASS  std::isfinite(in.x)
  PASS  std::isfinite(in.y)
  PASS  std::isfinite(in.x)
  PASS  std::isfinite(in.y)
  PASS  std::isfinite(in.x)
  PASS  std::isfinite(in.y)
  PASS  std::isfinite(in.x)
  PASS  std::isfinite(in.y)
  PASS  std::isfinite(in.x)
  PASS  std::isfinite(in.y)
  PASS  std::isfinite(in.x)
  PASS  std::isfinite(in.y)
  PASS  std::isfinite(in.x)
  PASS  std::isfinite(in.y)
  PASS  std::isfinite(in.x)
  PASS  std::isfinite(in.y)
  PASS  std::isfinite(in.x)
  PASS  std::isfinite(in.y)
  PASS  std::isfinite(in.x)
  PASS  std::isfinite(in.y)
  PASS  std::isfinite(in.x)
  PASS  std::isfinite(in.y)
  PASS  std::isfinite(in.x)
  PASS  std::isfinite(in.y)
  PASS  std::isfinite(in.x)
  PASS  std::isfinite(in.y)
  PASS  std::isfinite(in.x)
  PASS  std::isfinite(in.y)
  PASS  std::isfinite(in.x)
  PASS  std::isfinite(in.y)
  PASS  std::isfinite(in.x)
  PASS  std::isfinite(in.y)
  PASS  std::isfinite(in.x)
  PASS  std::isfinite(in.y)
  PASS  std::isfinite(in.x)
  PASS  std::isfinite(in.y)
  PASS  std::isfinite(in.x)
  PASS  std::isfinite(in.y)
  PASS  std::isfinite(in.x)
  PASS  std::isfinite(in.y)
  PASS  std::isfinite(in.x)
  PASS  std::isfinite(in.y)
  PASS  std::isfinite(in.x)
  PASS  std::isfinite(in.y)
  PASS  std::isfinite(in.x)
  PASS  std::isfinite(in.y)
  PASS  std::isfinite(in.x)
  PASS  std::isfinite(in.y)
  PASS  std::isfinite(in.x)
  PASS  std::isfinite(in.y)
  PASS  std::isfinite(in.x)
  PASS  std::isfinite(in.y)
  PASS  std::isfinite(in.x)
  PASS  std::isfinite(in.y)
  PASS  std::isfinite(in.x)
  PASS  std::isfinite(in.y)
  PASS  std::isfinite(in.x)
  PASS  std::isfinite(in.y)
  PASS  std::isfinite(in.x)
  PASS  std::isfinite(in.y)
  PASS  std::isfinite(in.x)
  PASS  std::isfinite(in.y)
  PASS  std::isfinite(in.x)
  PASS  std::isfinite(in.y)
  PASS  std::isfinite(in.x)
  PASS  std::isfinite(in.y)
  PASS  std::isfinite(in.x)
  PASS  std::isfinite(in.y)
  PASS  std::isfinite(in.x)
  PASS  std::isfinite(in.y)
  PASS  std::isfinite(in.x)
  PASS  std::isfinite(in.y)
  PASS  std::isfinite(in.x)
  PASS  std::isfinite(in.y)
  PASS  std::isfinite(in.x)
  PASS  std::isfinite(in.y)
  PASS  std::isfinite(in.x)
  PASS  std::isfinite(in.y)
  PASS  std::isfinite(in.x)
  PASS  std::isfinite(in.y)
  PASS  std::isfinite(in.x)
  PASS  std::isfinite(in.y)
  PASS  std::isfinite(in.x)
  PASS  std::isfinite(in.y)
  PASS  std::isfinite(in.x)
  PASS  std::isfinite(in.y)
  PASS  std::isfinite(in.x)
  PASS  std::isfinite(in.y)
  PASS  std::isfinite(in.x)
  PASS  std::isfinite(in.y)
  PASS  std::isfinite(in.x)
  PASS  std::isfinite(in.y)
  PASS  std::isfinite(in.x)
  PASS  std::isfinite(in.y)
  PASS  std::isfinite(in.x)
  PASS  std::isfinite(in.y)
  PASS  std::isfinite(in.x)
  PASS  std::isfinite(in.y)
  PASS  std::isfinite(in.x)
  PASS  std::isfinite(in.y)
  PASS  std::isfinite(in.x)
  PASS  std::isfinite(in.y)
  PASS  std::isfinite(in.x)
  PASS  std::isfinite(in.y)
  PASS  std::isfinite(in.x)
  PASS  std::isfinite(in.y)
  PASS  std::isfinite(in.x)
  PASS  std::isfinite(in.y)
  PASS  std::isfinite(in.x)
  PASS  std::isfinite(in.y)
  PASS  std::isfinite(in.x)
  PASS  std::isfinite(in.y)
  PASS  std::isfinite(in.x)
  PASS  std::isfinite(in.y)
  PASS  std::isfinite(in.x)
  PASS  std::isfinite(in.y)
  PASS  std::isfinite(in.x)
  PASS  std::isfinite(in.y)
  PASS  std::isfinite(in.x)
  PASS  std::isfinite(in.y)
  PASS  std::isfinite(in.x)
  PASS  std::isfinite(in.y)
  PASS  std::isfinite(in.x)
  PASS  std::isfinite(in.y)
  PASS  std::isfinite(in.x)
  PASS  std::isfinite(in.y)
  PASS  std::isfinite(in.x)
  PASS  std::isfinite(in.y)
  PASS  std::isfinite(in.x)
  PASS  std::isfinite(in.y)
  PASS  std::isfinite(in.x)
  PASS  std::isfinite(in.y)
  PASS  std::isfinite(in.x)
  PASS  std::isfinite(in.y)
  PASS  std::isfinite(in.x)
  PASS  std::isfinite(in.y)
  PASS  std::isfinite(in.x)
  PASS  std::isfinite(in.y)
  PASS  std::isfinite(in.x)
  PASS  std::isfinite(in.y)
  PASS  std::isfinite(in.x)
  PASS  std::isfinite(in.y)
  PASS  std::isfinite(in.x)
  PASS  std::isfinite(in.y)
  PASS  std::isfinite(in.x)
  PASS  std::isfinite(in.y)
  PASS  std::isfinite(in.x)
  PASS  std::isfinite(in.y)
  PASS  std::isfinite(in.x)
  PASS  std::isfinite(in.y)
  PASS  std::isfinite(in.x)
  PASS  std::isfinite(in.y)
  PASS  std::isfinite(in.x)
  PASS  std::isfinite(in.y)
  PASS  std::isfinite(in.x)
  PASS  std::isfinite(in.y)
  PASS  std::isfinite(in.x)
  PASS  std::isfinite(in.y)
  PASS  std::isfinite(in.x)
  PASS  std::isfinite(in.y)
  PASS  std::isfinite(in.x)
  PASS  std::isfinite(in.y)
  PASS  std::isfinite(in.x)
  PASS  std::isfinite(in.y)
  PASS  std::isfinite(in.x)
  PASS  std::isfinite(in.y)
  PASS  std::isfinite(in.x)
  PASS  std::isfinite(in.y)
  PASS  std::isfinite(in.x)
  PASS  std::isfinite(in.y)
  PASS  std::isfinite(in.x)
  PASS  std::isfinite(in.y)
  PASS  std::isfinite(in.x)
  PASS  std::isfinite(in.y)
  PASS  std::isfinite(in.x)
  PASS  std::isfinite(in.y)
  PASS  std::isfinite(in.x)
  PASS  std::isfinite(in.y)
  PASS  std::isfinite(in.x)
  PASS  std::isfinite(in.y)
  PASS  std::isfinite(in.x)
  PASS  std::isfinite(in.y)
  PASS  std::isfinite(in.x)
  PASS  std::isfinite(in.y)
  PASS  std::isfinite(in.x)
  PASS  std::isfinite(in.y)
  PASS  std::isfinite(in.x)
  PASS  std::isfinite(in.y)
  PASS  std::isfinite(in.x)
  PASS  std::isfinite(in.y)
  PASS  std::isfinite(in.x)
  PASS  std::isfinite(in.y)
  PASS  std::isfinite(in.x)
  PASS  std::isfinite(in.y)
  PASS  std::isfinite(in.x)
  PASS  std::isfinite(in.y)
  PASS  std::isfinite(in.x)
  PASS  std::isfinite(in.y)
  PASS  std::isfinite(in.x)
  PASS  std::isfinite(in.y)
  PASS  std::isfinite(in.x)
  PASS  std::isfinite(in.y)
  PASS  std::isfinite(in.x)
  PASS  std::isfinite(in.y)
  PASS  std::isfinite(in.x)
  PASS  std::isfinite(in.y)
  PASS  std::isfinite(in.x)
  PASS  std::isfinite(in.y)
  PASS  std::isfinite(in.x)
  PASS  std::isfinite(in.y)
  PASS  std::isfinite(in.x)
  PASS  std::isfinite(in.y)
  PASS  std::isfinite(in.x)
  PASS  std::isfinite(in.y)
  PASS  std::isfinite(in.x)
  PASS  std::isfinite(in.y)
  PASS  std::isfinite(in.x)
  PASS  std::isfinite(in.y)
  PASS  std::isfinite(in.x)
  PASS  std::isfinite(in.y)
  PASS  std::isfinite(in.x)
  PASS  std::isfinite(in.y)
  PASS  std::isfinite(in.x)
  PASS  std::isfinite(in.y)
  PASS  std::isfinite(in.x)
  PASS  std::isfinite(in.y)
  PASS  std::isfinite(in.x)
  PASS  std::isfinite(in.y)
  PASS  std::isfinite(in.x)
  PASS  std::isfinite(in.y)
  PASS  std::isfinite(in.x)
  PASS  std::isfinite(in.y)
  PASS  std::isfinite(in.x)
  PASS  std::isfinite(in.y)
  PASS  std::isfinite(in.x)
  PASS  std::isfinite(in.y)
  PASS  std::isfinite(in.x)
  PASS  std::isfinite(in.y)
  PASS  std::isfinite(in.x)
  PASS  std::isfinite(in.y)
  PASS  std::isfinite(in.x)
  PASS  std::isfinite(in.y)
  PASS  std::isfinite(in.x)
  PASS  std::isfinite(in.y)
  PASS  std::isfinite(in.x)
  PASS  std::isfinite(in.y)
  PASS  std::isfinite(in.x)
  PASS  std::isfinite(in.y)
  PASS  std::isfinite(in.x)
  PASS  std::isfinite(in.y)
  PASS  std::isfinite(in.x)
  PASS  std::isfinite(in.y)
  PASS  std::isfinite(in.x)
  PASS  std::isfinite(in.y)
  PASS  std::isfinite(in.x)
  PASS  std::isfinite(in.y)
  PASS  std::isfinite(in.x)
  PASS  std::isfinite(in.y)
  PASS  std::isfinite(in.x)
  PASS  std::isfinite(in.y)
  PASS  std::isfinite(in.x)
  PASS  std::isfinite(in.y)
  PASS  std::isfinite(in.x)
  PASS  std::isfinite(in.y)
  PASS  std::isfinite(in.x)
  PASS  std::isfinite(in.y)
  PASS  std::isfinite(in.x)
  PASS  std::isfinite(in.y)
  PASS  std::isfinite(in.x)
  PASS  std::isfinite(in.y)
  PASS  std::isfinite(in.x)
  PASS  std::isfinite(in.y)
  PASS  std::isfinite(in.x)
  PASS  std::isfinite(in.y)
  PASS  std::isfinite(in.x)
  PASS  std::isfinite(in.y)
  PASS  std::isfinite(in.x)
  PASS  std::isfinite(in.y)
  PASS  std::isfinite(in.x)
  PASS  std::isfinite(in.y)
  PASS  std::isfinite(in.x)
  PASS  std::isfinite(in.y)
  PASS  std::isfinite(in.x)
  PASS  std::isfinite(in.y)
  PASS  std::isfinite(in.x)
  PASS  std::isfinite(in.y)
  PASS  std::isfinite(in.x)
  PASS  std::isfinite(in.y)
  PASS  std::isfinite(in.x)
  PASS  std::isfinite(in.y)
  PASS  std::isfinite(in.x)
  PASS  std::isfinite(in.y)
  PASS  std::isfinite(in.x)
  PASS  std::isfinite(in.y)
  PASS  std::isfinite(in.x)
  PASS  std::isfinite(in.y)
  PASS  std::isfinite(in.x)
  PASS  std::isfinite(in.y)
  PASS  std::isfinite(in.x)
  PASS  std::isfinite(in.y)
  PASS  std::isfinite(in.x)
  PASS  std::isfinite(in.y)
  PASS  std::isfinite(in.x)
  PASS  std::isfinite(in.y)
  PASS  std::isfinite(in.x)
  PASS  std::isfinite(in.y)
  PASS  std::isfinite(in.x)
  PASS  std::isfinite(in.y)
  PASS  std::isfinite(in.x)
  PASS  std::isfinite(in.y)
  PASS  std::isfinite(in.x)
  PASS  std::isfinite(in.y)
  PASS  std::isfinite(in.x)
  PASS  std::isfinite(in.y)
  PASS  std::isfinite(in.x)
  PASS  std::isfinite(in.y)
  PASS  std::isfinite(in.x)
  PASS  std::isfinite(in.y)
  PASS  std::isfinite(in.x)
  PASS  std::isfinite(in.y)
  PASS  std::isfinite(in.x)
  PASS  std::isfinite(in.y)
  PASS  std::isfinite(in.x)
  PASS  std::isfinite(in.y)
  PASS  std::isfinite(in.x)
  PASS  std::isfinite(in.y)
  PASS  std::isfinite(in.x)
  PASS  std::isfinite(in.y)
  PASS  std::isfinite(in.x)
  PASS  std::isfinite(in.y)
  PASS  std::isfinite(in.x)
  PASS  std::isfinite(in.y)
  PASS  std::isfinite(in.x)
  PASS  std::isfinite(in.y)
  PASS  std::isfinite(in.x)
  PASS  std::isfinite(in.y)
  PASS  std::isfinite(in.x)
  PASS  std::isfinite(in.y)
  PASS  std::isfinite(in.x)
  PASS  std::isfinite(in.y)
  PASS  std::isfinite(in.x)
  PASS  std::isfinite(in.y)
  PASS  std::isfinite(in.x)
  PASS  std::isfinite(in.y)
  PASS  std::isfinite(in.x)
  PASS  std::isfinite(in.y)
  PASS  std::isfinite(in.x)
  PASS  std::isfinite(in.y)
  PASS  std::isfinite(in.x)
  PASS  std::isfinite(in.y)
  PASS  std::isfinite(in.x)
  PASS  std::isfinite(in.y)
  PASS  std::isfinite(in.x)
  PASS  std::isfinite(in.y)
  PASS  std::isfinite(in.x)
  PASS  std::isfinite(in.y)
  PASS  std::isfinite(in.x)
  PASS  std::isfinite(in.y)
  PASS  std::isfinite(in.x)
  PASS  std::isfinite(in.y)
  PASS  std::isfinite(in.x)
  PASS  std::isfinite(in.y)
  PASS  std::isfinite(in.x)
  PASS  std::isfinite(in.y)
  PASS  std::isfinite(in.x)
  PASS  std::isfinite(in.y)
  PASS  std::isfinite(in.x)
  PASS  std::isfinite(in.y)
  PASS  std::isfinite(in.x)
  PASS  std::isfinite(in.y)
  PASS  std::isfinite(in.x)
  PASS  std::isfinite(in.y)
  PASS  std::isfinite(in.x)
  PASS  std::isfinite(in.y)
  PASS  std::isfinite(in.x)
  PASS  std::isfinite(in.y)
  PASS  std::isfinite(in.x)
  PASS  std::isfinite(in.y)
  PASS  std::isfinite(in.x)
  PASS  std::isfinite(in.y)
  PASS  std::isfinite(in.x)
  PASS  std::isfinite(in.y)
  PASS  std::isfinite(in.x)
  PASS  std::isfinite(in.y)
  PASS  std::isfinite(in.x)
  PASS  std::isfinite(in.y)
  PASS  std::isfinite(in.x)
  PASS  std::isfinite(in.y)
  PASS  std::isfinite(in.x)
  PASS  std::isfinite(in.y)
  PASS  std::isfinite(in.x)
  PASS  std::isfinite(in.y)
  PASS  std::isfinite(in.x)
  PASS  std::isfinite(in.y)
  PASS  std::isfinite(in.x)
  PASS  std::isfinite(in.y)
  PASS  std::isfinite(in.x)
  PASS  std::isfinite(in.y)
  PASS  std::isfinite(in.x)
  PASS  std::isfinite(in.y)
  PASS  std::isfinite(in.x)
  PASS  std::isfinite(in.y)
  PASS  std::isfinite(in.x)
  PASS  std::isfinite(in.y)
  PASS  std::isfinite(in.x)
  PASS  std::isfinite(in.y)
  PASS  std::isfinite(in.x)
  PASS  std::isfinite(in.y)
  PASS  std::isfinite(in.x)
  PASS  std::isfinite(in.y)
  PASS  std::isfinite(in.x)
  PASS  std::isfinite(in.y)
  PASS  std::isfinite(in.x)
  PASS  std::isfinite(in.y)
  PASS  std::isfinite(in.x)
  PASS  std::isfinite(in.y)
  PASS  std::isfinite(in.x)
  PASS  std::isfinite(in.y)
  PASS  std::isfinite(in.x)
  PASS  std::isfinite(in.y)
  PASS  std::isfinite(in.x)
  PASS  std::isfinite(in.y)
  PASS  std::isfinite(in.x)
  PASS  std::isfinite(in.y)
  PASS  std::isfinite(in.x)
  PASS  std::isfinite(in.y)
  PASS  std::isfinite(in.x)
  PASS  std::isfinite(in.y)
  PASS  std::isfinite(in.x)
  PASS  std::isfinite(in.y)
  PASS  std::isfinite(in.x)
  PASS  std::isfinite(in.y)
  PASS  std::isfinite(in.x)
  PASS  std::isfinite(in.y)
  PASS  std::isfinite(in.x)
  PASS  std::isfinite(in.y)
  PASS  std::isfinite(in.x)
  PASS  std::isfinite(in.y)
  PASS  std::isfinite(in.x)
  PASS  std::isfinite(in.y)
  PASS  std::isfinite(in.x)
  PASS  std::isfinite(in.y)
  PASS  std::isfinite(in.x)
  PASS  std::isfinite(in.y)
  PASS  std::isfinite(in.x)
  PASS  std::isfinite(in.y)
  PASS  std::isfinite(in.x)
  PASS  std::isfinite(in.y)
  PASS  std::isfinite(in.x)
  PASS  std::isfinite(in.y)
  PASS  std::isfinite(in.x)
  PASS  std::isfinite(in.y)
  PASS  std::isfinite(in.x)
  PASS  std::isfinite(in.y)
  PASS  std::isfinite(in.x)
  PASS  std::isfinite(in.y)
  PASS  std::isfinite(in.x)
  PASS  std::isfinite(in.y)
  PASS  std::isfinite(in.x)
  PASS  std::isfinite(in.y)
  PASS  std::isfinite(in.x)
  PASS  std::isfinite(in.y)
  PASS  std::isfinite(in.x)
  PASS  std::isfinite(in.y)
  PASS  std::isfinite(in.x)
  PASS  std::isfinite(in.y)
  PASS  std::isfinite(in.x)
  PASS  std::isfinite(in.y)
  PASS  std::isfinite(in.x)
  PASS  std::isfinite(in.y)
  PASS  std::isfinite(in.x)
  PASS  std::isfinite(in.y)
  PASS  std::isfinite(in.x)
  PASS  std::isfinite(in.y)
  PASS  std::isfinite(in.x)
  PASS  std::isfinite(in.y)
  PASS  std::isfinite(in.x)
  PASS  std::isfinite(in.y)
  PASS  std::isfinite(in.x)
  PASS  std::isfinite(in.y)
  PASS  std::isfinite(in.x)
  PASS  std::isfinite(in.y)
  PASS  std::isfinite(in.x)
  PASS  std::isfinite(in.y)
  PASS  std::isfinite(in.x)
  PASS  std::isfinite(in.y)
  PASS  std::isfinite(in.x)
  PASS  std::isfinite(in.y)
  PASS  std::isfinite(in.x)
  PASS  std::isfinite(in.y)
  PASS  std::isfinite(in.x)
  PASS  std::isfinite(in.y)
  PASS  std::isfinite(in.x)
  PASS  std::isfinite(in.y)
  PASS  std::isfinite(in.x)
  PASS  std::isfinite(in.y)
  PASS  std::isfinite(in.x)
  PASS  std::isfinite(in.y)
  PASS  std::isfinite(in.x)
  PASS  std::isfinite(in.y)
  PASS  std::isfinite(in.x)
  PASS  std::isfinite(in.y)
  PASS  std::isfinite(in.x)
  PASS  std::isfinite(in.y)
  PASS  std::isfinite(in.x)
  PASS  std::isfinite(in.y)
  PASS  std::isfinite(in.x)
  PASS  std::isfinite(in.y)
  PASS  std::isfinite(in.x)
  PASS  std::isfinite(in.y)
  PASS  std::isfinite(in.x)
  PASS  std::isfinite(in.y)
  PASS  std::isfinite(in.x)
  PASS  std::isfinite(in.y)
  PASS  std::isfinite(in.x)
  PASS  std::isfinite(in.y)
  PASS  std::isfinite(in.x)
  PASS  std::isfinite(in.y)
  PASS  std::isfinite(in.x)
  PASS  std::isfinite(in.y)
  PASS  std::isfinite(in.x)
  PASS  std::isfinite(in.y)
  PASS  std::isfinite(in.x)
  PASS  std::isfinite(in.y)
  PASS  std::isfinite(in.x)
  PASS  std::isfinite(in.y)
  PASS  std::isfinite(in.x)
  PASS  std::isfinite(in.y)
  PASS  std::isfinite(in.x)
  PASS  std::isfinite(in.y)
  PASS  std::isfinite(in.x)
  PASS  std::isfinite(in.y)
  PASS  std::isfinite(in.x)
  PASS  std::isfinite(in.y)
  PASS  std::isfinite(in.x)
  PASS  std::isfinite(in.y)
  PASS  std::isfinite(in.x)
  PASS  std::isfinite(in.y)
  PASS  std::isfinite(in.x)
  PASS  std::isfinite(in.y)
  PASS  std::isfinite(in.x)
  PASS  std::isfinite(in.y)
  PASS  std::isfinite(in.x)
  PASS  std::isfinite(in.y)
  PASS  std::isfinite(in.x)
  PASS  std::isfinite(in.y)
  PASS  std::isfinite(in.x)
  PASS  std::isfinite(in.y)
  PASS  std::isfinite(in.x)
  PASS  std::isfinite(in.y)
  PASS  std::isfinite(in.x)
  PASS  std::isfinite(in.y)
  PASS  std::isfinite(in.x)
  PASS  std::isfinite(in.y)
  PASS  std::isfinite(in.x)
  PASS  std::isfinite(in.y)
  PASS  std::isfinite(in.x)
  PASS  std::isfinite(in.y)
  PASS  std::isfinite(in.x)
  PASS  std::isfinite(in.y)
  PASS  std::isfinite(in.x)
  PASS  std::isfinite(in.y)
  PASS  std::isfinite(in.x)
  PASS  std::isfinite(in.y)
  PASS  std::isfinite(in.x)
  PASS  std::isfinite(in.y)
  PASS  std::isfinite(in.x)
  PASS  std::isfinite(in.y)
  PASS  std::isfinite(in.x)
  PASS  std::isfinite(in.y)
  PASS  std::isfinite(in.x)
  PASS  std::isfinite(in.y)
  PASS  std::isfinite(in.x)
  PASS  std::isfinite(in.y)
  PASS  std::isfinite(in.x)
  PASS  std::isfinite(in.y)
  PASS  std::isfinite(in.x)
  PASS  std::isfinite(in.y)
  PASS  std::isfinite(in.x)
  PASS  std::isfinite(in.y)
  PASS  std::isfinite(in.x)
  PASS  std::isfinite(in.y)
  PASS  std::isfinite(in.x)
  PASS  std::isfinite(in.y)
  PASS  std::isfinite(in.x)
  PASS  std::isfinite(in.y)
  PASS  std::isfinite(in.x)
  PASS  std::isfinite(in.y)
  PASS  std::isfinite(in.x)
  PASS  std::isfinite(in.y)
  PASS  std::isfinite(in.x)
  PASS  std::isfinite(in.y)
  PASS  std::isfinite(in.x)
  PASS  std::isfinite(in.y)
  PASS  std::isfinite(in.x)
  PASS  std::isfinite(in.y)
  PASS  std::isfinite(in.x)
  PASS  std::isfinite(in.y)
  PASS  std::isfinite(in.x)
  PASS  std::isfinite(in.y)
  PASS  std::isfinite(in.x)
  PASS  std::isfinite(in.y)
  PASS  std::isfinite(in.x)
  PASS  std::isfinite(in.y)
  PASS  std::isfinite(in.x)
  PASS  std::isfinite(in.y)
  PASS  std::isfinite(in.x)
  PASS  std::isfinite(in.y)
  PASS  std::isfinite(in.x)
  PASS  std::isfinite(in.y)
  PASS  std::isfinite(in.x)
  PASS  std::isfinite(in.y)
  PASS  std::isfinite(in.x)
  PASS  std::isfinite(in.y)
  PASS  std::isfinite(in.x)
  PASS  std::isfinite(in.y)
  PASS  std::isfinite(in.x)
  PASS  std::isfinite(in.y)
  PASS  std::isfinite(in.x)
  PASS  std::isfinite(in.y)
  PASS  std::isfinite(in.x)
  PASS  std::isfinite(in.y)
  PASS  std::isfinite(in.x)
  PASS  std::isfinite(in.y)
  PASS  std::isfinite(in.x)
  PASS  std::isfinite(in.y)
  PASS  std::isfinite(in.x)
  PASS  std::isfinite(in.y)
  PASS  std::isfinite(in.x)
  PASS  std::isfinite(in.y)
  PASS  std::isfinite(in.x)
  PASS  std::isfinite(in.y)
  PASS  std::isfinite(in.x)
  PASS  std::isfinite(in.y)
  PASS  std::isfinite(in.x)
  PASS  std::isfinite(in.y)
  PASS  std::isfinite(in.x)
  PASS  std::isfinite(in.y)
  PASS  std::isfinite(in.x)
  PASS  std::isfinite(in.y)
  PASS  std::isfinite(in.x)
  PASS  std::isfinite(in.y)
  PASS  std::isfinite(in.x)
  PASS  std::isfinite(in.y)
  PASS  std::isfinite(in.x)
  PASS  std::isfinite(in.y)
  PASS  std::isfinite(in.x)
  PASS  std::isfinite(in.y)
  PASS  std::isfinite(in.x)
  PASS  std::isfinite(in.y)
  PASS  std::isfinite(in.x)
  PASS  std::isfinite(in.y)
  PASS  std::isfinite(in.x)
  PASS  std::isfinite(in.y)
  PASS  std::isfinite(in.x)
  PASS  std::isfinite(in.y)
  PASS  std::isfinite(in.x)
  PASS  std::isfinite(in.y)
  PASS  std::isfinite(in.x)
  PASS  std::isfinite(in.y)
  PASS  std::isfinite(in.x)
  PASS  std::isfinite(in.y)
  PASS  std::isfinite(in.x)
  PASS  std::isfinite(in.y)
  PASS  std::isfinite(in.x)
  PASS  std::isfinite(in.y)
  PASS  std::isfinite(in.x)
  PASS  std::isfinite(in.y)
  PASS  std::isfinite(in.x)
  PASS  std::isfinite(in.y)
  PASS  std::isfinite(in.x)
  PASS  std::isfinite(in.y)
  PASS  std::isfinite(in.x)
  PASS  std::isfinite(in.y)
  PASS  std::isfinite(in.x)
  PASS  std::isfinite(in.y)
  PASS  std::isfinite(in.x)
  PASS  std::isfinite(in.y)
  PASS  std::isfinite(in.x)
  PASS  std::isfinite(in.y)
  PASS  std::isfinite(in.x)
  PASS  std::isfinite(in.y)
  PASS  std::isfinite(in.x)
  PASS  std::isfinite(in.y)
  PASS  std::isfinite(in.x)
  PASS  std::isfinite(in.y)
  PASS  std::isfinite(in.x)
  PASS  std::isfinite(in.y)
  PASS  std::isfinite(in.x)
  PASS  std::isfinite(in.y)
  PASS  std::isfinite(in.x)
  PASS  std::isfinite(in.y)
  PASS  std::isfinite(in.x)
  PASS  std::isfinite(in.y)
  PASS  std::isfinite(in.x)
  PASS  std::isfinite(in.y)
  PASS  std::isfinite(in.x)
  PASS  std::isfinite(in.y)
  PASS  std::isfinite(in.x)
  PASS  std::isfinite(in.y)
  PASS  std::isfinite(in.x)
  PASS  std::isfinite(in.y)
  PASS  std::isfinite(in.x)
  PASS  std::isfinite(in.y)
  PASS  std::isfinite(in.x)
  PASS  std::isfinite(in.y)
  PASS  std::isfinite(in.x)
  PASS  std::isfinite(in.y)
  PASS  std::isfinite(in.x)
  PASS  std::isfinite(in.y)
  PASS  std::isfinite(in.x)
  PASS  std::isfinite(in.y)
  PASS  std::isfinite(in.x)
  PASS  std::isfinite(in.y)
  PASS  std::isfinite(in.x)
  PASS  std::isfinite(in.y)
  PASS  std::isfinite(in.x)
  PASS  std::isfinite(in.y)
  PASS  std::isfinite(in.x)
  PASS  std::isfinite(in.y)
  PASS  std::isfinite(in.x)
  PASS  std::isfinite(in.y)
  PASS  std::isfinite(in.x)
  PASS  std::isfinite(in.y)
  PASS  std::isfinite(in.x)
  PASS  std::isfinite(in.y)
  PASS  std::isfinite(in.x)
  PASS  std::isfinite(in.y)
  PASS  std::isfinite(in.x)
  PASS  std::isfinite(in.y)
  PASS  std::isfinite(in.x)
  PASS  std::isfinite(in.y)
  PASS  std::isfinite(in.x)
  PASS  std::isfinite(in.y)
  PASS  std::isfinite(in.x)
  PASS  std::isfinite(in.y)
  PASS  std::isfinite(in.x)
  PASS  std::isfinite(in.y)
  PASS  std::isfinite(in.x)
  PASS  std::isfinite(in.y)
  PASS  std::isfinite(in.x)
  PASS  std::isfinite(in.y)
  PASS  std::isfinite(in.x)
  PASS  std::isfinite(in.y)
  PASS  std::isfinite(in.x)
  PASS  std::isfinite(in.y)
  PASS  std::isfinite(in.x)
  PASS  std::isfinite(in.y)
  PASS  std::isfinite(in.x)
  PASS  std::isfinite(in.y)
  PASS  std::isfinite(in.x)
  PASS  std::isfinite(in.y)
  PASS  std::isfinite(in.x)
  PASS  std::isfinite(in.y)
  PASS  std::isfinite(in.x)
  PASS  std::isfinite(in.y)
  PASS  std::isfinite(in.x)
  PASS  std::isfinite(in.y)
  PASS  std::isfinite(in.x)
  PASS  std::isfinite(in.y)
  PASS  std::isfinite(in.x)
  PASS  std::isfinite(in.y)
  PASS  std::isfinite(in.x)
  PASS  std::isfinite(in.y)
  PASS  std::isfinite(in.x)
  PASS  std::isfinite(in.y)
  PASS  std::isfinite(in.x)
  PASS  std::isfinite(in.y)
  PASS  std::isfinite(in.x)
  PASS  std::isfinite(in.y)
  PASS  std::isfinite(in.x)
  PASS  std::isfinite(in.y)
  PASS  std::isfinite(in.x)
  PASS  std::isfinite(in.y)
  PASS  std::isfinite(in.x)
  PASS  std::isfinite(in.y)
  PASS  std::isfinite(in.x)
  PASS  std::isfinite(in.y)
  PASS  std::isfinite(in.x)
  PASS  std::isfinite(in.y)
  PASS  std::isfinite(in.x)
  PASS  std::isfinite(in.y)
  PASS  std::isfinite(in.x)
  PASS  std::isfinite(in.y)
  PASS  std::isfinite(in.x)
  PASS  std::isfinite(in.y)
  PASS  std::isfinite(in.x)
  PASS  std::isfinite(in.y)
  PASS  std::isfinite(in.x)
  PASS  std::isfinite(in.y)
  PASS  std::isfinite(in.x)
  PASS  std::isfinite(in.y)
  PASS  std::isfinite(in.x)
  PASS  std::isfinite(in.y)
  PASS  std::isfinite(in.x)
  PASS  std::isfinite(in.y)
  PASS  std::isfinite(in.x)
  PASS  std::isfinite(in.y)
  PASS  std::isfinite(in.x)
  PASS  std::isfinite(in.y)
  PASS  std::isfinite(in.x)
  PASS  std::isfinite(in.y)
  PASS  std::isfinite(in.x)
  PASS  std::isfinite(in.y)
  PASS  std::isfinite(in.x)
  PASS  std::isfinite(in.y)
  PASS  std::isfinite(in.x)
  PASS  std::isfinite(in.y)
  PASS  std::isfinite(in.x)
  PASS  std::isfinite(in.y)
  PASS  std::isfinite(in.x)
  PASS  std::isfinite(in.y)
  PASS  std::isfinite(in.x)
  PASS  std::isfinite(in.y)
  PASS  std::isfinite(in.x)
  PASS  std::isfinite(in.y)
  PASS  std::isfinite(in.x)
  PASS  std::isfinite(in.y)
  PASS  std::isfinite(in.x)
  PASS  std::isfinite(in.y)
  PASS  std::isfinite(in.x)
  PASS  std::isfinite(in.y)
  PASS  std::isfinite(in.x)
  PASS  std::isfinite(in.y)
  PASS  std::isfinite(in.x)
  PASS  std::isfinite(in.y)
  PASS  std::isfinite(in.x)
  PASS  std::isfinite(in.y)
  PASS  std::isfinite(in.x)
  PASS  std::isfinite(in.y)
  PASS  std::isfinite(in.x)
  PASS  std::isfinite(in.y)
  PASS  std::isfinite(in.x)
  PASS  std::isfinite(in.y)
  PASS  std::isfinite(in.x)
  PASS  std::isfinite(in.y)
  PASS  std::isfinite(in.x)
  PASS  std::isfinite(in.y)
  PASS  std::isfinite(in.x)
  PASS  std::isfinite(in.y)
  PASS  std::isfinite(in.x)
  PASS  std::isfinite(in.y)
  PASS  std::isfinite(in.x)
  PASS  std::isfinite(in.y)
  PASS  std::isfinite(in.x)
  PASS  std::isfinite(in.y)
  PASS  std::isfinite(in.x)
  PASS  std::isfinite(in.y)
  PASS  std::isfinite(in.x)
  PASS  std::isfinite(in.y)
  PASS  std::isfinite(in.x)
  PASS  std::isfinite(in.y)
  PASS  std::isfinite(in.x)
  PASS  std::isfinite(in.y)
  PASS  std::isfinite(in.x)
  PASS  std::isfinite(in.y)
  PASS  std::isfinite(in.x)
  PASS  std::isfinite(in.y)
  PASS  std::isfinite(in.x)
  PASS  std::isfinite(in.y)
  PASS  std::isfinite(in.x)
  PASS  std::isfinite(in.y)
  PASS  std::isfinite(in.x)
  PASS  std::isfinite(in.y)
  PASS  std::isfinite(in.x)
  PASS  std::isfinite(in.y)
  PASS  std::isfinite(in.x)
  PASS  std::isfinite(in.y)
  PASS  std::isfinite(in.x)
  PASS  std::isfinite(in.y)
  PASS  std::isfinite(in.x)
  PASS  std::isfinite(in.y)
  PASS  std::isfinite(in.x)
  PASS  std::isfinite(in.y)
  PASS  std::isfinite(in.x)
  PASS  std::isfinite(in.y)
  PASS  std::isfinite(in.x)
  PASS  std::isfinite(in.y)
  PASS  std::isfinite(in.x)
  PASS  std::isfinite(in.y)
  PASS  std::isfinite(in.x)
  PASS  std::isfinite(in.y)
  PASS  std::isfinite(in.x)
  PASS  std::isfinite(in.y)
  PASS  std::isfinite(in.x)
  PASS  std::isfinite(in.y)
  PASS  std::isfinite(in.x)
  PASS  std::isfinite(in.y)
  PASS  std::isfinite(in.x)
  PASS  std::isfinite(in.y)
  PASS  std::isfinite(in.x)
  PASS  std::isfinite(in.y)
  PASS  std::isfinite(in.x)
  PASS  std::isfinite(in.y)
  PASS  std::isfinite(in.x)
  PASS  std::isfinite(in.y)
  PASS  std::isfinite(in.x)
  PASS  std::isfinite(in.y)
  PASS  std::isfinite(in.x)
  PASS  std::isfinite(in.y)
  PASS  std::isfinite(in.x)
  PASS  std::isfinite(in.y)
  PASS  std::isfinite(in.x)
  PASS  std::isfinite(in.y)
  PASS  std::isfinite(in.x)
  PASS  std::isfinite(in.y)
  PASS  std::isfinite(in.x)
  PASS  std::isfinite(in.y)
  PASS  std::isfinite(in.x)
  PASS  std::isfinite(in.y)
  PASS  std::isfinite(in.x)
  PASS  std::isfinite(in.y)
  PASS  std::isfinite(in.x)
  PASS  std::isfinite(in.y)
  PASS  std::isfinite(in.x)
  PASS  std::isfinite(in.y)
  PASS  std::isfinite(in.x)
  PASS  std::isfinite(in.y)
  PASS  std::isfinite(in.x)
  PASS  std::isfinite(in.y)
  PASS  std::isfinite(in.x)
  PASS  std::isfinite(in.y)
  PASS  std::isfinite(in.x)
  PASS  std::isfinite(in.y)
  PASS  std::isfinite(in.x)
  PASS  std::isfinite(in.y)
  PASS  std::isfinite(in.x)
  PASS  std::isfinite(in.y)
  PASS  std::isfinite(in.x)
  PASS  std::isfinite(in.y)
  PASS  std::isfinite(in.x)
  PASS  std::isfinite(in.y)
  PASS  std::isfinite(in.x)
  PASS  std::isfinite(in.y)
  PASS  std::isfinite(in.x)
  PASS  std::isfinite(in.y)
  PASS  std::isfinite(in.x)
  PASS  std::isfinite(in.y)
  PASS  std::isfinite(in.x)
  PASS  std::isfinite(in.y)
  PASS  std::isfinite(in.x)
  PASS  std::isfinite(in.y)
  PASS  std::isfinite(in.x)
  PASS  std::isfinite(in.y)
  PASS  std::isfinite(in.x)
  PASS  std::isfinite(in.y)
  PASS  std::isfinite(in.x)
  PASS  std::isfinite(in.y)
  PASS  std::isfinite(in.x)
  PASS  std::isfinite(in.y)
  PASS  std::isfinite(in.x)
  PASS  std::isfinite(in.y)
  PASS  std::isfinite(in.x)
  PASS  std::isfinite(in.y)
  PASS  std::isfinite(in.x)
  PASS  std::isfinite(in.y)
  PASS  std::isfinite(in.x)
  PASS  std::isfinite(in.y)
  PASS  std::isfinite(in.x)
  PASS  std::isfinite(in.y)
  PASS  std::isfinite(in.x)
  PASS  std::isfinite(in.y)
  PASS  std::isfinite(in.x)
  PASS  std::isfinite(in.y)
  PASS  std::isfinite(in.x)
  PASS  std::isfinite(in.y)
  PASS  std::isfinite(in.x)
  PASS  std::isfinite(in.y)
  PASS  std::isfinite(in.x)
  PASS  std::isfinite(in.y)
  PASS  std::isfinite(in.x)
  PASS  std::isfinite(in.y)
  PASS  std::isfinite(in.x)
  PASS  std::isfinite(in.y)
  PASS  std::isfinite(in.x)
  PASS  std::isfinite(in.y)
  PASS  std::isfinite(in.x)
  PASS  std::isfinite(in.y)
  PASS  std::isfinite(in.x)
  PASS  std::isfinite(in.y)
  PASS  std::isfinite(in.x)
  PASS  std::isfinite(in.y)
  PASS  std::isfinite(in.x)
  PASS  std::isfinite(in.y)
  PASS  std::isfinite(in.x)
  PASS  std::isfinite(in.y)
  PASS  std::isfinite(in.x)
  PASS  std::isfinite(in.y)
  PASS  std::isfinite(in.x)
  PASS  std::isfinite(in.y)
  PASS  std::isfinite(in.x)
  PASS  std::isfinite(in.y)
  PASS  std::isfinite(in.x)
  PASS  std::isfinite(in.y)
  PASS  std::isfinite(in.x)
  PASS  std::isfinite(in.y)
  PASS  std::isfinite(in.x)
  PASS  std::isfinite(in.y)
  PASS  std::isfinite(in.x)
  PASS  std::isfinite(in.y)
  PASS  std::isfinite(in.x)
  PASS  std::isfinite(in.y)
  PASS  std::isfinite(in.x)
  PASS  std::isfinite(in.y)
  PASS  std::isfinite(in.x)
  PASS  std::isfinite(in.y)
  PASS  std::isfinite(in.x)
  PASS  std::isfinite(in.y)
  PASS  std::isfinite(in.x)
  PASS  std::isfinite(in.y)
  PASS  std::isfinite(in.x)
  PASS  std::isfinite(in.y)
  PASS  std::isfinite(in.x)
  PASS  std::isfinite(in.y)
  PASS  std::isfinite(in.x)
  PASS  std::isfinite(in.y)
  PASS  std::isfinite(in.x)
  PASS  std::isfinite(in.y)
  PASS  std::isfinite(in.x)
  PASS  std::isfinite(in.y)
  PASS  std::isfinite(in.x)
  PASS  std::isfinite(in.y)
  PASS  std::isfinite(in.x)
  PASS  std::isfinite(in.y)
  PASS  std::isfinite(in.x)
  PASS  std::isfinite(in.y)
  PASS  std::isfinite(in.x)
  PASS  std::isfinite(in.y)
  PASS  std::isfinite(in.x)
  PASS  std::isfinite(in.y)
  PASS  std::isfinite(in.x)
  PASS  std::isfinite(in.y)
  PASS  std::isfinite(in.x)
  PASS  std::isfinite(in.y)
  PASS  std::isfinite(in.x)
  PASS  std::isfinite(in.y)
  PASS  std::isfinite(in.x)
  PASS  std::isfinite(in.y)
  PASS  std::isfinite(in.x)
  PASS  std::isfinite(in.y)
  PASS  std::isfinite(in.x)
  PASS  std::isfinite(in.y)
  PASS  std::isfinite(in.x)
  PASS  std::isfinite(in.y)
  PASS  std::isfinite(in.x)
  PASS  std::isfinite(in.y)
  PASS  std::isfinite(in.x)
  PASS  std::isfinite(in.y)
  PASS  std::isfinite(in.x)
  PASS  std::isfinite(in.y)
  PASS  std::isfinite(in.x)
  PASS  std::isfinite(in.y)
  PASS  std::isfinite(in.x)
  PASS  std::isfinite(in.y)
  PASS  std::isfinite(in.x)
  PASS  std::isfinite(in.y)
  PASS  std::isfinite(in.x)
  PASS  std::isfinite(in.y)
  PASS  std::isfinite(in.x)
  PASS  std::isfinite(in.y)
  PASS  std::isfinite(in.x)
  PASS  std::isfinite(in.y)
  PASS  std::isfinite(in.x)
  PASS  std::isfinite(in.y)
  PASS  std::isfinite(in.x)
  PASS  std::isfinite(in.y)
  PASS  std::isfinite(in.x)
  PASS  std::isfinite(in.y)
  PASS  std::isfinite(in.x)
  PASS  std::isfinite(in.y)
  PASS  std::isfinite(in.x)
  PASS  std::isfinite(in.y)
  PASS  std::isfinite(in.x)
  PASS  std::isfinite(in.y)
  PASS  std::isfinite(in.x)
  PASS  std::isfinite(in.y)
  PASS  std::isfinite(in.x)
  PASS  std::isfinite(in.y)
  PASS  std::isfinite(in.x)
  PASS  std::isfinite(in.y)
  PASS  std::isfinite(in.x)
  PASS  std::isfinite(in.y)
  PASS  std::isfinite(in.x)
  PASS  std::isfinite(in.y)
  PASS  std::isfinite(in.x)
  PASS  std::isfinite(in.y)
  PASS  std::isfinite(in.x)
  PASS  std::isfinite(in.y)
  PASS  std::isfinite(in.x)
  PASS  std::isfinite(in.y)
  PASS  std::isfinite(in.x)
  PASS  std::isfinite(in.y)
  PASS  std::isfinite(in.x)
  PASS  std::isfinite(in.y)
  PASS  std::isfinite(in.x)
  PASS  std::isfinite(in.y)
  PASS  std::isfinite(in.x)
  PASS  std::isfinite(in.y)
  PASS  std::isfinite(in.x)
  PASS  std::isfinite(in.y)
  PASS  std::isfinite(in.x)
  PASS  std::isfinite(in.y)
  PASS  std::isfinite(in.x)
  PASS  std::isfinite(in.y)
  PASS  std::isfinite(in.x)
  PASS  std::isfinite(in.y)
  PASS  std::isfinite(in.x)
  PASS  std::isfinite(in.y)
  PASS  std::isfinite(in.x)
  PASS  std::isfinite(in.y)
  PASS  std::isfinite(in.x)
  PASS  std::isfinite(in.y)
  PASS  std::isfinite(in.x)
  PASS  std::isfinite(in.y)
  PASS  std::isfinite(in.x)
  PASS  std::isfinite(in.y)
  PASS  std::isfinite(in.x)
  PASS  std::isfinite(in.y)
  PASS  std::isfinite(in.x)
  PASS  std::isfinite(in.y)
  PASS  std::isfinite(in.x)
  PASS  std::isfinite(in.y)
  PASS  std::isfinite(in.x)
  PASS  std::isfinite(in.y)
  PASS  std::isfinite(in.x)
  PASS  std::isfinite(in.y)
  PASS  std::isfinite(in.x)
  PASS  std::isfinite(in.y)
  PASS  std::isfinite(in.x)
  PASS  std::isfinite(in.y)
  PASS  std::isfinite(in.x)
  PASS  std::isfinite(in.y)
  PASS  std::isfinite(in.x)
  PASS  std::isfinite(in.y)
  PASS  std::isfinite(in.x)
  PASS  std::isfinite(in.y)
  PASS  std::isfinite(in.x)
  PASS  std::isfinite(in.y)
  PASS  std::isfinite(in.x)
  PASS  std::isfinite(in.y)
  PASS  std::isfinite(in.x)
  PASS  std::isfinite(in.y)
  PASS  std::isfinite(in.x)
  PASS  std::isfinite(in.y)
  PASS  std::isfinite(in.x)
  PASS  std::isfinite(in.y)
  PASS  std::isfinite(in.x)
  PASS  std::isfinite(in.y)
  PASS  std::isfinite(in.x)
  PASS  std::isfinite(in.y)
  PASS  std::isfinite(in.x)
  PASS  std::isfinite(in.y)
  PASS  std::isfinite(in.x)
  PASS  std::isfinite(in.y)
  PASS  std::isfinite(in.x)
  PASS  std::isfinite(in.y)
  PASS  std::isfinite(in.x)
  PASS  std::isfinite(in.y)
  PASS  std::isfinite(in.x)
  PASS  std::isfinite(in.y)
  PASS  std::isfinite(in.x)
  PASS  std::isfinite(in.y)
  PASS  std::isfinite(in.x)
  PASS  std::isfinite(in.y)
  PASS  std::isfinite(in.x)
  PASS  std::isfinite(in.y)
  PASS  std::isfinite(in.x)
  PASS  std::isfinite(in.y)
  PASS  std::isfinite(in.x)
  PASS  std::isfinite(in.y)
  PASS  std::isfinite(in.x)
  PASS  std::isfinite(in.y)
  PASS  std::isfinite(in.x)
  PASS  std::isfinite(in.y)
  PASS  std::isfinite(in.x)
  PASS  std::isfinite(in.y)
  PASS  std::isfinite(in.x)
  PASS  std::isfinite(in.y)
  PASS  std::isfinite(in.x)
  PASS  std::isfinite(in.y)
  PASS  std::isfinite(in.x)
  PASS  std::isfinite(in.y)
  PASS  std::isfinite(in.x)
  PASS  std::isfinite(in.y)
  PASS  std::isfinite(in.x)
  PASS  std::isfinite(in.y)
  PASS  std::isfinite(in.x)
  PASS  std::isfinite(in.y)
  PASS  std::isfinite(in.x)
  PASS  std::isfinite(in.y)
  PASS  std::isfinite(in.x)
  PASS  std::isfinite(in.y)
  PASS  std::isfinite(in.x)
  PASS  std::isfinite(in.y)
  PASS  std::isfinite(in.x)
  PASS  std::isfinite(in.y)
  PASS  std::isfinite(in.x)
  PASS  std::isfinite(in.y)
  PASS  std::isfinite(in.x)
  PASS  std::isfinite(in.y)
  PASS  std::isfinite(in.x)
  PASS  std::isfinite(in.y)
  PASS  std::isfinite(in.x)
  PASS  std::isfinite(in.y)
  PASS  std::isfinite(in.x)
  PASS  std::isfinite(in.y)
  PASS  std::isfinite(in.x)
  PASS  std::isfinite(in.y)
  PASS  std::isfinite(in.x)
  PASS  std::isfinite(in.y)
  PASS  std::isfinite(in.x)
  PASS  std::isfinite(in.y)
  PASS  std::isfinite(in.x)
  PASS  std::isfinite(in.y)
  PASS  std::isfinite(in.x)
  PASS  std::isfinite(in.y)
  PASS  std::isfinite(in.x)
  PASS  std::isfinite(in.y)
  PASS  std::isfinite(in.x)
  PASS  std::isfinite(in.y)
  PASS  std::isfinite(in.x)
  PASS  std::isfinite(in.y)
  PASS  std::isfinite(in.x)
  PASS  std::isfinite(in.y)
  PASS  std::isfinite(in.x)
  PASS  std::isfinite(in.y)
  PASS  std::isfinite(in.x)
  PASS  std::isfinite(in.y)
  PASS  std::isfinite(in.x)
  PASS  std::isfinite(in.y)
  PASS  std::isfinite(in.x)
  PASS  std::isfinite(in.y)
  PASS  std::isfinite(in.x)
  PASS  std::isfinite(in.y)
  PASS  std::isfinite(in.x)
  PASS  std::isfinite(in.y)
  PASS  std::isfinite(in.x)
  PASS  std::isfinite(in.y)
  PASS  std::isfinite(in.x)
  PASS  std::isfinite(in.y)
  PASS  std::isfinite(in.x)
  PASS  std::isfinite(in.y)
  PASS  std::isfinite(in.x)
  PASS  std::isfinite(in.y)
  PASS  std::isfinite(in.x)
  PASS  std::isfinite(in.y)
  PASS  std::isfinite(in.x)
  PASS  std::isfinite(in.y)
  PASS  std::isfinite(in.x)
  PASS  std::isfinite(in.y)
  PASS  std::isfinite(in.x)
  PASS  std::isfinite(in.y)
  PASS  std::isfinite(in.x)
  PASS  std::isfinite(in.y)
  PASS  std::isfinite(in.x)
  PASS  std::isfinite(in.y)
  PASS  std::isfinite(in.x)
  PASS  std::isfinite(in.y)
  PASS  std::isfinite(in.x)
  PASS  std::isfinite(in.y)
  PASS  std::isfinite(in.x)
  PASS  std::isfinite(in.y)
  PASS  std::isfinite(in.x)
  PASS  std::isfinite(in.y)
  PASS  std::isfinite(in.x)
  PASS  std::isfinite(in.y)
  PASS  std::isfinite(in.x)
  PASS  std::isfinite(in.y)
  PASS  std::isfinite(in.x)
  PASS  std::isfinite(in.y)
  PASS  std::isfinite(in.x)
  PASS  std::isfinite(in.y)
  PASS  std::isfinite(in.x)
  PASS  std::isfinite(in.y)
  PASS  std::isfinite(in.x)
  PASS  std::isfinite(in.y)
  PASS  std::isfinite(in.x)
  PASS  std::isfinite(in.y)
  PASS  std::isfinite(in.x)
  PASS  std::isfinite(in.y)
  PASS  std::isfinite(in.x)
  PASS  std::isfinite(in.y)
  PASS  std::isfinite(in.x)
  PASS  std::isfinite(in.y)
  PASS  std::isfinite(in.x)
  PASS  std::isfinite(in.y)
  PASS  std::isfinite(in.x)
  PASS  std::isfinite(in.y)
  PASS  std::isfinite(in.x)
  PASS  std::isfinite(in.y)
  PASS  std::isfinite(in.x)
  PASS  std::isfinite(in.y)
  PASS  std::isfinite(in.x)
  PASS  std::isfinite(in.y)
  PASS  std::isfinite(in.x)
  PASS  std::isfinite(in.y)
  PASS  std::isfinite(in.x)
  PASS  std::isfinite(in.y)
  PASS  std::isfinite(in.x)
  PASS  std::isfinite(in.y)
  PASS  std::isfinite(in.x)
  PASS  std::isfinite(in.y)
  PASS  std::isfinite(in.x)
  PASS  std::isfinite(in.y)
  PASS  std::isfinite(in.x)
  PASS  std::isfinite(in.y)
  PASS  std::isfinite(in.x)
  PASS  std::isfinite(in.y)
  PASS  std::isfinite(in.x)
  PASS  std::isfinite(in.y)
  PASS  std::isfinite(in.x)
  PASS  std::isfinite(in.y)
  PASS  std::isfinite(in.x)
  PASS  std::isfinite(in.y)
  PASS  std::isfinite(in.x)
  PASS  std::isfinite(in.y)
  PASS  std::isfinite(in.x)
  PASS  std::isfinite(in.y)
  PASS  std::isfinite(in.x)
  PASS  std::isfinite(in.y)
  PASS  std::isfinite(in.x)
  PASS  std::isfinite(in.y)
  PASS  std::isfinite(in.x)
  PASS  std::isfinite(in.y)
  PASS  std::isfinite(in.x)
  PASS  std::isfinite(in.y)
  PASS  std::isfinite(in.x)
  PASS  std::isfinite(in.y)
  PASS  std::isfinite(in.x)
  PASS  std::isfinite(in.y)
  PASS  std::isfinite(in.x)
  PASS  std::isfinite(in.y)
  PASS  std::isfinite(in.x)
  PASS  std::isfinite(in.y)
  PASS  std::isfinite(in.x)
  PASS  std::isfinite(in.y)
  PASS  std::isfinite(in.x)
  PASS  std::isfinite(in.y)
  PASS  std::isfinite(in.x)
  PASS  std::isfinite(in.y)
  PASS  std::isfinite(in.x)
  PASS  std::isfinite(in.y)
  PASS  std::isfinite(in.x)
  PASS  std::isfinite(in.y)
  PASS  std::isfinite(in.x)
  PASS  std::isfinite(in.y)
  PASS  std::isfinite(in.x)
  PASS  std::isfinite(in.y)
  PASS  std::isfinite(in.x)
  PASS  std::isfinite(in.y)
  PASS  std::isfinite(in.x)
  PASS  std::isfinite(in.y)
  PASS  std::isfinite(in.x)
  PASS  std::isfinite(in.y)
  PASS  std::isfinite(in.x)
  PASS  std::isfinite(in.y)
  PASS  std::isfinite(in.x)
  PASS  std::isfinite(in.y)
  PASS  std::isfinite(in.x)
  PASS  std::isfinite(in.y)
  PASS  std::isfinite(in.x)
  PASS  std::isfinite(in.y)
  PASS  std::isfinite(in.x)
  PASS  std::isfinite(in.y)
  PASS  std::isfinite(in.x)
  PASS  std::isfinite(in.y)
  PASS  std::isfinite(in.x)
  PASS  std::isfinite(in.y)
  PASS  std::isfinite(in.x)
  PASS  std::isfinite(in.y)
  PASS  std::isfinite(in.x)
  PASS  std::isfinite(in.y)
  PASS  std::isfinite(in.x)
  PASS  std::isfinite(in.y)
  PASS  std::isfinite(in.x)
  PASS  std::isfinite(in.y)
  PASS  std::isfinite(in.x)
  PASS  std::isfinite(in.y)
  PASS  std::isfinite(in.x)
  PASS  std::isfinite(in.y)
  PASS  std::isfinite(in.x)
  PASS  std::isfinite(in.y)
  PASS  std::isfinite(in.x)
  PASS  std::isfinite(in.y)
  PASS  std::isfinite(in.x)
  PASS  std::isfinite(in.y)
  PASS  std::isfinite(in.x)
  PASS  std::isfinite(in.y)
  PASS  std::isfinite(in.x)
  PASS  std::isfinite(in.y)
  PASS  std::isfinite(in.x)
  PASS  std::isfinite(in.y)
  PASS  std::isfinite(in.x)
  PASS  std::isfinite(in.y)
  PASS  std::isfinite(in.x)
  PASS  std::isfinite(in.y)
  PASS  std::isfinite(in.x)
  PASS  std::isfinite(in.y)
  PASS  std::isfinite(in.x)
  PASS  std::isfinite(in.y)
  PASS  std::isfinite(in.x)
  PASS  std::isfinite(in.y)
  PASS  std::isfinite(in.x)
  PASS  std::isfinite(in.y)
  PASS  std::isfinite(in.x)
  PASS  std::isfinite(in.y)
  PASS  std::isfinite(in.x)
  PASS  std::isfinite(in.y)
  PASS  std::isfinite(in.x)
  PASS  std::isfinite(in.y)
  PASS  std::isfinite(in.x)
  PASS  std::isfinite(in.y)
  PASS  std::isfinite(in.x)
  PASS  std::isfinite(in.y)
  PASS  std::isfinite(in.x)
  PASS  std::isfinite(in.y)
  PASS  std::isfinite(in.x)
  PASS  std::isfinite(in.y)
  PASS  std::isfinite(in.x)
  PASS  std::isfinite(in.y)
  PASS  std::isfinite(in.x)
  PASS  std::isfinite(in.y)
  PASS  std::isfinite(in.x)
  PASS  std::isfinite(in.y)
  PASS  std::isfinite(in.x)
  PASS  std::isfinite(in.y)
  PASS  std::isfinite(in.x)
  PASS  std::isfinite(in.y)
  PASS  std::isfinite(in.x)
  PASS  std::isfinite(in.y)
  PASS  std::isfinite(in.x)
  PASS  std::isfinite(in.y)
  PASS  std::isfinite(in.x)
  PASS  std::isfinite(in.y)
  PASS  std::isfinite(in.x)
  PASS  std::isfinite(in.y)
  PASS  std::isfinite(in.x)
  PASS  std::isfinite(in.y)
  PASS  std::isfinite(in.x)
  PASS  std::isfinite(in.y)
  PASS  std::isfinite(in.x)
  PASS  std::isfinite(in.y)
  PASS  std::isfinite(in.x)
  PASS  std::isfinite(in.y)
  PASS  std::isfinite(in.x)
  PASS  std::isfinite(in.y)
  PASS  std::isfinite(in.x)
  PASS  std::isfinite(in.y)
  PASS  std::isfinite(in.x)
  PASS  std::isfinite(in.y)
  PASS  std::isfinite(in.x)
  PASS  std::isfinite(in.y)
  PASS  std::isfinite(in.x)
  PASS  std::isfinite(in.y)
  PASS  std::isfinite(in.x)
  PASS  std::isfinite(in.y)
  PASS  std::isfinite(in.x)
  PASS  std::isfinite(in.y)
  PASS  std::isfinite(in.x)
  PASS  std::isfinite(in.y)
  PASS  std::isfinite(in.x)
  PASS  std::isfinite(in.y)
  PASS  std::isfinite(in.x)
  PASS  std::isfinite(in.y)
  PASS  std::isfinite(in.x)
  PASS  std::isfinite(in.y)
  PASS  std::isfinite(in.x)
  PASS  std::isfinite(in.y)
  PASS  std::isfinite(in.x)
  PASS  std::isfinite(in.y)
  PASS  std::isfinite(in.x)
  PASS  std::isfinite(in.y)
  PASS  std::isfinite(in.x)
  PASS  std::isfinite(in.y)
  PASS  std::isfinite(in.x)
  PASS  std::isfinite(in.y)
  PASS  std::isfinite(in.x)
  PASS  std::isfinite(in.y)
  PASS  std::isfinite(in.x)
  PASS  std::isfinite(in.y)
  PASS  std::isfinite(in.x)
  PASS  std::isfinite(in.y)
  PASS  std::isfinite(in.x)
  PASS  std::isfinite(in.y)
  PASS  std::isfinite(in.x)
  PASS  std::isfinite(in.y)
  PASS  std::isfinite(in.x)
  PASS  std::isfinite(in.y)
  PASS  std::isfinite(in.x)
  PASS  std::isfinite(in.y)
  PASS  std::isfinite(in.x)
  PASS  std::isfinite(in.y)
  PASS  std::isfinite(in.x)
  PASS  std::isfinite(in.y)
  PASS  std::isfinite(in.x)
  PASS  std::isfinite(in.y)
  PASS  std::isfinite(in.x)
  PASS  std::isfinite(in.y)
  PASS  std::isfinite(in.x)
  PASS  std::isfinite(in.y)
  PASS  std::isfinite(in.x)
  PASS  std::isfinite(in.y)
  PASS  std::isfinite(in.x)
  PASS  std::isfinite(in.y)
  PASS  std::isfinite(in.x)
  PASS  std::isfinite(in.y)
  PASS  std::isfinite(in.x)
  PASS  std::isfinite(in.y)
  PASS  std::isfinite(in.x)
  PASS  std::isfinite(in.y)
  PASS  std::isfinite(in.x)
  PASS  std::isfinite(in.y)
  PASS  std::isfinite(in.x)
  PASS  std::isfinite(in.y)
  PASS  std::isfinite(in.x)
  PASS  std::isfinite(in.y)
  PASS  std::isfinite(in.x)
  PASS  std::isfinite(in.y)
  PASS  std::isfinite(in.x)
  PASS  std::isfinite(in.y)
  PASS  std::isfinite(in.x)
  PASS  std::isfinite(in.y)
  PASS  std::isfinite(in.x)
  PASS  std::isfinite(in.y)
  PASS  std::isfinite(in.x)
  PASS  std::isfinite(in.y)
  PASS  std::isfinite(in.x)
  PASS  std::isfinite(in.y)
  PASS  std::isfinite(in.x)
  PASS  std::isfinite(in.y)
  PASS  std::isfinite(in.x)
  PASS  std::isfinite(in.y)
  PASS  std::isfinite(in.x)
  PASS  std::isfinite(in.y)
  PASS  std::isfinite(in.x)
  PASS  std::isfinite(in.y)
  PASS  std::isfinite(in.x)
  PASS  std::isfinite(in.y)
  PASS  std::isfinite(in.x)
  PASS  std::isfinite(in.y)
  PASS  std::isfinite(in.x)
  PASS  std::isfinite(in.y)
  PASS  std::isfinite(in.x)
  PASS  std::isfinite(in.y)
  PASS  std::isfinite(in.x)
  PASS  std::isfinite(in.y)
  PASS  std::isfinite(in.x)
  PASS  std::isfinite(in.y)
  PASS  std::isfinite(in.x)
  PASS  std::isfinite(in.y)
  PASS  std::isfinite(in.x)
  PASS  std::isfinite(in.y)
  PASS  std::isfinite(in.x)
  PASS  std::isfinite(in.y)
  PASS  std::isfinite(in.x)
  PASS  std::isfinite(in.y)
  PASS  std::isfinite(in.x)
  PASS  std::isfinite(in.y)
  PASS  std::isfinite(in.x)
  PASS  std::isfinite(in.y)
  PASS  std::isfinite(in.x)
  PASS  std::isfinite(in.y)
  PASS  std::isfinite(in.x)
  PASS  std::isfinite(in.y)
  PASS  std::isfinite(in.x)
  PASS  std::isfinite(in.y)
  PASS  std::isfinite(in.x)
  PASS  std::isfinite(in.y)
  PASS  std::isfinite(in.x)
  PASS  std::isfinite(in.y)
  PASS  std::isfinite(in.x)
  PASS  std::isfinite(in.y)
  PASS  std::isfinite(in.x)
  PASS  std::isfinite(in.y)
  PASS  std::isfinite(in.x)
  PASS  std::isfinite(in.y)
  PASS  std::isfinite(in.x)
  PASS  std::isfinite(in.y)
  PASS  std::isfinite(in.x)
  PASS  std::isfinite(in.y)
  PASS  std::isfinite(in.x)
  PASS  std::isfinite(in.y)
  PASS  std::isfinite(in.x)
  PASS  std::isfinite(in.y)
  PASS  std::isfinite(in.x)
  PASS  std::isfinite(in.y)
  PASS  std::isfinite(in.x)
  PASS  std::isfinite(in.y)
  PASS  std::isfinite(in.x)
  PASS  std::isfinite(in.y)
  PASS  std::isfinite(in.x)
  PASS  std::isfinite(in.y)
  PASS  std::isfinite(in.x)
  PASS  std::isfinite(in.y)
  PASS  std::isfinite(in.x)
  PASS  std::isfinite(in.y)
  PASS  std::isfinite(in.x)
  PASS  std::isfinite(in.y)
  PASS  std::isfinite(in.x)
  PASS  std::isfinite(in.y)
  PASS  std::isfinite(in.x)
  PASS  std::isfinite(in.y)
  PASS  std::isfinite(in.x)
  PASS  std::isfinite(in.y)
  PASS  std::isfinite(in.x)
  PASS  std::isfinite(in.y)
  PASS  std::isfinite(in.x)
  PASS  std::isfinite(in.y)
  PASS  std::isfinite(in.x)
  PASS  std::isfinite(in.y)
  PASS  std::isfinite(in.x)
  PASS  std::isfinite(in.y)
  PASS  std::isfinite(in.x)
  PASS  std::isfinite(in.y)
  PASS  std::isfinite(in.x)
  PASS  std::isfinite(in.y)
  PASS  std::isfinite(in.x)
  PASS  std::isfinite(in.y)
  PASS  std::isfinite(in.x)
  PASS  std::isfinite(in.y)
  PASS  std::isfinite(in.x)
  PASS  std::isfinite(in.y)
  PASS  std::isfinite(in.x)
  PASS  std::isfinite(in.y)
  PASS  std::isfinite(in.x)
  PASS  std::isfinite(in.y)
  PASS  std::isfinite(in.x)
  PASS  std::isfinite(in.y)
  PASS  std::isfinite(in.x)
  PASS  std::isfinite(in.y)
  PASS  std::isfinite(in.x)
  PASS  std::isfinite(in.y)
  PASS  std::isfinite(in.x)
  PASS  std::isfinite(in.y)
  PASS  std::isfinite(in.x)
  PASS  std::isfinite(in.y)
  PASS  std::isfinite(in.x)
  PASS  std::isfinite(in.y)
  PASS  std::isfinite(in.x)
  PASS  std::isfinite(in.y)
  PASS  std::isfinite(in.x)
  PASS  std::isfinite(in.y)
  PASS  std::isfinite(in.x)
  PASS  std::isfinite(in.y)
  PASS  std::isfinite(in.x)
  PASS  std::isfinite(in.y)
  PASS  std::isfinite(in.x)
  PASS  std::isfinite(in.y)
  PASS  std::isfinite(in.x)
  PASS  std::isfinite(in.y)
  PASS  std::isfinite(in.x)
  PASS  std::isfinite(in.y)
  PASS  std::isfinite(in.x)
  PASS  std::isfinite(in.y)
  PASS  std::isfinite(in.x)
  PASS  std::isfinite(in.y)
  PASS  std::isfinite(in.x)
  PASS  std::isfinite(in.y)
  PASS  std::isfinite(in.x)
  PASS  std::isfinite(in.y)
  PASS  std::isfinite(in.x)
  PASS  std::isfinite(in.y)
  PASS  std::isfinite(in.x)
  PASS  std::isfinite(in.y)
  PASS  std::isfinite(in.x)
  PASS  std::isfinite(in.y)
  PASS  std::isfinite(in.x)
  PASS  std::isfinite(in.y)
  PASS  std::isfinite(in.x)
  PASS  std::isfinite(in.y)
  PASS  std::isfinite(in.x)
  PASS  std::isfinite(in.y)
  PASS  std::isfinite(in.x)
  PASS  std::isfinite(in.y)
  PASS  std::isfinite(in.x)
  PASS  std::isfinite(in.y)
  PASS  std::isfinite(in.x)
  PASS  std::isfinite(in.y)
  PASS  std::isfinite(in.x)
  PASS  std::isfinite(in.y)
  PASS  std::isfinite(in.x)
  PASS  std::isfinite(in.y)
  PASS  std::isfinite(in.x)
  PASS  std::isfinite(in.y)
  PASS  std::isfinite(in.x)
  PASS  std::isfinite(in.y)
  PASS  std::isfinite(in.x)
  PASS  std::isfinite(in.y)
  PASS  std::isfinite(in.x)
  PASS  std::isfinite(in.y)
  PASS  std::isfinite(in.x)
  PASS  std::isfinite(in.y)
  PASS  std::isfinite(in.x)
  PASS  std::isfinite(in.y)
  PASS  std::isfinite(in.x)
  PASS  std::isfinite(in.y)
  PASS  std::isfinite(in.x)
  PASS  std::isfinite(in.y)
  PASS  std::isfinite(in.x)
  PASS  std::isfinite(in.y)
  PASS  std::isfinite(in.x)
  PASS  std::isfinite(in.y)
  PASS  std::isfinite(in.x)
  PASS  std::isfinite(in.y)
  PASS  std::isfinite(in.x)
  PASS  std::isfinite(in.y)
  PASS  std::isfinite(in.x)
  PASS  std::isfinite(in.y)
  PASS  std::isfinite(in.x)
  PASS  std::isfinite(in.y)
  PASS  std::isfinite(in.x)
  PASS  std::isfinite(in.y)
  PASS  std::isfinite(in.x)
  PASS  std::isfinite(in.y)
  PASS  std::isfinite(in.x)
  PASS  std::isfinite(in.y)
  PASS  std::isfinite(in.x)
  PASS  std::isfinite(in.y)
  PASS  std::isfinite(in.x)
  PASS  std::isfinite(in.y)
  PASS  std::isfinite(in.x)
  PASS  std::isfinite(in.y)
  PASS  std::isfinite(in.x)
  PASS  std::isfinite(in.y)
  PASS  std::isfinite(in.x)
  PASS  std::isfinite(in.y)
  PASS  std::isfinite(in.x)
  PASS  std::isfinite(in.y)
  PASS  std::isfinite(in.x)
  PASS  std::isfinite(in.y)
  PASS  std::isfinite(in.x)
  PASS  std::isfinite(in.y)
  PASS  std::isfinite(in.x)
  PASS  std::isfinite(in.y)
  PASS  std::isfinite(in.x)
  PASS  std::isfinite(in.y)
  PASS  std::isfinite(in.x)
  PASS  std::isfinite(in.y)
  PASS  std::isfinite(in.x)
  PASS  std::isfinite(in.y)
  PASS  std::isfinite(in.x)
  PASS  std::isfinite(in.y)
  PASS  std::isfinite(in.x)
  PASS  std::isfinite(in.y)
  PASS  std::isfinite(in.x)
  PASS  std::isfinite(in.y)
  PASS  std::isfinite(in.x)
  PASS  std::isfinite(in.y)
  PASS  std::isfinite(in.x)
  PASS  std::isfinite(in.y)
  PASS  std::isfinite(in.x)
  PASS  std::isfinite(in.y)
  PASS  std::isfinite(in.x)
  PASS  std::isfinite(in.y)
  PASS  std::isfinite(in.x)
  PASS  std::isfinite(in.y)
  PASS  std::isfinite(in.x)
  PASS  std::isfinite(in.y)
  PASS  std::isfinite(in.x)
  PASS  std::isfinite(in.y)
  PASS  std::isfinite(in.x)
  PASS  std::isfinite(in.y)
  PASS  std::isfinite(in.x)
  PASS  std::isfinite(in.y)
  PASS  std::isfinite(in.x)
  PASS  std::isfinite(in.y)
  PASS  std::isfinite(in.x)
  PASS  std::isfinite(in.y)
  PASS  std::isfinite(in.x)
  PASS  std::isfinite(in.y)
  PASS  std::isfinite(in.x)
  PASS  std::isfinite(in.y)
  PASS  std::isfinite(in.x)
  PASS  std::isfinite(in.y)
  PASS  std::isfinite(in.x)
  PASS  std::isfinite(in.y)
  PASS  std::isfinite(in.x)
  PASS  std::isfinite(in.y)
  PASS  std::isfinite(in.x)
  PASS  std::isfinite(in.y)
  PASS  std::isfinite(in.x)
  PASS  std::isfinite(in.y)
  PASS  std::isfinite(in.x)
  PASS  std::isfinite(in.y)
  PASS  std::isfinite(in.x)
  PASS  std::isfinite(in.y)
  PASS  std::isfinite(in.x)
  PASS  std::isfinite(in.y)
  PASS  std::isfinite(in.x)
  PASS  std::isfinite(in.y)
  PASS  std::isfinite(in.x)
  PASS  std::isfinite(in.y)
  PASS  std::isfinite(in.x)
  PASS  std::isfinite(in.y)
  PASS  std::isfinite(in.x)
  PASS  std::isfinite(in.y)
  PASS  std::isfinite(in.x)
  PASS  std::isfinite(in.y)
  PASS  std::isfinite(in.x)
  PASS  std::isfinite(in.y)
  PASS  std::isfinite(in.x)
  PASS  std::isfinite(in.y)
  PASS  std::isfinite(in.x)
  PASS  std::isfinite(in.y)
  PASS  std::isfinite(in.x)
  PASS  std::isfinite(in.y)
  PASS  std::isfinite(in.x)
  PASS  std::isfinite(in.y)
  PASS  std::isfinite(in.x)
  PASS  std::isfinite(in.y)
  PASS  std::isfinite(in.x)
  PASS  std::isfinite(in.y)
  PASS  std::isfinite(in.x)
  PASS  std::isfinite(in.y)
  PASS  std::isfinite(in.x)
  PASS  std::isfinite(in.y)
  PASS  std::isfinite(in.x)
  PASS  std::isfinite(in.y)
  PASS  std::isfinite(in.x)
  PASS  std::isfinite(in.y)
  PASS  std::isfinite(in.x)
  PASS  std::isfinite(in.y)
  PASS  std::isfinite(in.x)
  PASS  std::isfinite(in.y)
  PASS  std::isfinite(in.x)
  PASS  std::isfinite(in.y)
  PASS  std::isfinite(in.x)
  PASS  std::isfinite(in.y)
  PASS  std::isfinite(in.x)
  PASS  std::isfinite(in.y)
  PASS  std::isfinite(in.x)
  PASS  std::isfinite(in.y)
  PASS  std::isfinite(in.x)
  PASS  std::isfinite(in.y)
  PASS  std::isfinite(in.x)
  PASS  std::isfinite(in.y)
  PASS  std::isfinite(in.x)
  PASS  std::isfinite(in.y)
  PASS  std::isfinite(in.x)
  PASS  std::isfinite(in.y)
  PASS  std::isfinite(in.x)
  PASS  std::isfinite(in.y)
  PASS  std::isfinite(in.x)
  PASS  std::isfinite(in.y)
  PASS  std::isfinite(in.x)
  PASS  std::isfinite(in.y)
  PASS  std::isfinite(in.x)
  PASS  std::isfinite(in.y)
  PASS  std::isfinite(in.x)
  PASS  std::isfinite(in.y)
  PASS  std::isfinite(in.x)
  PASS  std::isfinite(in.y)
  PASS  std::isfinite(in.x)
  PASS  std::isfinite(in.y)
  PASS  std::isfinite(in.x)
  PASS  std::isfinite(in.y)
  PASS  std::isfinite(in.x)
  PASS  std::isfinite(in.y)
  PASS  std::isfinite(in.x)
  PASS  std::isfinite(in.y)
  PASS  std::isfinite(in.x)
  PASS  std::isfinite(in.y)
  PASS  std::isfinite(in.x)
  PASS  std::isfinite(in.y)
  PASS  std::isfinite(in.x)
  PASS  std::isfinite(in.y)
  PASS  std::isfinite(in.x)
  PASS  std::isfinite(in.y)
  PASS  std::isfinite(in.x)
  PASS  std::isfinite(in.y)
  PASS  std::isfinite(in.x)
  PASS  std::isfinite(in.y)
  PASS  std::isfinite(in.x)
  PASS  std::isfinite(in.y)
  PASS  std::isfinite(in.x)
  PASS  std::isfinite(in.y)
  PASS  std::isfinite(in.x)
  PASS  std::isfinite(in.y)
  PASS  std::isfinite(in.x)
  PASS  std::isfinite(in.y)
  PASS  std::isfinite(in.x)
  PASS  std::isfinite(in.y)
  PASS  std::isfinite(in.x)
  PASS  std::isfinite(in.y)
  PASS  std::isfinite(in.x)
  PASS  std::isfinite(in.y)
  PASS  std::isfinite(in.x)
  PASS  std::isfinite(in.y)
  PASS  std::isfinite(in.x)
  PASS  std::isfinite(in.y)
  PASS  std::isfinite(in.x)
  PASS  std::isfinite(in.y)
  PASS  std::isfinite(in.x)
  PASS  std::isfinite(in.y)
  PASS  std::isfinite(in.x)
  PASS  std::isfinite(in.y)
  PASS  std::isfinite(in.x)
  PASS  std::isfinite(in.y)
  PASS  std::isfinite(in.x)
  PASS  std::isfinite(in.y)
  PASS  std::isfinite(in.x)
  PASS  std::isfinite(in.y)
  PASS  std::isfinite(in.x)
  PASS  std::isfinite(in.y)
  PASS  std::isfinite(in.x)
  PASS  std::isfinite(in.y)
  PASS  std::isfinite(in.x)
  PASS  std::isfinite(in.y)
  PASS  std::isfinite(in.x)
  PASS  std::isfinite(in.y)
  PASS  std::isfinite(in.x)
  PASS  std::isfinite(in.y)
  PASS  std::isfinite(in.x)
  PASS  std::isfinite(in.y)
  PASS  std::isfinite(in.x)
  PASS  std::isfinite(in.y)
  PASS  std::isfinite(in.x)
  PASS  std::isfinite(in.y)
  PASS  std::isfinite(in.x)
  PASS  std::isfinite(in.y)
  PASS  std::isfinite(in.x)
  PASS  std::isfinite(in.y)
  PASS  std::isfinite(in.x)
  PASS  std::isfinite(in.y)
  PASS  std::isfinite(in.x)
  PASS  std::isfinite(in.y)
  PASS  std::isfinite(in.x)
  PASS  std::isfinite(in.y)
  PASS  std::isfinite(in.x)
  PASS  std::isfinite(in.y)
  PASS  std::isfinite(in.x)
  PASS  std::isfinite(in.y)
  PASS  std::isfinite(in.x)
  PASS  std::isfinite(in.y)
  PASS  std::isfinite(in.x)
  PASS  std::isfinite(in.y)
  PASS  std::isfinite(in.x)
  PASS  std::isfinite(in.y)
  PASS  std::isfinite(in.x)
  PASS  std::isfinite(in.y)
  PASS  std::isfinite(in.x)
  PASS  std::isfinite(in.y)
  PASS  std::isfinite(in.x)
  PASS  std::isfinite(in.y)
  PASS  std::isfinite(in.x)
  PASS  std::isfinite(in.y)
  PASS  std::isfinite(in.x)
  PASS  std::isfinite(in.y)
  PASS  std::isfinite(in.x)
  PASS  std::isfinite(in.y)
  PASS  std::isfinite(in.x)
  PASS  std::isfinite(in.y)
  PASS  std::isfinite(in.x)
  PASS  std::isfinite(in.y)
  PASS  std::isfinite(in.x)
  PASS  std::isfinite(in.y)
  PASS  std::isfinite(in.x)
  PASS  std::isfinite(in.y)
  PASS  std::isfinite(in.x)
  PASS  std::isfinite(in.y)
  PASS  std::isfinite(in.x)
  PASS  std::isfinite(in.y)
  PASS  std::isfinite(in.x)
  PASS  std::isfinite(in.y)
  PASS  std::isfinite(in.x)
  PASS  std::isfinite(in.y)
  PASS  std::isfinite(in.x)
  PASS  std::isfinite(in.y)
  PASS  std::isfinite(in.x)
  PASS  std::isfinite(in.y)
  PASS  std::isfinite(in.x)
  PASS  std::isfinite(in.y)
  PASS  std::isfinite(in.x)
  PASS  std::isfinite(in.y)
  PASS  std::isfinite(in.x)
  PASS  std::isfinite(in.y)
  PASS  std::isfinite(in.x)
  PASS  std::isfinite(in.y)
  PASS  std::isfinite(in.x)
  PASS  std::isfinite(in.y)
  PASS  std::isfinite(in.x)
  PASS  std::isfinite(in.y)
  PASS  std::isfinite(in.x)
  PASS  std::isfinite(in.y)
  PASS  std::isfinite(in.x)
  PASS  std::isfinite(in.y)
  PASS  std::isfinite(in.x)
  PASS  std::isfinite(in.y)
  PASS  std::isfinite(in.x)
  PASS  std::isfinite(in.y)
  PASS  std::isfinite(in.x)
  PASS  std::isfinite(in.y)
  PASS  std::isfinite(in.x)
  PASS  std::isfinite(in.y)
  PASS  std::isfinite(in.x)
  PASS  std::isfinite(in.y)
  PASS  std::isfinite(in.x)
  PASS  std::isfinite(in.y)
  PASS  std::isfinite(in.x)
  PASS  std::isfinite(in.y)
  PASS  std::isfinite(in.x)
  PASS  std::isfinite(in.y)
  PASS  std::isfinite(in.x)
  PASS  std::isfinite(in.y)
  PASS  std::isfinite(in.x)
  PASS  std::isfinite(in.y)
  PASS  std::isfinite(in.x)
  PASS  std::isfinite(in.y)
  PASS  std::isfinite(in.x)
  PASS  std::isfinite(in.y)
  PASS  std::isfinite(in.x)
  PASS  std::isfinite(in.y)
  PASS  std::isfinite(in.x)
  PASS  std::isfinite(in.y)
  PASS  std::isfinite(in.x)
  PASS  std::isfinite(in.y)
  PASS  std::isfinite(in.x)
  PASS  std::isfinite(in.y)
  PASS  std::isfinite(in.x)
  PASS  std::isfinite(in.y)
  PASS  std::isfinite(in.x)
  PASS  std::isfinite(in.y)
  PASS  std::isfinite(in.x)
  PASS  std::isfinite(in.y)
  PASS  std::isfinite(in.x)
  PASS  std::isfinite(in.y)
  PASS  std::isfinite(in.x)
  PASS  std::isfinite(in.y)
  PASS  std::isfinite(in.x)
  PASS  std::isfinite(in.y)
  PASS  std::isfinite(in.x)
  PASS  std::isfinite(in.y)
  PASS  std::isfinite(in.x)
  PASS  std::isfinite(in.y)
  PASS  std::isfinite(in.x)
  PASS  std::isfinite(in.y)
  PASS  std::isfinite(in.x)
  PASS  std::isfinite(in.y)
  PASS  std::isfinite(in.x)
  PASS  std::isfinite(in.y)
  PASS  std::isfinite(in.x)
  PASS  std::isfinite(in.y)
  PASS  std::isfinite(in.x)
  PASS  std::isfinite(in.y)
  PASS  std::isfinite(in.x)
  PASS  std::isfinite(in.y)
  PASS  std::isfinite(in.x)
  PASS  std::isfinite(in.y)
  PASS  std::isfinite(in.x)
  PASS  std::isfinite(in.y)
  PASS  std::isfinite(in.x)
  PASS  std::isfinite(in.y)
  PASS  std::isfinite(in.x)
  PASS  std::isfinite(in.y)
  PASS  std::isfinite(in.x)
  PASS  std::isfinite(in.y)
  PASS  std::isfinite(in.x)
  PASS  std::isfinite(in.y)
  PASS  std::isfinite(in.x)
  PASS  std::isfinite(in.y)
  PASS  std::isfinite(in.x)
  PASS  std::isfinite(in.y)
  PASS  std::isfinite(in.x)
  PASS  std::isfinite(in.y)
  PASS  std::isfinite(in.x)
  PASS  std::isfinite(in.y)
  PASS  std::isfinite(in.x)
  PASS  std::isfinite(in.y)
  PASS  std::isfinite(in.x)
  PASS  std::isfinite(in.y)
  PASS  std::isfinite(in.x)
  PASS  std::isfinite(in.y)
  PASS  std::isfinite(in.x)
  PASS  std::isfinite(in.y)
  PASS  std::isfinite(in.x)
  PASS  std::isfinite(in.y)
  PASS  std::isfinite(in.x)
  PASS  std::isfinite(in.y)
  PASS  std::isfinite(in.x)
  PASS  std::isfinite(in.y)
  PASS  std::isfinite(in.x)
  PASS  std::isfinite(in.y)
  PASS  std::isfinite(in.x)
  PASS  std::isfinite(in.y)
  PASS  std::isfinite(in.x)
  PASS  std::isfinite(in.y)
  PASS  std::isfinite(in.x)
  PASS  std::isfinite(in.y)
  PASS  std::isfinite(in.x)
  PASS  std::isfinite(in.y)
  PASS  std::isfinite(in.x)
  PASS  std::isfinite(in.y)
  PASS  std::isfinite(in.x)
  PASS  std::isfinite(in.y)
  PASS  std::isfinite(in.x)
  PASS  std::isfinite(in.y)
  PASS  std::isfinite(in.x)
  PASS  std::isfinite(in.y)
  PASS  std::isfinite(in.x)
  PASS  std::isfinite(in.y)
  PASS  std::isfinite(in.x)
  PASS  std::isfinite(in.y)
  PASS  std::isfinite(in.x)
  PASS  std::isfinite(in.y)
  PASS  std::isfinite(in.x)
  PASS  std::isfinite(in.y)
  PASS  std::isfinite(in.x)
  PASS  std::isfinite(in.y)
  PASS  std::isfinite(in.x)
  PASS  std::isfinite(in.y)
  PASS  std::isfinite(in.x)
  PASS  std::isfinite(in.y)
  PASS  std::isfinite(in.x)
  PASS  std::isfinite(in.y)
  PASS  std::isfinite(in.x)
  PASS  std::isfinite(in.y)
  PASS  std::isfinite(in.x)
  PASS  std::isfinite(in.y)
  PASS  std::isfinite(in.x)
  PASS  std::isfinite(in.y)
  PASS  std::isfinite(in.x)
  PASS  std::isfinite(in.y)
  PASS  std::isfinite(in.x)
  PASS  std::isfinite(in.y)
  PASS  std::isfinite(in.x)
  PASS  std::isfinite(in.y)
  PASS  std::isfinite(in.x)
  PASS  std::isfinite(in.y)
  PASS  std::isfinite(in.x)
  PASS  std::isfinite(in.y)
  PASS  std::isfinite(in.x)
  PASS  std::isfinite(in.y)
  PASS  std::isfinite(in.x)
  PASS  std::isfinite(in.y)
  PASS  std::isfinite(in.x)
  PASS  std::isfinite(in.y)
  PASS  std::isfinite(in.x)
  PASS  std::isfinite(in.y)
  PASS  std::isfinite(in.x)
  PASS  std::isfinite(in.y)
  PASS  std::isfinite(in.x)
  PASS  std::isfinite(in.y)
  PASS  std::isfinite(in.x)
  PASS  std::isfinite(in.y)
  PASS  std::isfinite(in.x)
  PASS  std::isfinite(in.y)
  PASS  std::isfinite(in.x)
  PASS  std::isfinite(in.y)
  PASS  std::isfinite(in.x)
  PASS  std::isfinite(in.y)
  PASS  std::isfinite(in.x)
  PASS  std::isfinite(in.y)
  PASS  std::isfinite(in.x)
  PASS  std::isfinite(in.y)
  PASS  std::isfinite(in.x)
  PASS  std::isfinite(in.y)
  PASS  std::isfinite(in.x)
  PASS  std::isfinite(in.y)
  PASS  std::isfinite(in.x)
  PASS  std::isfinite(in.y)
  PASS  std::isfinite(in.x)
  PASS  std::isfinite(in.y)
  PASS  std::isfinite(in.x)
  PASS  std::isfinite(in.y)
  PASS  std::isfinite(in.x)
  PASS  std::isfinite(in.y)
  PASS  std::isfinite(in.x)
  PASS  std::isfinite(in.y)
  PASS  std::isfinite(in.x)
  PASS  std::isfinite(in.y)
  PASS  std::isfinite(in.x)
  PASS  std::isfinite(in.y)
  PASS  std::isfinite(in.x)
  PASS  std::isfinite(in.y)
  PASS  std::isfinite(in.x)
  PASS  std::isfinite(in.y)
  PASS  std::isfinite(in.x)
  PASS  std::isfinite(in.y)
  PASS  std::isfinite(in.x)
  PASS  std::isfinite(in.y)
  PASS  std::isfinite(in.x)
  PASS  std::isfinite(in.y)
  PASS  std::isfinite(in.x)
  PASS  std::isfinite(in.y)
  PASS  std::isfinite(in.x)
  PASS  std::isfinite(in.y)
  PASS  std::isfinite(in.x)
  PASS  std::isfinite(in.y)
  PASS  std::isfinite(in.x)
  PASS  std::isfinite(in.y)
  PASS  std::isfinite(in.x)
  PASS  std::isfinite(in.y)
  PASS  std::isfinite(in.x)
  PASS  std::isfinite(in.y)
  PASS  std::isfinite(in.x)
  PASS  std::isfinite(in.y)
  PASS  std::isfinite(in.x)
  PASS  std::isfinite(in.y)
  PASS  std::isfinite(in.x)
  PASS  std::isfinite(in.y)
  PASS  std::isfinite(in.x)
  PASS  std::isfinite(in.y)
  PASS  std::isfinite(in.x)
  PASS  std::isfinite(in.y)
  PASS  std::isfinite(in.x)
  PASS  std::isfinite(in.y)
  PASS  std::isfinite(in.x)
  PASS  std::isfinite(in.y)
  PASS  std::isfinite(in.x)
  PASS  std::isfinite(in.y)
  PASS  std::isfinite(in.x)
  PASS  std::isfinite(in.y)
  PASS  std::isfinite(in.x)
  PASS  std::isfinite(in.y)
  PASS  std::isfinite(in.x)
  PASS  std::isfinite(in.y)
  PASS  std::isfinite(in.x)
  PASS  std::isfinite(in.y)
  PASS  std::isfinite(in.x)
  PASS  std::isfinite(in.y)
  PASS  std::isfinite(in.x)
  PASS  std::isfinite(in.y)
  PASS  std::isfinite(in.x)
  PASS  std::isfinite(in.y)
  PASS  std::isfinite(in.x)
  PASS  std::isfinite(in.y)
  PASS  std::isfinite(in.x)
  PASS  std::isfinite(in.y)
  PASS  std::isfinite(in.x)
  PASS  std::isfinite(in.y)
  PASS  std::isfinite(in.x)
  PASS  std::isfinite(in.y)
  PASS  std::isfinite(in.x)
  PASS  std::isfinite(in.y)
  PASS  std::isfinite(in.x)
  PASS  std::isfinite(in.y)
  PASS  std::isfinite(in.x)
  PASS  std::isfinite(in.y)
  PASS  std::isfinite(in.x)
  PASS  std::isfinite(in.y)
  PASS  std::isfinite(in.x)
  PASS  std::isfinite(in.y)
  PASS  std::isfinite(in.x)
  PASS  std::isfinite(in.y)
  PASS  std::isfinite(in.x)
  PASS  std::isfinite(in.y)
  PASS  std::isfinite(in.x)
  PASS  std::isfinite(in.y)
  PASS  std::isfinite(in.x)
  PASS  std::isfinite(in.y)
  PASS  std::isfinite(in.x)
  PASS  std::isfinite(in.y)
  PASS  std::isfinite(in.x)
  PASS  std::isfinite(in.y)
  PASS  std::isfinite(in.x)
  PASS  std::isfinite(in.y)
  PASS  std::isfinite(in.x)
  PASS  std::isfinite(in.y)
  PASS  std::isfinite(in.x)
  PASS  std::isfinite(in.y)
  PASS  std::isfinite(in.x)
  PASS  std::isfinite(in.y)
  PASS  std::isfinite(in.x)
  PASS  std::isfinite(in.y)
  PASS  std::isfinite(in.x)
  PASS  std::isfinite(in.y)
  PASS  std::isfinite(in.x)
  PASS  std::isfinite(in.y)
  PASS  std::isfinite(in.x)
  PASS  std::isfinite(in.y)
  PASS  std::isfinite(in.x)
  PASS  std::isfinite(in.y)
  PASS  std::isfinite(in.x)
  PASS  std::isfinite(in.y)
  PASS  std::isfinite(in.x)
  PASS  std::isfinite(in.y)
  PASS  std::isfinite(in.x)
  PASS  std::isfinite(in.y)
  PASS  std::isfinite(in.x)
  PASS  std::isfinite(in.y)
  PASS  std::isfinite(in.x)
  PASS  std::isfinite(in.y)
  PASS  std::isfinite(in.x)
  PASS  std::isfinite(in.y)
  PASS  std::isfinite(in.x)
  PASS  std::isfinite(in.y)
  PASS  std::isfinite(in.x)
  PASS  std::isfinite(in.y)
  PASS  std::isfinite(in.x)
  PASS  std::isfinite(in.y)
  PASS  std::isfinite(in.x)
  PASS  std::isfinite(in.y)
  PASS  std::isfinite(in.x)
  PASS  std::isfinite(in.y)
  PASS  std::isfinite(in.x)
  PASS  std::isfinite(in.y)
  PASS  std::isfinite(in.x)
  PASS  std::isfinite(in.y)
  PASS  std::isfinite(in.x)
  PASS  std::isfinite(in.y)
  PASS  std::isfinite(in.x)
  PASS  std::isfinite(in.y)
  PASS  std::isfinite(in.x)
  PASS  std::isfinite(in.y)
  PASS  std::isfinite(in.x)
  PASS  std::isfinite(in.y)
  PASS  std::isfinite(in.x)
  PASS  std::isfinite(in.y)
  PASS  std::isfinite(in.x)
  PASS  std::isfinite(in.y)
  PASS  std::isfinite(in.x)
  PASS  std::isfinite(in.y)
  PASS  std::isfinite(in.x)
  PASS  std::isfinite(in.y)
  PASS  std::isfinite(in.x)
  PASS  std::isfinite(in.y)
  PASS  std::isfinite(in.x)
  PASS  std::isfinite(in.y)
  PASS  std::isfinite(in.x)
  PASS  std::isfinite(in.y)
  PASS  std::isfinite(in.x)
  PASS  std::isfinite(in.y)
  PASS  std::isfinite(in.x)
  PASS  std::isfinite(in.y)
  PASS  std::isfinite(in.x)
  PASS  std::isfinite(in.y)
  PASS  std::isfinite(in.x)
  PASS  std::isfinite(in.y)
  PASS  std::isfinite(in.x)
  PASS  std::isfinite(in.y)
  PASS  std::isfinite(in.x)
  PASS  std::isfinite(in.y)
  PASS  std::isfinite(in.x)
  PASS  std::isfinite(in.y)
  PASS  std::isfinite(in.x)
  PASS  std::isfinite(in.y)
  PASS  std::isfinite(in.x)
  PASS  std::isfinite(in.y)
  PASS  std::isfinite(in.x)
  PASS  std::isfinite(in.y)
  PASS  std::isfinite(in.x)
  PASS  std::isfinite(in.y)
  PASS  std::isfinite(in.x)
  PASS  std::isfinite(in.y)
  PASS  std::isfinite(in.x)
  PASS  std::isfinite(in.y)
  PASS  std::isfinite(in.x)
  PASS  std::isfinite(in.y)
  PASS  std::isfinite(in.x)
  PASS  std::isfinite(in.y)
  PASS  std::isfinite(in.x)
  PASS  std::isfinite(in.y)
  PASS  std::isfinite(in.x)
  PASS  std::isfinite(in.y)
  PASS  std::isfinite(in.x)
  PASS  std::isfinite(in.y)
  PASS  std::isfinite(in.x)
  PASS  std::isfinite(in.y)
  PASS  std::isfinite(in.x)
  PASS  std::isfinite(in.y)
  PASS  std::isfinite(in.x)
  PASS  std::isfinite(in.y)
  PASS  std::isfinite(in.x)
  PASS  std::isfinite(in.y)
  PASS  std::isfinite(in.x)
  PASS  std::isfinite(in.y)
  PASS  std::isfinite(in.x)
  PASS  std::isfinite(in.y)
  PASS  std::isfinite(in.x)
  PASS  std::isfinite(in.y)
  PASS  std::isfinite(in.x)
  PASS  std::isfinite(in.y)
  PASS  std::isfinite(in.x)
  PASS  std::isfinite(in.y)
  PASS  std::isfinite(in.x)
  PASS  std::isfinite(in.y)
  PASS  std::isfinite(in.x)
  PASS  std::isfinite(in.y)
  PASS  std::isfinite(in.x)
  PASS  std::isfinite(in.y)
  PASS  std::isfinite(in.x)
  PASS  std::isfinite(in.y)
  PASS  std::isfinite(in.x)
  PASS  std::isfinite(in.y)
  PASS  std::isfinite(in.x)
  PASS  std::isfinite(in.y)
  PASS  std::isfinite(in.x)
  PASS  std::isfinite(in.y)
  PASS  std::isfinite(in.x)
  PASS  std::isfinite(in.y)
  PASS  std::isfinite(in.x)
  PASS  std::isfinite(in.y)
  PASS  std::isfinite(in.x)
  PASS  std::isfinite(in.y)
  PASS  std::isfinite(in.x)
  PASS  std::isfinite(in.y)
  PASS  std::isfinite(in.x)
  PASS  std::isfinite(in.y)
  PASS  std::isfinite(in.x)
  PASS  std::isfinite(in.y)
  PASS  std::isfinite(in.x)
  PASS  std::isfinite(in.y)
  PASS  std::isfinite(in.x)
  PASS  std::isfinite(in.y)
  PASS  std::isfinite(in.x)
  PASS  std::isfinite(in.y)
  PASS  std::isfinite(in.x)
  PASS  std::isfinite(in.y)
  PASS  std::isfinite(in.x)
  PASS  std::isfinite(in.y)
  PASS  std::isfinite(in.x)
  PASS  std::isfinite(in.y)
  PASS  std::isfinite(in.x)
  PASS  std::isfinite(in.y)
  PASS  std::isfinite(in.x)
  PASS  std::isfinite(in.y)
  PASS  std::isfinite(in.x)
  PASS  std::isfinite(in.y)
  PASS  std::isfinite(in.x)
  PASS  std::isfinite(in.y)
  PASS  std::isfinite(in.x)
  PASS  std::isfinite(in.y)
  PASS  std::isfinite(in.x)
  PASS  std::isfinite(in.y)
  PASS  std::isfinite(in.x)
  PASS  std::isfinite(in.y)
  PASS  std::isfinite(in.x)
  PASS  std::isfinite(in.y)
  PASS  std::isfinite(in.x)
  PASS  std::isfinite(in.y)
  PASS  std::isfinite(in.x)
  PASS  std::isfinite(in.y)
  PASS  std::isfinite(in.x)
  PASS  std::isfinite(in.y)
  PASS  std::isfinite(in.x)
  PASS  std::isfinite(in.y)
  PASS  std::isfinite(in.x)
  PASS  std::isfinite(in.y)
  PASS  std::isfinite(in.x)
  PASS  std::isfinite(in.y)
  PASS  std::isfinite(in.x)
  PASS  std::isfinite(in.y)
  PASS  std::isfinite(in.x)
  PASS  std::isfinite(in.y)
  PASS  std::isfinite(in.x)
  PASS  std::isfinite(in.y)
  PASS  std::isfinite(in.x)
  PASS  std::isfinite(in.y)
  PASS  std::isfinite(in.x)
  PASS  std::isfinite(in.y)
  PASS  std::isfinite(in.x)
  PASS  std::isfinite(in.y)
  PASS  std::isfinite(in.x)
  PASS  std::isfinite(in.y)
  PASS  std::isfinite(in.x)
  PASS  std::isfinite(in.y)
  PASS  std::isfinite(in.x)
  PASS  std::isfinite(in.y)
  PASS  std::isfinite(in.x)
  PASS  std::isfinite(in.y)
  PASS  std::isfinite(in.x)
  PASS  std::isfinite(in.y)
  PASS  std::isfinite(in.x)
  PASS  std::isfinite(in.y)
  PASS  std::isfinite(in.x)
  PASS  std::isfinite(in.y)
  PASS  std::isfinite(in.x)
  PASS  std::isfinite(in.y)
  PASS  std::isfinite(in.x)
  PASS  std::isfinite(in.y)
  PASS  std::isfinite(in.x)
  PASS  std::isfinite(in.y)
  PASS  std::isfinite(in.x)
  PASS  std::isfinite(in.y)
  PASS  std::isfinite(in.x)
  PASS  std::isfinite(in.y)
  PASS  std::isfinite(in.x)
  PASS  std::isfinite(in.y)
  PASS  std::isfinite(in.x)
  PASS  std::isfinite(in.y)
  PASS  std::isfinite(in.x)
  PASS  std::isfinite(in.y)
  PASS  std::isfinite(in.x)
  PASS  std::isfinite(in.y)
  PASS  std::isfinite(in.x)
  PASS  std::isfinite(in.y)
  PASS  std::isfinite(in.x)
  PASS  std::isfinite(in.y)
  PASS  std::isfinite(in.x)
  PASS  std::isfinite(in.y)
  PASS  std::isfinite(in.x)
  PASS  std::isfinite(in.y)
  PASS  std::isfinite(in.x)
  PASS  std::isfinite(in.y)
  PASS  std::isfinite(in.x)
  PASS  std::isfinite(in.y)
  PASS  std::isfinite(in.x)
  PASS  std::isfinite(in.y)
  PASS  std::isfinite(in.x)
  PASS  std::isfinite(in.y)
  PASS  std::isfinite(in.x)
  PASS  std::isfinite(in.y)
  PASS  std::isfinite(in.x)
  PASS  std::isfinite(in.y)
  PASS  std::isfinite(in.x)
  PASS  std::isfinite(in.y)
  PASS  std::isfinite(in.x)
  PASS  std::isfinite(in.y)
  PASS  std::isfinite(in.x)
  PASS  std::isfinite(in.y)
  PASS  std::isfinite(in.x)
  PASS  std::isfinite(in.y)
  PASS  std::isfinite(in.x)
  PASS  std::isfinite(in.y)
  PASS  std::isfinite(in.x)
  PASS  std::isfinite(in.y)
  PASS  std::isfinite(in.x)
  PASS  std::isfinite(in.y)
  PASS  std::isfinite(in.x)
  PASS  std::isfinite(in.y)
  PASS  std::isfinite(in.x)
  PASS  std::isfinite(in.y)
  PASS  std::isfinite(in.x)
  PASS  std::isfinite(in.y)
  PASS  std::isfinite(in.x)
  PASS  std::isfinite(in.y)
  PASS  std::isfinite(in.x)
  PASS  std::isfinite(in.y)
  PASS  std::isfinite(in.x)
  PASS  std::isfinite(in.y)
  PASS  std::isfinite(in.x)
  PASS  std::isfinite(in.y)
  PASS  std::isfinite(in.x)
  PASS  std::isfinite(in.y)
  PASS  std::isfinite(in.x)
  PASS  std::isfinite(in.y)
  PASS  std::isfinite(in.x)
  PASS  std::isfinite(in.y)
  PASS  std::isfinite(in.x)
  PASS  std::isfinite(in.y)
  PASS  std::isfinite(in.x)
  PASS  std::isfinite(in.y)
  PASS  std::isfinite(in.x)
  PASS  std::isfinite(in.y)
  PASS  std::isfinite(in.x)
  PASS  std::isfinite(in.y)
  PASS  std::isfinite(in.x)
  PASS  std::isfinite(in.y)
  PASS  std::isfinite(in.x)
  PASS  std::isfinite(in.y)
  PASS  std::isfinite(in.x)
  PASS  std::isfinite(in.y)
  PASS  std::isfinite(in.x)
  PASS  std::isfinite(in.y)
  PASS  std::isfinite(in.x)
  PASS  std::isfinite(in.y)
  PASS  std::isfinite(in.x)
  PASS  std::isfinite(in.y)
  PASS  std::isfinite(in.x)
  PASS  std::isfinite(in.y)
  PASS  std::isfinite(in.x)
  PASS  std::isfinite(in.y)
  PASS  std::isfinite(in.x)
  PASS  std::isfinite(in.y)
  PASS  std::isfinite(in.x)
  PASS  std::isfinite(in.y)
  PASS  std::isfinite(in.x)
  PASS  std::isfinite(in.y)
  PASS  std::isfinite(in.x)
  PASS  std::isfinite(in.y)
  PASS  std::isfinite(in.x)
  PASS  std::isfinite(in.y)
  PASS  std::isfinite(in.x)
  PASS  std::isfinite(in.y)
  PASS  std::isfinite(in.x)
  PASS  std::isfinite(in.y)
  PASS  std::isfinite(in.x)
  PASS  std::isfinite(in.y)
  PASS  std::isfinite(in.x)
  PASS  std::isfinite(in.y)
  PASS  std::isfinite(in.x)
  PASS  std::isfinite(in.y)
  PASS  std::isfinite(in.x)
  PASS  std::isfinite(in.y)
  PASS  std::isfinite(in.x)
  PASS  std::isfinite(in.y)
  PASS  std::isfinite(in.x)
  PASS  std::isfinite(in.y)
  PASS  std::isfinite(in.x)
  PASS  std::isfinite(in.y)
  PASS  std::isfinite(in.x)
  PASS  std::isfinite(in.y)
  PASS  std::isfinite(in.x)
  PASS  std::isfinite(in.y)
  PASS  std::isfinite(in.x)
  PASS  std::isfinite(in.y)
  PASS  std::isfinite(in.x)
  PASS  std::isfinite(in.y)
  PASS  std::isfinite(in.x)
  PASS  std::isfinite(in.y)
  PASS  std::isfinite(in.x)
  PASS  std::isfinite(in.y)
  PASS  std::isfinite(in.x)
  PASS  std::isfinite(in.y)
  PASS  std::isfinite(in.x)
  PASS  std::isfinite(in.y)
  PASS  std::isfinite(in.x)
  PASS  std::isfinite(in.y)
  PASS  std::isfinite(in.x)
  PASS  std::isfinite(in.y)
  PASS  std::isfinite(in.x)
  PASS  std::isfinite(in.y)
  PASS  std::isfinite(in.x)
  PASS  std::isfinite(in.y)
  PASS  std::isfinite(in.x)
  PASS  std::isfinite(in.y)
  PASS  std::isfinite(in.x)
  PASS  std::isfinite(in.y)
  PASS  std::isfinite(in.x)
  PASS  std::isfinite(in.y)
  PASS  std::isfinite(in.x)
  PASS  std::isfinite(in.y)
  PASS  std::isfinite(in.x)
  PASS  std::isfinite(in.y)
  PASS  std::isfinite(in.x)
  PASS  std::isfinite(in.y)
  PASS  std::isfinite(in.x)
  PASS  std::isfinite(in.y)
  PASS  std::isfinite(in.x)
  PASS  std::isfinite(in.y)
  PASS  std::isfinite(in.x)
  PASS  std::isfinite(in.y)
  PASS  std::isfinite(in.x)
  PASS  std::isfinite(in.y)
  PASS  std::isfinite(in.x)
  PASS  std::isfinite(in.y)
  PASS  std::isfinite(in.x)
  PASS  std::isfinite(in.y)
  PASS  std::isfinite(in.x)
  PASS  std::isfinite(in.y)
  PASS  std::isfinite(in.x)
  PASS  std::isfinite(in.y)
  PASS  std::isfinite(in.x)
  PASS  std::isfinite(in.y)
  PASS  std::isfinite(in.x)
  PASS  std::isfinite(in.y)
  PASS  std::isfinite(in.x)
  PASS  std::isfinite(in.y)
  PASS  std::isfinite(in.x)
  PASS  std::isfinite(in.y)
  PASS  std::isfinite(in.x)
  PASS  std::isfinite(in.y)
  PASS  std::isfinite(in.x)
  PASS  std::isfinite(in.y)
  PASS  std::isfinite(in.x)
  PASS  std::isfinite(in.y)
  PASS  std::isfinite(in.x)
  PASS  std::isfinite(in.y)
  PASS  std::isfinite(in.x)
  PASS  std::isfinite(in.y)
  PASS  std::isfinite(in.x)
  PASS  std::isfinite(in.y)
  PASS  std::isfinite(in.x)
  PASS  std::isfinite(in.y)
  PASS  std::isfinite(in.x)
  PASS  std::isfinite(in.y)
  PASS  std::isfinite(in.x)
  PASS  std::isfinite(in.y)
  PASS  std::isfinite(in.x)
  PASS  std::isfinite(in.y)
  PASS  std::isfinite(in.x)
  PASS  std::isfinite(in.y)
  PASS  std::isfinite(in.x)
  PASS  std::isfinite(in.y)
  PASS  std::isfinite(in.x)
  PASS  std::isfinite(in.y)
  PASS  std::isfinite(in.x)
  PASS  std::isfinite(in.y)
  PASS  std::isfinite(in.x)
  PASS  std::isfinite(in.y)
  PASS  std::isfinite(in.x)
  PASS  std::isfinite(in.y)
  PASS  std::isfinite(in.x)
  PASS  std::isfinite(in.y)
  PASS  std::isfinite(in.x)
  PASS  std::isfinite(in.y)
  PASS  std::isfinite(in.x)
  PASS  std::isfinite(in.y)
  PASS  std::isfinite(in.x)
  PASS  std::isfinite(in.y)
  PASS  std::isfinite(in.x)
  PASS  std::isfinite(in.y)
  PASS  std::isfinite(in.x)
  PASS  std::isfinite(in.y)
  PASS  std::isfinite(in.x)
  PASS  std::isfinite(in.y)
  PASS  std::isfinite(in.x)
  PASS  std::isfinite(in.y)
  PASS  std::isfinite(in.x)
  PASS  std::isfinite(in.y)
  PASS  std::isfinite(in.x)
  PASS  std::isfinite(in.y)
  PASS  std::isfinite(in.x)
  PASS  std::isfinite(in.y)
  PASS  std::isfinite(in.x)
  PASS  std::isfinite(in.y)
  PASS  std::isfinite(in.x)
  PASS  std::isfinite(in.y)
  PASS  std::isfinite(in.x)
  PASS  std::isfinite(in.y)
  PASS  std::isfinite(in.x)
  PASS  std::isfinite(in.y)
  PASS  std::isfinite(in.x)
  PASS  std::isfinite(in.y)
  PASS  std::isfinite(in.x)
  PASS  std::isfinite(in.y)
  PASS  std::isfinite(in.x)
  PASS  std::isfinite(in.y)
  PASS  std::isfinite(in.x)
  PASS  std::isfinite(in.y)
  PASS  std::isfinite(in.x)
  PASS  std::isfinite(in.y)
  PASS  std::isfinite(in.x)
  PASS  std::isfinite(in.y)
  PASS  std::isfinite(in.x)
  PASS  std::isfinite(in.y)
  PASS  std::isfinite(in.x)
  PASS  std::isfinite(in.y)
  PASS  std::isfinite(in.x)
  PASS  std::isfinite(in.y)
  PASS  std::isfinite(in.x)
  PASS  std::isfinite(in.y)
  PASS  std::isfinite(in.x)
  PASS  std::isfinite(in.y)
  PASS  std::isfinite(in.x)
  PASS  std::isfinite(in.y)
  PASS  std::isfinite(in.x)
  PASS  std::isfinite(in.y)
  PASS  std::isfinite(in.x)
  PASS  std::isfinite(in.y)
  PASS  std::isfinite(in.x)
  PASS  std::isfinite(in.y)
  PASS  std::isfinite(in.x)
  PASS  std::isfinite(in.y)
  PASS  std::isfinite(in.x)
  PASS  std::isfinite(in.y)
  PASS  std::isfinite(in.x)
  PASS  std::isfinite(in.y)
  PASS  std::isfinite(in.x)
  PASS  std::isfinite(in.y)
  PASS  std::isfinite(in.x)
  PASS  std::isfinite(in.y)
  PASS  std::isfinite(in.x)
  PASS  std::isfinite(in.y)
  PASS  std::isfinite(in.x)
  PASS  std::isfinite(in.y)
  PASS  std::isfinite(in.x)
  PASS  std::isfinite(in.y)
  PASS  std::isfinite(in.x)
  PASS  std::isfinite(in.y)
  PASS  std::isfinite(in.x)
  PASS  std::isfinite(in.y)
  PASS  std::isfinite(in.x)
  PASS  std::isfinite(in.y)
  PASS  std::isfinite(in.x)
  PASS  std::isfinite(in.y)
  PASS  std::isfinite(in.x)
  PASS  std::isfinite(in.y)
  PASS  std::isfinite(in.x)
  PASS  std::isfinite(in.y)
  PASS  std::isfinite(in.x)
  PASS  std::isfinite(in.y)
  PASS  std::isfinite(in.x)
  PASS  std::isfinite(in.y)
  PASS  std::isfinite(in.x)
  PASS  std::isfinite(in.y)
  PASS  std::isfinite(in.x)
  PASS  std::isfinite(in.y)
  PASS  std::isfinite(in.x)
  PASS  std::isfinite(in.y)
  PASS  std::isfinite(in.x)
  PASS  std::isfinite(in.y)
  PASS  std::isfinite(in.x)
  PASS  std::isfinite(in.y)
  PASS  std::isfinite(in.x)
  PASS  std::isfinite(in.y)
  PASS  std::isfinite(in.x)
  PASS  std::isfinite(in.y)
  PASS  std::isfinite(in.x)
  PASS  std::isfinite(in.y)
  PASS  std::isfinite(in.x)
  PASS  std::isfinite(in.y)
  PASS  std::isfinite(in.x)
  PASS  std::isfinite(in.y)
  PASS  std::isfinite(in.x)
  PASS  std::isfinite(in.y)
  PASS  std::isfinite(in.x)
  PASS  std::isfinite(in.y)
  PASS  std::isfinite(in.x)
  PASS  std::isfinite(in.y)
  PASS  std::isfinite(in.x)
  PASS  std::isfinite(in.y)
  PASS  std::isfinite(in.x)
  PASS  std::isfinite(in.y)
  PASS  std::isfinite(in.x)
  PASS  std::isfinite(in.y)
  PASS  std::isfinite(in.x)
  PASS  std::isfinite(in.y)
  PASS  std::isfinite(in.x)
  PASS  std::isfinite(in.y)
  PASS  std::isfinite(in.x)
  PASS  std::isfinite(in.y)
  PASS  std::isfinite(in.x)
  PASS  std::isfinite(in.y)
  PASS  std::isfinite(in.x)
  PASS  std::isfinite(in.y)
  PASS  std::isfinite(in.x)
  PASS  std::isfinite(in.y)
  PASS  std::isfinite(in.x)
  PASS  std::isfinite(in.y)
  PASS  std::isfinite(in.x)
  PASS  std::isfinite(in.y)
  PASS  std::isfinite(in.x)
  PASS  std::isfinite(in.y)
  PASS  std::isfinite(in.x)
  PASS  std::isfinite(in.y)
  PASS  std::isfinite(in.x)
  PASS  std::isfinite(in.y)
  PASS  std::isfinite(in.x)
  PASS  std::isfinite(in.y)
  PASS  std::isfinite(in.x)
  PASS  std::isfinite(in.y)
  PASS  std::isfinite(in.x)
  PASS  std::isfinite(in.y)
  PASS  std::isfinite(in.x)
  PASS  std::isfinite(in.y)
  PASS  std::isfinite(in.x)
  PASS  std::isfinite(in.y)
  PASS  std::isfinite(in.x)
  PASS  std::isfinite(in.y)
  PASS  std::isfinite(in.x)
  PASS  std::isfinite(in.y)
  PASS  std::isfinite(in.x)
  PASS  std::isfinite(in.y)
  PASS  std::isfinite(in.x)
  PASS  std::isfinite(in.y)
  PASS  std::isfinite(in.x)
  PASS  std::isfinite(in.y)
  PASS  std::isfinite(in.x)
  PASS  std::isfinite(in.y)
  PASS  std::isfinite(in.x)
  PASS  std::isfinite(in.y)
  PASS  std::isfinite(in.x)
  PASS  std::isfinite(in.y)
  PASS  std::isfinite(in.x)
  PASS  std::isfinite(in.y)
  PASS  std::isfinite(in.x)
  PASS  std::isfinite(in.y)
  PASS  std::isfinite(in.x)
  PASS  std::isfinite(in.y)
  PASS  std::isfinite(in.x)
  PASS  std::isfinite(in.y)
  PASS  std::isfinite(in.x)
  PASS  std::isfinite(in.y)
  PASS  std::isfinite(in.x)
  PASS  std::isfinite(in.y)
  PASS  std::isfinite(in.x)
  PASS  std::isfinite(in.y)
  PASS  std::isfinite(in.x)
  PASS  std::isfinite(in.y)
  PASS  std::isfinite(in.x)
  PASS  std::isfinite(in.y)
  PASS  std::isfinite(in.x)
  PASS  std::isfinite(in.y)
  PASS  std::isfinite(in.x)
  PASS  std::isfinite(in.y)
  PASS  std::isfinite(in.x)
  PASS  std::isfinite(in.y)
  PASS  std::isfinite(in.x)
  PASS  std::isfinite(in.y)
  PASS  std::isfinite(in.x)
  PASS  std::isfinite(in.y)
  PASS  std::isfinite(in.x)
  PASS  std::isfinite(in.y)
  PASS  std::isfinite(in.x)
  PASS  std::isfinite(in.y)
  PASS  std::isfinite(in.x)
  PASS  std::isfinite(in.y)
  PASS  std::isfinite(in.x)
  PASS  std::isfinite(in.y)
  PASS  std::isfinite(in.x)
  PASS  std::isfinite(in.y)
  PASS  std::isfinite(in.x)
  PASS  std::isfinite(in.y)
  PASS  std::isfinite(in.x)
  PASS  std::isfinite(in.y)
  PASS  std::isfinite(in.x)
  PASS  std::isfinite(in.y)
  PASS  std::isfinite(in.x)
  PASS  std::isfinite(in.y)
  PASS  std::isfinite(in.x)
  PASS  std::isfinite(in.y)
  PASS  std::isfinite(in.x)
  PASS  std::isfinite(in.y)
  PASS  std::isfinite(in.x)
  PASS  std::isfinite(in.y)
  PASS  std::isfinite(in.x)
  PASS  std::isfinite(in.y)
  PASS  std::isfinite(in.x)
  PASS  std::isfinite(in.y)
  PASS  std::isfinite(in.x)
  PASS  std::isfinite(in.y)
  PASS  std::isfinite(in.x)
  PASS  std::isfinite(in.y)
  PASS  std::isfinite(in.x)
  PASS  std::isfinite(in.y)
  PASS  std::isfinite(in.x)
  PASS  std::isfinite(in.y)
  PASS  std::isfinite(in.x)
  PASS  std::isfinite(in.y)
  PASS  std::isfinite(in.x)
  PASS  std::isfinite(in.y)
  PASS  std::isfinite(in.x)
  PASS  std::isfinite(in.y)
  PASS  std::isfinite(in.x)
  PASS  std::isfinite(in.y)
  PASS  std::isfinite(in.x)
  PASS  std::isfinite(in.y)
  PASS  std::isfinite(in.x)
  PASS  std::isfinite(in.y)
  PASS  std::isfinite(in.x)
  PASS  std::isfinite(in.y)
  PASS  std::isfinite(in.x)
  PASS  std::isfinite(in.y)
  PASS  std::isfinite(in.x)
  PASS  std::isfinite(in.y)
  PASS  std::isfinite(in.x)
  PASS  std::isfinite(in.y)
  PASS  std::isfinite(in.x)
  PASS  std::isfinite(in.y)
  PASS  std::isfinite(in.x)
  PASS  std::isfinite(in.y)
  PASS  std::isfinite(in.x)
  PASS  std::isfinite(in.y)
  PASS  std::isfinite(in.x)
  PASS  std::isfinite(in.y)
  PASS  std::isfinite(in.x)
  PASS  std::isfinite(in.y)
  PASS  std::isfinite(in.x)
  PASS  std::isfinite(in.y)
  PASS  std::isfinite(in.x)
  PASS  std::isfinite(in.y)
  PASS  std::isfinite(in.x)
  PASS  std::isfinite(in.y)
  PASS  std::isfinite(in.x)
  PASS  std::isfinite(in.y)
  PASS  std::isfinite(in.x)
  PASS  std::isfinite(in.y)
  PASS  std::isfinite(in.x)
  PASS  std::isfinite(in.y)
  PASS  std::isfinite(in.x)
  PASS  std::isfinite(in.y)
  PASS  std::isfinite(in.x)
  PASS  std::isfinite(in.y)
  PASS  std::isfinite(in.x)
  PASS  std::isfinite(in.y)
  PASS  std::isfinite(in.x)
  PASS  std::isfinite(in.y)
  PASS  std::isfinite(in.x)
  PASS  std::isfinite(in.y)
  PASS  std::isfinite(in.x)
  PASS  std::isfinite(in.y)
  PASS  std::isfinite(in.x)
  PASS  std::isfinite(in.y)
  PASS  std::isfinite(in.x)
  PASS  std::isfinite(in.y)
  PASS  std::isfinite(in.x)
  PASS  std::isfinite(in.y)
  PASS  std::isfinite(in.x)
  PASS  std::isfinite(in.y)
  PASS  std::isfinite(in.x)
  PASS  std::isfinite(in.y)
  PASS  std::isfinite(in.x)
  PASS  std::isfinite(in.y)
  PASS  std::isfinite(in.x)
  PASS  std::isfinite(in.y)
  PASS  std::isfinite(in.x)
  PASS  std::isfinite(in.y)
  PASS  std::isfinite(in.x)
  PASS  std::isfinite(in.y)
  PASS  std::isfinite(in.x)
  PASS  std::isfinite(in.y)
  PASS  std::isfinite(in.x)
  PASS  std::isfinite(in.y)
  PASS  std::isfinite(in.x)
  PASS  std::isfinite(in.y)
  PASS  std::isfinite(in.x)
  PASS  std::isfinite(in.y)
  PASS  std::isfinite(in.x)
  PASS  std::isfinite(in.y)
  PASS  std::isfinite(in.x)
  PASS  std::isfinite(in.y)
  PASS  std::isfinite(in.x)
  PASS  std::isfinite(in.y)
  PASS  std::isfinite(in.x)
  PASS  std::isfinite(in.y)
  PASS  std::isfinite(in.x)
  PASS  std::isfinite(in.y)
  PASS  std::isfinite(in.x)
  PASS  std::isfinite(in.y)
  PASS  std::isfinite(in.x)
  PASS  std::isfinite(in.y)
  PASS  std::isfinite(in.x)
  PASS  std::isfinite(in.y)
  PASS  std::isfinite(in.x)
  PASS  std::isfinite(in.y)
  PASS  std::isfinite(in.x)
  PASS  std::isfinite(in.y)
  PASS  std::isfinite(in.x)
  PASS  std::isfinite(in.y)
  PASS  std::isfinite(in.x)
  PASS  std::isfinite(in.y)
  PASS  std::isfinite(in.x)
  PASS  std::isfinite(in.y)
  PASS  std::isfinite(in.x)
  PASS  std::isfinite(in.y)
  PASS  std::isfinite(in.x)
  PASS  std::isfinite(in.y)
  PASS  std::isfinite(in.x)
  PASS  std::isfinite(in.y)
  PASS  std::isfinite(in.x)
  PASS  std::isfinite(in.y)
  PASS  std::isfinite(in.x)
  PASS  std::isfinite(in.y)
  PASS  std::isfinite(in.x)
  PASS  std::isfinite(in.y)
  PASS  std::isfinite(in.x)
  PASS  std::isfinite(in.y)
  PASS  std::isfinite(in.x)
  PASS  std::isfinite(in.y)
  PASS  std::isfinite(in.x)
  PASS  std::isfinite(in.y)
  PASS  std::isfinite(in.x)
  PASS  std::isfinite(in.y)
  PASS  std::isfinite(in.x)
  PASS  std::isfinite(in.y)
  PASS  std::isfinite(in.x)
  PASS  std::isfinite(in.y)
  PASS  std::isfinite(in.x)
  PASS  std::isfinite(in.y)
  PASS  std::isfinite(in.x)
  PASS  std::isfinite(in.y)
  PASS  std::isfinite(in.x)
  PASS  std::isfinite(in.y)
  PASS  std::isfinite(in.x)
  PASS  std::isfinite(in.y)
  PASS  std::isfinite(in.x)
  PASS  std::isfinite(in.y)
  PASS  std::isfinite(in.x)
  PASS  std::isfinite(in.y)
  PASS  std::isfinite(in.x)
  PASS  std::isfinite(in.y)
  PASS  std::isfinite(in.x)
  PASS  std::isfinite(in.y)
  PASS  std::isfinite(in.x)
  PASS  std::isfinite(in.y)
  PASS  std::isfinite(in.x)
  PASS  std::isfinite(in.y)
  PASS  std::isfinite(in.x)
  PASS  std::isfinite(in.y)
  PASS  std::isfinite(in.x)
  PASS  std::isfinite(in.y)
  PASS  std::isfinite(in.x)
  PASS  std::isfinite(in.y)
  PASS  std::isfinite(in.x)
  PASS  std::isfinite(in.y)
  PASS  std::isfinite(in.x)
  PASS  std::isfinite(in.y)
  PASS  std::isfinite(in.x)
  PASS  std::isfinite(in.y)
  PASS  std::isfinite(in.x)
  PASS  std::isfinite(in.y)
  PASS  std::isfinite(in.x)
  PASS  std::isfinite(in.y)
  PASS  std::isfinite(in.x)
  PASS  std::isfinite(in.y)
  PASS  std::isfinite(in.x)
  PASS  std::isfinite(in.y)
  PASS  std::isfinite(in.x)
  PASS  std::isfinite(in.y)
  PASS  std::isfinite(in.x)
  PASS  std::isfinite(in.y)
  PASS  std::isfinite(in.x)
  PASS  std::isfinite(in.y)
  PASS  std::isfinite(in.x)
  PASS  std::isfinite(in.y)
  PASS  std::isfinite(in.x)
  PASS  std::isfinite(in.y)
  PASS  std::isfinite(in.x)
  PASS  std::isfinite(in.y)
  PASS  std::isfinite(in.x)
  PASS  std::isfinite(in.y)
  PASS  std::isfinite(in.x)
  PASS  std::isfinite(in.y)
  PASS  std::isfinite(in.x)
  PASS  std::isfinite(in.y)
  PASS  std::isfinite(in.x)
  PASS  std::isfinite(in.y)
  PASS  std::isfinite(in.x)
  PASS  std::isfinite(in.y)
  PASS  std::isfinite(in.x)
  PASS  std::isfinite(in.y)
  PASS  std::isfinite(in.x)
  PASS  std::isfinite(in.y)
  PASS  std::isfinite(in.x)
  PASS  std::isfinite(in.y)
  PASS  std::isfinite(in.x)
  PASS  std::isfinite(in.y)
  PASS  std::isfinite(in.x)
  PASS  std::isfinite(in.y)
  PASS  std::isfinite(in.x)
  PASS  std::isfinite(in.y)
  PASS  std::isfinite(in.x)
  PASS  std::isfinite(in.y)
  PASS  std::isfinite(in.x)
  PASS  std::isfinite(in.y)
  PASS  std::isfinite(in.x)
  PASS  std::isfinite(in.y)
  PASS  std::isfinite(in.x)
  PASS  std::isfinite(in.y)
  PASS  std::isfinite(in.x)
  PASS  std::isfinite(in.y)
  PASS  std::isfinite(in.x)
  PASS  std::isfinite(in.y)
  PASS  std::isfinite(in.x)
  PASS  std::isfinite(in.y)
  PASS  std::isfinite(in.x)
  PASS  std::isfinite(in.y)
  PASS  std::isfinite(in.x)
  PASS  std::isfinite(in.y)
  PASS  std::isfinite(in.x)
  PASS  std::isfinite(in.y)
  PASS  std::isfinite(in.x)
  PASS  std::isfinite(in.y)
  PASS  std::isfinite(in.x)
  PASS  std::isfinite(in.y)
  PASS  std::isfinite(in.x)
  PASS  std::isfinite(in.y)
  PASS  std::isfinite(in.x)
  PASS  std::isfinite(in.y)
  PASS  std::isfinite(in.x)
  PASS  std::isfinite(in.y)
  PASS  std::isfinite(in.x)
  PASS  std::isfinite(in.y)
  PASS  std::isfinite(in.x)
  PASS  std::isfinite(in.y)
  PASS  std::isfinite(in.x)
  PASS  std::isfinite(in.y)
  PASS  std::isfinite(in.x)
  PASS  std::isfinite(in.y)
  PASS  std::isfinite(in.x)
  PASS  std::isfinite(in.y)
  PASS  std::isfinite(in.x)
  PASS  std::isfinite(in.y)
  PASS  std::isfinite(in.x)
  PASS  std::isfinite(in.y)
  PASS  std::isfinite(in.x)
  PASS  std::isfinite(in.y)
  PASS  std::isfinite(in.x)
  PASS  std::isfinite(in.y)
  PASS  std::isfinite(in.x)
  PASS  std::isfinite(in.y)
  PASS  std::isfinite(in.x)
  PASS  std::isfinite(in.y)
  PASS  std::isfinite(in.x)
  PASS  std::isfinite(in.y)
  PASS  std::isfinite(in.x)
  PASS  std::isfinite(in.y)
  PASS  std::isfinite(in.x)
  PASS  std::isfinite(in.y)
  PASS  std::isfinite(in.x)
  PASS  std::isfinite(in.y)
  PASS  std::isfinite(in.x)
  PASS  std::isfinite(in.y)
  PASS  std::isfinite(in.x)
  PASS  std::isfinite(in.y)
  PASS  std::isfinite(in.x)
  PASS  std::isfinite(in.y)
  PASS  std::isfinite(in.x)
  PASS  std::isfinite(in.y)
  PASS  std::isfinite(in.x)
  PASS  std::isfinite(in.y)
  PASS  std::isfinite(in.x)
  PASS  std::isfinite(in.y)
  PASS  std::isfinite(in.x)
  PASS  std::isfinite(in.y)
  PASS  std::isfinite(in.x)
  PASS  std::isfinite(in.y)
  PASS  std::isfinite(in.x)
  PASS  std::isfinite(in.y)
  PASS  std::isfinite(in.x)
  PASS  std::isfinite(in.y)
  PASS  std::isfinite(in.x)
  PASS  std::isfinite(in.y)
  PASS  std::isfinite(in.x)
  PASS  std::isfinite(in.y)
  PASS  std::isfinite(in.x)
  PASS  std::isfinite(in.y)
  PASS  std::isfinite(in.x)
  PASS  std::isfinite(in.y)
  PASS  std::isfinite(in.x)
  PASS  std::isfinite(in.y)
  PASS  std::isfinite(in.x)
  PASS  std::isfinite(in.y)
  PASS  std::isfinite(in.x)
  PASS  std::isfinite(in.y)
  PASS  std::isfinite(in.x)
  PASS  std::isfinite(in.y)
  PASS  std::isfinite(in.x)
  PASS  std::isfinite(in.y)
  PASS  std::isfinite(in.x)
  PASS  std::isfinite(in.y)
  PASS  std::isfinite(in.x)
  PASS  std::isfinite(in.y)
  PASS  std::isfinite(in.x)
  PASS  std::isfinite(in.y)
  PASS  std::isfinite(in.x)
  PASS  std::isfinite(in.y)
  PASS  std::isfinite(in.x)
  PASS  std::isfinite(in.y)
  PASS  std::isfinite(in.x)
  PASS  std::isfinite(in.y)
  PASS  std::isfinite(in.x)
  PASS  std::isfinite(in.y)
  PASS  std::isfinite(in.x)
  PASS  std::isfinite(in.y)
  PASS  std::isfinite(in.x)
  PASS  std::isfinite(in.y)
  PASS  std::isfinite(in.x)
  PASS  std::isfinite(in.y)
  PASS  std::isfinite(in.x)
  PASS  std::isfinite(in.y)
  PASS  std::isfinite(in.x)
  PASS  std::isfinite(in.y)
  PASS  std::isfinite(in.x)
  PASS  std::isfinite(in.y)
  PASS  std::isfinite(in.x)
  PASS  std::isfinite(in.y)
  PASS  std::isfinite(in.x)
  PASS  std::isfinite(in.y)
  PASS  std::isfinite(in.x)
  PASS  std::isfinite(in.y)
  PASS  std::isfinite(in.x)
  PASS  std::isfinite(in.y)
  PASS  std::isfinite(in.x)
  PASS  std::isfinite(in.y)
  PASS  std::isfinite(in.x)
  PASS  std::isfinite(in.y)
  PASS  std::isfinite(in.x)
  PASS  std::isfinite(in.y)
  PASS  std::isfinite(in.x)
  PASS  std::isfinite(in.y)
  PASS  std::isfinite(in.x)
  PASS  std::isfinite(in.y)
  PASS  std::isfinite(in.x)
  PASS  std::isfinite(in.y)
  PASS  std::isfinite(in.x)
  PASS  std::isfinite(in.y)
  PASS  std::isfinite(in.x)
  PASS  std::isfinite(in.y)
  PASS  std::isfinite(in.x)
  PASS  std::isfinite(in.y)
  PASS  std::isfinite(in.x)
  PASS  std::isfinite(in.y)
  PASS  std::isfinite(in.x)
  PASS  std::isfinite(in.y)
  PASS  std::isfinite(in.x)
  PASS  std::isfinite(in.y)
  PASS  std::isfinite(in.x)
  PASS  std::isfinite(in.y)
  PASS  std::isfinite(in.x)
  PASS  std::isfinite(in.y)
  PASS  std::isfinite(in.x)
  PASS  std::isfinite(in.y)
  PASS  std::isfinite(in.x)
  PASS  std::isfinite(in.y)
  PASS  std::isfinite(in.x)
  PASS  std::isfinite(in.y)
  PASS  std::isfinite(in.x)
  PASS  std::isfinite(in.y)
  PASS  std::isfinite(in.x)
  PASS  std::isfinite(in.y)
  PASS  std::isfinite(in.x)
  PASS  std::isfinite(in.y)
  PASS  std::isfinite(in.x)
  PASS  std::isfinite(in.y)
  PASS  std::isfinite(in.x)
  PASS  std::isfinite(in.y)
  PASS  std::isfinite(in.x)
  PASS  std::isfinite(in.y)
  PASS  std::isfinite(in.x)
  PASS  std::isfinite(in.y)
  PASS  std::isfinite(in.x)
  PASS  std::isfinite(in.y)
  PASS  std::isfinite(in.x)
  PASS  std::isfinite(in.y)
  PASS  std::isfinite(in.x)
  PASS  std::isfinite(in.y)
  PASS  std::isfinite(in.x)
  PASS  std::isfinite(in.y)
  PASS  std::isfinite(in.x)
  PASS  std::isfinite(in.y)
  PASS  std::isfinite(in.x)
  PASS  std::isfinite(in.y)
  PASS  std::isfinite(in.x)
  PASS  std::isfinite(in.y)
  PASS  std::isfinite(in.x)
  PASS  std::isfinite(in.y)
  PASS  std::isfinite(in.x)
  PASS  std::isfinite(in.y)
  PASS  std::isfinite(in.x)
  PASS  std::isfinite(in.y)
  PASS  std::isfinite(in.x)
  PASS  std::isfinite(in.y)
  PASS  std::isfinite(in.x)
  PASS  std::isfinite(in.y)
  PASS  std::isfinite(in.x)
  PASS  std::isfinite(in.y)
  PASS  std::isfinite(in.x)
  PASS  std::isfinite(in.y)
  PASS  std::isfinite(in.x)
  PASS  std::isfinite(in.y)
  PASS  std::isfinite(in.x)
  PASS  std::isfinite(in.y)
  PASS  std::isfinite(in.x)
  PASS  std::isfinite(in.y)
  PASS  std::isfinite(in.x)
  PASS  std::isfinite(in.y)
  PASS  std::isfinite(in.x)
  PASS  std::isfinite(in.y)
  PASS  std::isfinite(in.x)
  PASS  std::isfinite(in.y)
  PASS  std::isfinite(in.x)
  PASS  std::isfinite(in.y)
  PASS  std::isfinite(in.x)
  PASS  std::isfinite(in.y)
  PASS  std::isfinite(in.x)
  PASS  std::isfinite(in.y)
  PASS  std::isfinite(in.x)
  PASS  std::isfinite(in.y)
  PASS  std::isfinite(in.x)
  PASS  std::isfinite(in.y)
  PASS  std::isfinite(in.x)
  PASS  std::isfinite(in.y)
  PASS  std::isfinite(in.x)
  PASS  std::isfinite(in.y)
  PASS  std::isfinite(in.x)
  PASS  std::isfinite(in.y)
  PASS  std::isfinite(in.x)
  PASS  std::isfinite(in.y)
  PASS  std::isfinite(in.x)
  PASS  std::isfinite(in.y)
  PASS  std::isfinite(in.x)
  PASS  std::isfinite(in.y)
  PASS  std::isfinite(in.x)
  PASS  std::isfinite(in.y)
  PASS  std::isfinite(in.x)
  PASS  std::isfinite(in.y)
  PASS  std::isfinite(in.x)
  PASS  std::isfinite(in.y)
  PASS  std::isfinite(in.x)
  PASS  std::isfinite(in.y)
  PASS  std::isfinite(in.x)
  PASS  std::isfinite(in.y)
  PASS  std::isfinite(in.x)
  PASS  std::isfinite(in.y)
  PASS  std::isfinite(in.x)
  PASS  std::isfinite(in.y)
  PASS  std::isfinite(in.x)
  PASS  std::isfinite(in.y)
  PASS  std::isfinite(in.x)
  PASS  std::isfinite(in.y)
  PASS  std::isfinite(in.x)
  PASS  std::isfinite(in.y)
  PASS  std::isfinite(in.x)
  PASS  std::isfinite(in.y)
  PASS  std::isfinite(in.x)
  PASS  std::isfinite(in.y)
  PASS  std::isfinite(in.x)
  PASS  std::isfinite(in.y)
  PASS  std::isfinite(in.x)
  PASS  std::isfinite(in.y)
  PASS  std::isfinite(in.x)
  PASS  std::isfinite(in.y)
  PASS  std::isfinite(in.x)
  PASS  std::isfinite(in.y)
  PASS  std::isfinite(in.x)
  PASS  std::isfinite(in.y)
  PASS  std::isfinite(in.x)
  PASS  std::isfinite(in.y)
  PASS  std::isfinite(in.x)
  PASS  std::isfinite(in.y)
  PASS  std::isfinite(in.x)
  PASS  std::isfinite(in.y)
  PASS  std::isfinite(in.x)
  PASS  std::isfinite(in.y)
  PASS  std::isfinite(in.x)
  PASS  std::isfinite(in.y)
  PASS  std::isfinite(in.x)
  PASS  std::isfinite(in.y)
  PASS  std::isfinite(in.x)
  PASS  std::isfinite(in.y)
  PASS  std::isfinite(in.x)
  PASS  std::isfinite(in.y)
  PASS  std::isfinite(in.x)
  PASS  std::isfinite(in.y)
  PASS  std::isfinite(in.x)
  PASS  std::isfinite(in.y)
  PASS  std::isfinite(in.x)
  PASS  std::isfinite(in.y)
  PASS  std::isfinite(in.x)
  PASS  std::isfinite(in.y)
  PASS  std::isfinite(in.x)
  PASS  std::isfinite(in.y)
  PASS  std::isfinite(in.x)
  PASS  std::isfinite(in.y)
  PASS  std::isfinite(in.x)
  PASS  std::isfinite(in.y)
  PASS  std::isfinite(in.x)
  PASS  std::isfinite(in.y)
  PASS  std::isfinite(in.x)
  PASS  std::isfinite(in.y)
  PASS  std::isfinite(in.x)
  PASS  std::isfinite(in.y)
  PASS  std::isfinite(in.x)
  PASS  std::isfinite(in.y)
  PASS  std::isfinite(in.x)
  PASS  std::isfinite(in.y)
  PASS  std::isfinite(in.x)
  PASS  std::isfinite(in.y)
  PASS  std::isfinite(in.x)
  PASS  std::isfinite(in.y)
  PASS  std::isfinite(in.x)
  PASS  std::isfinite(in.y)
  PASS  std::isfinite(in.x)
  PASS  std::isfinite(in.y)
  PASS  std::isfinite(in.x)
  PASS  std::isfinite(in.y)
  PASS  std::isfinite(in.x)
  PASS  std::isfinite(in.y)
  PASS  std::isfinite(in.x)
  PASS  std::isfinite(in.y)
  PASS  std::isfinite(in.x)
  PASS  std::isfinite(in.y)
  PASS  std::isfinite(in.x)
  PASS  std::isfinite(in.y)
  PASS  std::isfinite(in.x)
  PASS  std::isfinite(in.y)
  PASS  std::isfinite(in.x)
  PASS  std::isfinite(in.y)
  PASS  std::isfinite(in.x)
  PASS  std::isfinite(in.y)
  PASS  std::isfinite(in.x)
  PASS  std::isfinite(in.y)
  PASS  std::isfinite(in.x)
  PASS  std::isfinite(in.y)
  PASS  std::isfinite(in.x)
  PASS  std::isfinite(in.y)
  PASS  std::isfinite(in.x)
  PASS  std::isfinite(in.y)
  PASS  std::isfinite(in.x)
  PASS  std::isfinite(in.y)
  PASS  std::isfinite(in.x)
  PASS  std::isfinite(in.y)
  PASS  std::isfinite(in.x)
  PASS  std::isfinite(in.y)
  PASS  std::isfinite(in.x)
  PASS  std::isfinite(in.y)
  PASS  std::isfinite(in.x)
  PASS  std::isfinite(in.y)
  PASS  std::isfinite(in.x)
  PASS  std::isfinite(in.y)
  PASS  std::isfinite(in.x)
  PASS  std::isfinite(in.y)
  PASS  std::isfinite(in.x)
  PASS  std::isfinite(in.y)
  PASS  std::isfinite(in.x)
  PASS  std::isfinite(in.y)
  PASS  std::isfinite(in.x)
  PASS  std::isfinite(in.y)
  PASS  std::isfinite(in.x)
  PASS  std::isfinite(in.y)
  PASS  std::isfinite(in.x)
  PASS  std::isfinite(in.y)
  PASS  std::isfinite(in.x)
  PASS  std::isfinite(in.y)
  PASS  std::isfinite(in.x)
  PASS  std::isfinite(in.y)
  PASS  std::isfinite(in.x)
  PASS  std::isfinite(in.y)
  PASS  std::isfinite(in.x)
  PASS  std::isfinite(in.y)
  PASS  std::isfinite(in.x)
  PASS  std::isfinite(in.y)
  PASS  std::isfinite(in.x)
  PASS  std::isfinite(in.y)
  PASS  std::isfinite(in.x)
  PASS  std::isfinite(in.y)
  PASS  std::isfinite(in.x)
  PASS  std::isfinite(in.y)
  PASS  std::isfinite(in.x)
  PASS  std::isfinite(in.y)
  PASS  std::isfinite(in.x)
  PASS  std::isfinite(in.y)
  PASS  std::isfinite(in.x)
  PASS  std::isfinite(in.y)
  PASS  std::isfinite(in.x)
  PASS  std::isfinite(in.y)
  PASS  std::isfinite(in.x)
  PASS  std::isfinite(in.y)
  PASS  std::isfinite(in.x)
  PASS  std::isfinite(in.y)
  PASS  std::isfinite(in.x)
  PASS  std::isfinite(in.y)
  PASS  std::isfinite(in.x)
  PASS  std::isfinite(in.y)
  PASS  std::isfinite(in.x)
  PASS  std::isfinite(in.y)
  PASS  std::isfinite(in.x)
  PASS  std::isfinite(in.y)
  PASS  std::isfinite(in.x)
  PASS  std::isfinite(in.y)
  PASS  std::isfinite(in.x)
  PASS  std::isfinite(in.y)
  PASS  std::isfinite(in.x)
  PASS  std::isfinite(in.y)
  PASS  std::isfinite(in.x)
  PASS  std::isfinite(in.y)
  PASS  std::isfinite(in.x)
  PASS  std::isfinite(in.y)
  PASS  std::isfinite(in.x)
  PASS  std::isfinite(in.y)
  PASS  std::isfinite(in.x)
  PASS  std::isfinite(in.y)
  PASS  std::isfinite(in.x)
  PASS  std::isfinite(in.y)
  PASS  std::isfinite(in.x)
  PASS  std::isfinite(in.y)
  PASS  std::isfinite(in.x)
  PASS  std::isfinite(in.y)
  PASS  std::isfinite(in.x)
  PASS  std::isfinite(in.y)
  PASS  std::isfinite(in.x)
  PASS  std::isfinite(in.y)
  PASS  std::isfinite(in.x)
  PASS  std::isfinite(in.y)
  PASS  std::isfinite(in.x)
  PASS  std::isfinite(in.y)
  PASS  std::isfinite(in.x)
  PASS  std::isfinite(in.y)
  PASS  std::isfinite(in.x)
  PASS  std::isfinite(in.y)
  PASS  std::isfinite(in.x)
  PASS  std::isfinite(in.y)
  PASS  std::isfinite(in.x)
  PASS  std::isfinite(in.y)
  PASS  std::isfinite(in.x)
  PASS  std::isfinite(in.y)
  PASS  std::isfinite(in.x)
  PASS  std::isfinite(in.y)
  PASS  std::isfinite(in.x)
  PASS  std::isfinite(in.y)
  PASS  std::isfinite(in.x)
  PASS  std::isfinite(in.y)
  PASS  std::isfinite(in.x)
  PASS  std::isfinite(in.y)
  PASS  std::isfinite(in.x)
  PASS  std::isfinite(in.y)
  PASS  std::isfinite(in.x)
  PASS  std::isfinite(in.y)
  PASS  std::isfinite(in.x)
  PASS  std::isfinite(in.y)
  PASS  std::isfinite(in.x)
  PASS  std::isfinite(in.y)
  PASS  std::isfinite(in.x)
  PASS  std::isfinite(in.y)
  PASS  std::isfinite(in.x)
  PASS  std::isfinite(in.y)
  PASS  std::isfinite(in.x)
  PASS  std::isfinite(in.y)
  PASS  std::isfinite(in.x)
  PASS  std::isfinite(in.y)
  PASS  std::isfinite(in.x)
  PASS  std::isfinite(in.y)
  PASS  std::isfinite(in.x)
  PASS  std::isfinite(in.y)
  PASS  std::isfinite(in.x)
  PASS  std::isfinite(in.y)
  PASS  std::isfinite(in.x)
  PASS  std::isfinite(in.y)
  PASS  std::isfinite(in.x)
  PASS  std::isfinite(in.y)
  PASS  std::isfinite(in.x)
  PASS  std::isfinite(in.y)
  PASS  std::isfinite(in.x)
  PASS  std::isfinite(in.y)
  PASS  std::isfinite(in.x)
  PASS  std::isfinite(in.y)
  PASS  std::isfinite(in.x)
  PASS  std::isfinite(in.y)
  PASS  std::isfinite(in.x)
  PASS  std::isfinite(in.y)
  PASS  std::isfinite(in.x)
  PASS  std::isfinite(in.y)
  PASS  std::isfinite(in.x)
  PASS  std::isfinite(in.y)
  PASS  std::isfinite(in.x)
  PASS  std::isfinite(in.y)
  PASS  std::isfinite(in.x)
  PASS  std::isfinite(in.y)
  PASS  std::isfinite(in.x)
  PASS  std::isfinite(in.y)
  PASS  std::isfinite(in.x)
  PASS  std::isfinite(in.y)
  PASS  std::isfinite(in.x)
  PASS  std::isfinite(in.y)
  PASS  std::isfinite(in.x)
  PASS  std::isfinite(in.y)
  PASS  std::isfinite(in.x)
  PASS  std::isfinite(in.y)
  PASS  std::isfinite(in.x)
  PASS  std::isfinite(in.y)
  PASS  std::isfinite(in.x)
  PASS  std::isfinite(in.y)
  PASS  std::isfinite(in.x)
  PASS  std::isfinite(in.y)
  PASS  std::isfinite(in.x)
  PASS  std::isfinite(in.y)
  PASS  std::isfinite(in.x)
  PASS  std::isfinite(in.y)
  PASS  std::isfinite(in.x)
  PASS  std::isfinite(in.y)
  PASS  std::isfinite(in.x)
  PASS  std::isfinite(in.y)
  PASS  std::isfinite(in.x)
  PASS  std::isfinite(in.y)
  PASS  std::isfinite(in.x)
  PASS  std::isfinite(in.y)
  PASS  std::isfinite(in.x)
  PASS  std::isfinite(in.y)
  PASS  std::isfinite(in.x)
  PASS  std::isfinite(in.y)
  PASS  std::isfinite(in.x)
  PASS  std::isfinite(in.y)
  PASS  std::isfinite(in.x)
  PASS  std::isfinite(in.y)
  PASS  std::isfinite(in.x)
  PASS  std::isfinite(in.y)
  PASS  std::isfinite(in.x)
  PASS  std::isfinite(in.y)
  PASS  std::isfinite(in.x)
  PASS  std::isfinite(in.y)
  PASS  std::isfinite(in.x)
  PASS  std::isfinite(in.y)
  PASS  std::isfinite(in.x)
  PASS  std::isfinite(in.y)
  PASS  std::isfinite(in.x)
  PASS  std::isfinite(in.y)
  PASS  std::isfinite(in.x)
  PASS  std::isfinite(in.y)
  PASS  std::isfinite(in.x)
  PASS  std::isfinite(in.y)
  PASS  std::isfinite(in.x)
  PASS  std::isfinite(in.y)
  PASS  std::isfinite(in.x)
  PASS  std::isfinite(in.y)
  PASS  std::isfinite(in.x)
  PASS  std::isfinite(in.y)
  PASS  std::isfinite(in.x)
  PASS  std::isfinite(in.y)
  PASS  std::isfinite(in.x)
  PASS  std::isfinite(in.y)
  PASS  std::isfinite(in.x)
  PASS  std::isfinite(in.y)
  PASS  std::isfinite(in.x)
  PASS  std::isfinite(in.y)
  PASS  std::isfinite(in.x)
  PASS  std::isfinite(in.y)
  PASS  std::isfinite(in.x)
  PASS  std::isfinite(in.y)
  PASS  std::isfinite(in.x)
  PASS  std::isfinite(in.y)
  PASS  std::isfinite(in.x)
  PASS  std::isfinite(in.y)
  PASS  std::isfinite(in.x)
  PASS  std::isfinite(in.y)
  PASS  std::isfinite(in.x)
  PASS  std::isfinite(in.y)
  PASS  std::isfinite(in.x)
  PASS  std::isfinite(in.y)
  PASS  std::isfinite(in.x)
  PASS  std::isfinite(in.y)
  PASS  std::isfinite(in.x)
  PASS  std::isfinite(in.y)
  PASS  std::isfinite(in.x)
  PASS  std::isfinite(in.y)
  PASS  std::isfinite(in.x)
  PASS  std::isfinite(in.y)
  PASS  std::isfinite(in.x)
  PASS  std::isfinite(in.y)
  PASS  std::isfinite(in.x)
  PASS  std::isfinite(in.y)
  PASS  std::isfinite(in.x)
  PASS  std::isfinite(in.y)
  PASS  std::isfinite(in.x)
  PASS  std::isfinite(in.y)
  PASS  std::isfinite(in.x)
  PASS  std::isfinite(in.y)
  PASS  std::isfinite(in.x)
  PASS  std::isfinite(in.y)
  PASS  std::isfinite(in.x)
  PASS  std::isfinite(in.y)
  PASS  std::isfinite(in.x)
  PASS  std::isfinite(in.y)
  PASS  std::isfinite(in.x)
  PASS  std::isfinite(in.y)
  PASS  std::isfinite(in.x)
  PASS  std::isfinite(in.y)
  PASS  std::isfinite(in.x)
  PASS  std::isfinite(in.y)
  PASS  std::isfinite(in.x)
  PASS  std::isfinite(in.y)
  PASS  std::isfinite(in.x)
  PASS  std::isfinite(in.y)
  PASS  std::isfinite(in.x)
  PASS  std::isfinite(in.y)
  PASS  std::isfinite(in.x)
  PASS  std::isfinite(in.y)
  PASS  std::isfinite(in.x)
  PASS  std::isfinite(in.y)
  PASS  std::isfinite(in.x)
  PASS  std::isfinite(in.y)
  PASS  std::isfinite(in.x)
  PASS  std::isfinite(in.y)
  PASS  std::isfinite(in.x)
  PASS  std::isfinite(in.y)
  PASS  std::isfinite(in.x)
  PASS  std::isfinite(in.y)
  PASS  std::isfinite(in.x)
  PASS  std::isfinite(in.y)
  PASS  std::isfinite(in.x)
  PASS  std::isfinite(in.y)
  PASS  std::isfinite(in.x)
  PASS  std::isfinite(in.y)
  PASS  std::isfinite(in.x)
  PASS  std::isfinite(in.y)
  PASS  std::isfinite(in.x)
  PASS  std::isfinite(in.y)
  PASS  std::isfinite(in.x)
  PASS  std::isfinite(in.y)
  PASS  std::isfinite(in.x)
  PASS  std::isfinite(in.y)
  PASS  std::isfinite(in.x)
  PASS  std::isfinite(in.y)
  PASS  std::isfinite(in.x)
  PASS  std::isfinite(in.y)
  PASS  std::isfinite(in.x)
  PASS  std::isfinite(in.y)
  PASS  std::isfinite(in.x)
  PASS  std::isfinite(in.y)
  PASS  std::isfinite(in.x)
  PASS  std::isfinite(in.y)
  PASS  std::isfinite(in.x)
  PASS  std::isfinite(in.y)
  PASS  std::isfinite(in.x)
  PASS  std::isfinite(in.y)
  PASS  std::isfinite(in.x)
  PASS  std::isfinite(in.y)
  PASS  std::isfinite(in.x)
  PASS  std::isfinite(in.y)
  PASS  std::isfinite(in.x)
  PASS  std::isfinite(in.y)
  PASS  std::isfinite(in.x)
  PASS  std::isfinite(in.y)
  PASS  std::isfinite(in.x)
  PASS  std::isfinite(in.y)
  PASS  std::isfinite(in.x)
  PASS  std::isfinite(in.y)
  PASS  std::isfinite(in.x)
  PASS  std::isfinite(in.y)
  PASS  std::isfinite(in.x)
  PASS  std::isfinite(in.y)
  PASS  std::isfinite(in.x)
  PASS  std::isfinite(in.y)
  PASS  std::isfinite(in.x)
  PASS  std::isfinite(in.y)
  PASS  std::isfinite(in.x)
  PASS  std::isfinite(in.y)
  PASS  std::isfinite(in.x)
  PASS  std::isfinite(in.y)
  PASS  std::isfinite(in.x)
  PASS  std::isfinite(in.y)
  PASS  std::isfinite(in.x)
  PASS  std::isfinite(in.y)
  PASS  std::isfinite(in.x)
  PASS  std::isfinite(in.y)
  PASS  std::isfinite(in.x)
  PASS  std::isfinite(in.y)
  PASS  std::isfinite(in.x)
  PASS  std::isfinite(in.y)
  PASS  std::isfinite(in.x)
  PASS  std::isfinite(in.y)
  PASS  std::isfinite(in.x)
  PASS  std::isfinite(in.y)
  PASS  std::isfinite(in.x)
  PASS  std::isfinite(in.y)
  PASS  std::isfinite(in.x)
  PASS  std::isfinite(in.y)
  PASS  std::isfinite(in.x)
  PASS  std::isfinite(in.y)
  PASS  std::isfinite(in.x)
  PASS  std::isfinite(in.y)
  PASS  std::isfinite(in.x)
  PASS  std::isfinite(in.y)
  PASS  std::isfinite(in.x)
  PASS  std::isfinite(in.y)
  PASS  std::isfinite(in.x)
  PASS  std::isfinite(in.y)
  PASS  std::isfinite(in.x)
  PASS  std::isfinite(in.y)
  PASS  std::isfinite(in.x)
  PASS  std::isfinite(in.y)
  PASS  std::isfinite(in.x)
  PASS  std::isfinite(in.y)
  PASS  std::isfinite(in.x)
  PASS  std::isfinite(in.y)
  PASS  std::isfinite(in.x)
  PASS  std::isfinite(in.y)
  PASS  std::isfinite(in.x)
  PASS  std::isfinite(in.y)
  PASS  std::isfinite(in.x)
  PASS  std::isfinite(in.y)
  PASS  std::isfinite(in.x)
  PASS  std::isfinite(in.y)
  PASS  std::isfinite(in.x)
  PASS  std::isfinite(in.y)
  PASS  std::isfinite(in.x)
  PASS  std::isfinite(in.y)
  PASS  std::isfinite(in.x)
  PASS  std::isfinite(in.y)
  PASS  std::isfinite(in.x)
  PASS  std::isfinite(in.y)
  PASS  std::isfinite(in.x)
  PASS  std::isfinite(in.y)
  PASS  std::isfinite(in.x)
  PASS  std::isfinite(in.y)
  PASS  std::isfinite(in.x)
  PASS  std::isfinite(in.y)
  PASS  std::isfinite(in.x)
  PASS  std::isfinite(in.y)
  PASS  std::isfinite(in.x)
  PASS  std::isfinite(in.y)
  PASS  std::isfinite(in.x)
  PASS  std::isfinite(in.y)
  PASS  std::isfinite(in.x)
  PASS  std::isfinite(in.y)
  PASS  std::isfinite(in.x)
  PASS  std::isfinite(in.y)
  PASS  std::isfinite(in.x)
  PASS  std::isfinite(in.y)
  PASS  std::isfinite(in.x)
  PASS  std::isfinite(in.y)
  PASS  std::isfinite(in.x)
  PASS  std::isfinite(in.y)
  PASS  std::isfinite(in.x)
  PASS  std::isfinite(in.y)
  PASS  std::isfinite(in.x)
  PASS  std::isfinite(in.y)
  PASS  std::isfinite(in.x)
  PASS  std::isfinite(in.y)
  PASS  std::isfinite(in.x)
  PASS  std::isfinite(in.y)
  PASS  std::isfinite(in.x)
  PASS  std::isfinite(in.y)
  PASS  std::isfinite(in.x)
  PASS  std::isfinite(in.y)
  PASS  std::isfinite(in.x)
  PASS  std::isfinite(in.y)
  PASS  std::isfinite(in.x)
  PASS  std::isfinite(in.y)
  PASS  std::isfinite(in.x)
  PASS  std::isfinite(in.y)
  PASS  std::isfinite(in.x)
  PASS  std::isfinite(in.y)
  PASS  std::isfinite(in.x)
  PASS  std::isfinite(in.y)
  PASS  std::isfinite(in.x)
  PASS  std::isfinite(in.y)
  PASS  std::isfinite(in.x)
  PASS  std::isfinite(in.y)
  PASS  std::isfinite(in.x)
  PASS  std::isfinite(in.y)
  PASS  std::isfinite(in.x)
  PASS  std::isfinite(in.y)
  PASS  std::isfinite(in.x)
  PASS  std::isfinite(in.y)
  PASS  std::isfinite(in.x)
  PASS  std::isfinite(in.y)
  PASS  std::isfinite(in.x)
  PASS  std::isfinite(in.y)
  PASS  std::isfinite(in.x)
  PASS  std::isfinite(in.y)
  PASS  std::isfinite(in.x)
  PASS  std::isfinite(in.y)
  PASS  std::isfinite(in.x)
  PASS  std::isfinite(in.y)
  PASS  std::isfinite(in.x)
  PASS  std::isfinite(in.y)
  PASS  std::isfinite(in.x)
  PASS  std::isfinite(in.y)
  PASS  std::isfinite(in.x)
  PASS  std::isfinite(in.y)
  PASS  std::isfinite(in.x)
  PASS  std::isfinite(in.y)
  PASS  std::isfinite(in.x)
  PASS  std::isfinite(in.y)
  PASS  std::isfinite(in.x)
  PASS  std::isfinite(in.y)
  PASS  std::isfinite(in.x)
  PASS  std::isfinite(in.y)
  PASS  std::isfinite(in.x)
  PASS  std::isfinite(in.y)
  PASS  std::isfinite(in.x)
  PASS  std::isfinite(in.y)
  PASS  std::isfinite(in.x)
  PASS  std::isfinite(in.y)
  PASS  std::isfinite(in.x)
  PASS  std::isfinite(in.y)
  PASS  std::isfinite(in.x)
  PASS  std::isfinite(in.y)
  PASS  std::isfinite(in.x)
  PASS  std::isfinite(in.y)
  PASS  std::isfinite(in.x)
  PASS  std::isfinite(in.y)
  PASS  std::isfinite(in.x)
  PASS  std::isfinite(in.y)
  PASS  std::isfinite(in.x)
  PASS  std::isfinite(in.y)
  PASS  std::isfinite(in.x)
  PASS  std::isfinite(in.y)
  PASS  std::isfinite(in.x)
  PASS  std::isfinite(in.y)
  PASS  std::isfinite(in.x)
  PASS  std::isfinite(in.y)
  PASS  std::isfinite(in.x)
  PASS  std::isfinite(in.y)
  PASS  std::isfinite(in.x)
  PASS  std::isfinite(in.y)
  PASS  std::isfinite(in.x)
  PASS  std::isfinite(in.y)
  PASS  std::isfinite(in.x)
  PASS  std::isfinite(in.y)
  PASS  std::isfinite(in.x)
  PASS  std::isfinite(in.y)
  PASS  std::isfinite(in.x)
  PASS  std::isfinite(in.y)
  PASS  std::isfinite(in.x)
  PASS  std::isfinite(in.y)
  PASS  std::isfinite(in.x)
  PASS  std::isfinite(in.y)
  PASS  std::isfinite(in.x)
  PASS  std::isfinite(in.y)
  PASS  std::isfinite(in.x)
  PASS  std::isfinite(in.y)
  PASS  std::isfinite(in.x)
  PASS  std::isfinite(in.y)
  PASS  std::isfinite(in.x)
  PASS  std::isfinite(in.y)
  PASS  std::isfinite(in.x)
  PASS  std::isfinite(in.y)
  PASS  std::isfinite(in.x)
  PASS  std::isfinite(in.y)
  PASS  std::isfinite(in.x)
  PASS  std::isfinite(in.y)
  PASS  std::isfinite(in.x)
  PASS  std::isfinite(in.y)
  PASS  std::isfinite(in.x)
  PASS  std::isfinite(in.y)
  PASS  std::isfinite(in.x)
  PASS  std::isfinite(in.y)
  PASS  std::isfinite(in.x)
  PASS  std::isfinite(in.y)
  PASS  std::isfinite(in.x)
  PASS  std::isfinite(in.y)
  PASS  std::isfinite(in.x)
  PASS  std::isfinite(in.y)
  PASS  std::isfinite(in.x)
  PASS  std::isfinite(in.y)
  PASS  std::isfinite(in.x)
  PASS  std::isfinite(in.y)
  PASS  std::isfinite(in.x)
  PASS  std::isfinite(in.y)
  PASS  std::isfinite(in.x)
  PASS  std::isfinite(in.y)
  PASS  std::isfinite(in.x)
  PASS  std::isfinite(in.y)
  PASS  std::isfinite(in.x)
  PASS  std::isfinite(in.y)
  PASS  std::isfinite(in.x)
  PASS  std::isfinite(in.y)
  PASS  std::isfinite(in.x)
  PASS  std::isfinite(in.y)
  PASS  std::isfinite(in.x)
  PASS  std::isfinite(in.y)
  PASS  std::isfinite(in.x)
  PASS  std::isfinite(in.y)
  PASS  std::isfinite(in.x)
  PASS  std::isfinite(in.y)
  PASS  std::isfinite(in.x)
  PASS  std::isfinite(in.y)
  PASS  std::isfinite(in.x)
  PASS  std::isfinite(in.y)
  PASS  std::isfinite(in.x)
  PASS  std::isfinite(in.y)
  PASS  std::isfinite(in.x)
  PASS  std::isfinite(in.y)
  PASS  std::isfinite(in.x)
  PASS  std::isfinite(in.y)
  PASS  std::isfinite(in.x)
  PASS  std::isfinite(in.y)
  PASS  std::isfinite(in.x)
  PASS  std::isfinite(in.y)
  PASS  std::isfinite(in.x)
  PASS  std::isfinite(in.y)
  PASS  std::isfinite(in.x)
  PASS  std::isfinite(in.y)
  PASS  std::isfinite(in.x)
  PASS  std::isfinite(in.y)
  PASS  std::isfinite(in.x)
  PASS  std::isfinite(in.y)
  PASS  std::isfinite(in.x)
  PASS  std::isfinite(in.y)
  PASS  std::isfinite(in.x)
  PASS  std::isfinite(in.y)
  PASS  std::isfinite(in.x)
  PASS  std::isfinite(in.y)
  PASS  std::isfinite(in.x)
  PASS  std::isfinite(in.y)
  PASS  std::isfinite(in.x)
  PASS  std::isfinite(in.y)
  PASS  std::isfinite(in.x)
  PASS  std::isfinite(in.y)
  PASS  std::isfinite(in.x)
  PASS  std::isfinite(in.y)
  PASS  std::isfinite(in.x)
  PASS  std::isfinite(in.y)
  PASS  std::isfinite(in.x)
  PASS  std::isfinite(in.y)
  PASS  std::isfinite(in.x)
  PASS  std::isfinite(in.y)
  PASS  std::isfinite(in.x)
  PASS  std::isfinite(in.y)
  PASS  std::isfinite(in.x)
  PASS  std::isfinite(in.y)
  PASS  std::isfinite(in.x)
  PASS  std::isfinite(in.y)
  PASS  std::isfinite(in.x)
  PASS  std::isfinite(in.y)
  PASS  std::isfinite(in.x)
  PASS  std::isfinite(in.y)
  PASS  std::isfinite(in.x)
  PASS  std::isfinite(in.y)
  PASS  std::isfinite(in.x)
  PASS  std::isfinite(in.y)
  PASS  std::isfinite(in.x)
  PASS  std::isfinite(in.y)
  PASS  std::isfinite(in.x)
  PASS  std::isfinite(in.y)
  PASS  std::isfinite(in.x)
  PASS  std::isfinite(in.y)
  PASS  std::isfinite(in.x)
  PASS  std::isfinite(in.y)
  PASS  std::isfinite(in.x)
  PASS  std::isfinite(in.y)
  PASS  std::isfinite(in.x)
  PASS  std::isfinite(in.y)
  PASS  std::isfinite(in.x)
  PASS  std::isfinite(in.y)
  PASS  std::isfinite(in.x)
  PASS  std::isfinite(in.y)
  PASS  std::isfinite(in.x)
  PASS  std::isfinite(in.y)
  PASS  std::isfinite(in.x)
  PASS  std::isfinite(in.y)
  PASS  std::isfinite(in.x)
  PASS  std::isfinite(in.y)
  PASS  std::isfinite(in.x)
  PASS  std::isfinite(in.y)
  PASS  std::isfinite(in.x)
  PASS  std::isfinite(in.y)
  PASS  std::isfinite(in.x)
  PASS  std::isfinite(in.y)
  PASS  std::isfinite(in.x)
  PASS  std::isfinite(in.y)
  PASS  std::isfinite(in.x)
  PASS  std::isfinite(in.y)
  PASS  std::isfinite(in.x)
  PASS  std::isfinite(in.y)
  PASS  std::isfinite(in.x)
  PASS  std::isfinite(in.y)
  PASS  std::isfinite(in.x)
  PASS  std::isfinite(in.y)
  PASS  std::isfinite(in.x)
  PASS  std::isfinite(in.y)
  PASS  std::isfinite(in.x)
  PASS  std::isfinite(in.y)
  PASS  std::isfinite(in.x)
  PASS  std::isfinite(in.y)
  PASS  std::isfinite(in.x)
  PASS  std::isfinite(in.y)
  PASS  std::isfinite(in.x)
  PASS  std::isfinite(in.y)
  PASS  std::isfinite(in.x)
  PASS  std::isfinite(in.y)
  PASS  std::isfinite(in.x)
  PASS  std::isfinite(in.y)
  PASS  std::isfinite(in.x)
  PASS  std::isfinite(in.y)
  PASS  std::isfinite(in.x)
  PASS  std::isfinite(in.y)
  PASS  std::isfinite(in.x)
  PASS  std::isfinite(in.y)
  PASS  std::isfinite(in.x)
  PASS  std::isfinite(in.y)
  PASS  std::isfinite(in.x)
  PASS  std::isfinite(in.y)
  PASS  std::isfinite(in.x)
  PASS  std::isfinite(in.y)
  PASS  std::isfinite(in.x)
  PASS  std::isfinite(in.y)
  PASS  std::isfinite(in.x)
  PASS  std::isfinite(in.y)
  PASS  std::isfinite(in.x)
  PASS  std::isfinite(in.y)
  PASS  std::isfinite(in.x)
  PASS  std::isfinite(in.y)
  PASS  std::isfinite(in.x)
  PASS  std::isfinite(in.y)
  PASS  std::isfinite(in.x)
  PASS  std::isfinite(in.y)
  PASS  std::isfinite(in.x)
  PASS  std::isfinite(in.y)
  PASS  std::isfinite(in.x)
  PASS  std::isfinite(in.y)
  PASS  std::isfinite(in.x)
  PASS  std::isfinite(in.y)
  PASS  std::isfinite(in.x)
  PASS  std::isfinite(in.y)
  PASS  std::isfinite(in.x)
  PASS  std::isfinite(in.y)
  PASS  std::isfinite(in.x)
  PASS  std::isfinite(in.y)
  PASS  std::isfinite(in.x)
  PASS  std::isfinite(in.y)
  PASS  std::isfinite(in.x)
  PASS  std::isfinite(in.y)
  PASS  std::isfinite(in.x)
  PASS  std::isfinite(in.y)
  PASS  std::isfinite(in.x)
  PASS  std::isfinite(in.y)
  PASS  std::isfinite(in.x)
  PASS  std::isfinite(in.y)
  PASS  std::isfinite(in.x)
  PASS  std::isfinite(in.y)
  PASS  std::isfinite(in.x)
  PASS  std::isfinite(in.y)
  PASS  std::isfinite(in.x)
  PASS  std::isfinite(in.y)
  PASS  std::isfinite(in.x)
  PASS  std::isfinite(in.y)
  PASS  std::isfinite(in.x)
  PASS  std::isfinite(in.y)
  PASS  std::isfinite(in.x)
  PASS  std::isfinite(in.y)
  PASS  std::isfinite(in.x)
  PASS  std::isfinite(in.y)
  PASS  std::isfinite(in.x)
  PASS  std::isfinite(in.y)
  PASS  std::isfinite(in.x)
  PASS  std::isfinite(in.y)
  PASS  std::isfinite(in.x)
  PASS  std::isfinite(in.y)
  PASS  std::isfinite(in.x)
  PASS  std::isfinite(in.y)
  PASS  std::isfinite(in.x)
  PASS  std::isfinite(in.y)
  PASS  std::isfinite(in.x)
  PASS  std::isfinite(in.y)
  PASS  std::isfinite(in.x)
  PASS  std::isfinite(in.y)
  PASS  std::isfinite(in.x)
  PASS  std::isfinite(in.y)
  PASS  std::isfinite(in.x)
  PASS  std::isfinite(in.y)
  PASS  std::isfinite(in.x)
  PASS  std::isfinite(in.y)
  PASS  std::isfinite(in.x)
  PASS  std::isfinite(in.y)
  PASS  std::isfinite(in.x)
  PASS  std::isfinite(in.y)
  PASS  std::isfinite(in.x)
  PASS  std::isfinite(in.y)
  PASS  std::isfinite(in.x)
  PASS  std::isfinite(in.y)
  PASS  std::isfinite(in.x)
  PASS  std::isfinite(in.y)
  PASS  std::isfinite(in.x)
  PASS  std::isfinite(in.y)
  PASS  std::isfinite(in.x)
  PASS  std::isfinite(in.y)
  PASS  std::isfinite(in.x)
  PASS  std::isfinite(in.y)
  PASS  std::isfinite(in.x)
  PASS  std::isfinite(in.y)
  PASS  std::isfinite(in.x)
  PASS  std::isfinite(in.y)
  PASS  std::isfinite(in.x)
  PASS  std::isfinite(in.y)
  PASS  std::isfinite(in.x)
  PASS  std::isfinite(in.y)
  PASS  std::isfinite(in.x)
  PASS  std::isfinite(in.y)
  PASS  std::isfinite(in.x)
  PASS  std::isfinite(in.y)
  PASS  std::isfinite(in.x)
  PASS  std::isfinite(in.y)
  PASS  std::isfinite(in.x)
  PASS  std::isfinite(in.y)
  PASS  std::isfinite(in.x)
  PASS  std::isfinite(in.y)
  PASS  std::isfinite(in.x)
  PASS  std::isfinite(in.y)
  PASS  std::isfinite(in.x)
  PASS  std::isfinite(in.y)
  PASS  std::isfinite(in.x)
  PASS  std::isfinite(in.y)
  PASS  std::isfinite(in.x)
  PASS  std::isfinite(in.y)
  PASS  std::isfinite(in.x)
  PASS  std::isfinite(in.y)
  PASS  std::isfinite(in.x)
  PASS  std::isfinite(in.y)
  PASS  std::isfinite(in.x)
  PASS  std::isfinite(in.y)
  PASS  std::isfinite(in.x)
  PASS  std::isfinite(in.y)
  PASS  std::isfinite(in.x)
  PASS  std::isfinite(in.y)
  PASS  std::isfinite(in.x)
  PASS  std::isfinite(in.y)
  PASS  std::isfinite(in.x)
  PASS  std::isfinite(in.y)
  PASS  std::isfinite(in.x)
  PASS  std::isfinite(in.y)
  PASS  std::isfinite(in.x)
  PASS  std::isfinite(in.y)
  PASS  std::isfinite(in.x)
  PASS  std::isfinite(in.y)
  PASS  std::isfinite(in.x)
  PASS  std::isfinite(in.y)
  PASS  std::isfinite(in.x)
  PASS  std::isfinite(in.y)
  PASS  std::isfinite(in.x)
  PASS  std::isfinite(in.y)
  PASS  std::isfinite(in.x)
  PASS  std::isfinite(in.y)
  PASS  std::isfinite(in.x)
  PASS  std::isfinite(in.y)
  PASS  std::isfinite(in.x)
  PASS  std::isfinite(in.y)
  PASS  std::isfinite(in.x)
  PASS  std::isfinite(in.y)
  PASS  std::isfinite(in.x)
  PASS  std::isfinite(in.y)
  PASS  std::isfinite(in.x)
  PASS  std::isfinite(in.y)
  PASS  std::isfinite(in.x)
  PASS  std::isfinite(in.y)
  PASS  std::isfinite(in.x)
  PASS  std::isfinite(in.y)
  PASS  std::isfinite(in.x)
  PASS  std::isfinite(in.y)
  PASS  std::isfinite(in.x)
  PASS  std::isfinite(in.y)
  PASS  std::isfinite(in.x)
  PASS  std::isfinite(in.y)
  PASS  std::isfinite(in.x)
  PASS  std::isfinite(in.y)
  PASS  std::isfinite(in.x)
  PASS  std::isfinite(in.y)
  PASS  std::isfinite(in.x)
  PASS  std::isfinite(in.y)
  PASS  std::isfinite(in.x)
  PASS  std::isfinite(in.y)
  PASS  std::isfinite(in.x)
  PASS  std::isfinite(in.y)
  PASS  std::isfinite(in.x)
  PASS  std::isfinite(in.y)
  PASS  std::isfinite(in.x)
  PASS  std::isfinite(in.y)
  PASS  std::isfinite(in.x)
  PASS  std::isfinite(in.y)
  PASS  std::isfinite(in.x)
  PASS  std::isfinite(in.y)
  PASS  std::isfinite(in.x)
  PASS  std::isfinite(in.y)
  PASS  std::isfinite(in.x)
  PASS  std::isfinite(in.y)
  PASS  std::isfinite(in.x)
  PASS  std::isfinite(in.y)
  PASS  std::isfinite(in.x)
  PASS  std::isfinite(in.y)
  PASS  std::isfinite(in.x)
  PASS  std::isfinite(in.y)
  PASS  std::isfinite(in.x)
  PASS  std::isfinite(in.y)
  PASS  std::isfinite(in.x)
  PASS  std::isfinite(in.y)
  PASS  std::isfinite(in.x)
  PASS  std::isfinite(in.y)
  PASS  std::isfinite(in.x)
  PASS  std::isfinite(in.y)
  PASS  std::isfinite(in.x)
  PASS  std::isfinite(in.y)
  PASS  std::isfinite(in.x)
  PASS  std::isfinite(in.y)
  PASS  std::isfinite(in.x)
  PASS  std::isfinite(in.y)
  PASS  std::isfinite(in.x)
  PASS  std::isfinite(in.y)
  PASS  std::isfinite(in.x)
  PASS  std::isfinite(in.y)
  PASS  std::isfinite(in.x)
  PASS  std::isfinite(in.y)
  PASS  std::isfinite(in.x)
  PASS  std::isfinite(in.y)
  PASS  std::isfinite(in.x)
  PASS  std::isfinite(in.y)
  PASS  std::isfinite(in.x)
  PASS  std::isfinite(in.y)
  PASS  std::isfinite(in.x)
  PASS  std::isfinite(in.y)
  PASS  std::isfinite(in.x)
  PASS  std::isfinite(in.y)
  PASS  std::isfinite(in.x)
  PASS  std::isfinite(in.y)
  PASS  std::isfinite(in.x)
  PASS  std::isfinite(in.y)
  PASS  std::isfinite(in.x)
  PASS  std::isfinite(in.y)
  PASS  std::isfinite(in.x)
  PASS  std::isfinite(in.y)
  PASS  std::isfinite(in.x)
  PASS  std::isfinite(in.y)
  PASS  std::isfinite(in.x)
  PASS  std::isfinite(in.y)
  PASS  std::isfinite(in.x)
  PASS  std::isfinite(in.y)
  PASS  std::isfinite(in.x)
  PASS  std::isfinite(in.y)
  PASS  std::isfinite(in.x)
  PASS  std::isfinite(in.y)
  PASS  std::isfinite(in.x)
  PASS  std::isfinite(in.y)
  PASS  std::isfinite(in.x)
  PASS  std::isfinite(in.y)
  PASS  std::isfinite(in.x)
  PASS  std::isfinite(in.y)
  PASS  std::isfinite(in.x)
  PASS  std::isfinite(in.y)
  PASS  std::isfinite(in.x)
  PASS  std::isfinite(in.y)
  PASS  std::isfinite(in.x)
  PASS  std::isfinite(in.y)
  PASS  std::isfinite(in.x)
  PASS  std::isfinite(in.y)
  PASS  std::isfinite(in.x)
  PASS  std::isfinite(in.y)
  PASS  std::isfinite(in.x)
  PASS  std::isfinite(in.y)
  PASS  std::isfinite(in.x)
  PASS  std::isfinite(in.y)
  PASS  std::isfinite(in.x)
  PASS  std::isfinite(in.y)
  PASS  std::isfinite(in.x)
  PASS  std::isfinite(in.y)
  PASS  std::isfinite(in.x)
  PASS  std::isfinite(in.y)
  PASS  std::isfinite(in.x)
  PASS  std::isfinite(in.y)
  PASS  std::isfinite(in.x)
  PASS  std::isfinite(in.y)
  PASS  std::isfinite(in.x)
  PASS  std::isfinite(in.y)
  PASS  std::isfinite(in.x)
  PASS  std::isfinite(in.y)
  PASS  std::isfinite(in.x)
  PASS  std::isfinite(in.y)
  PASS  std::isfinite(in.x)
  PASS  std::isfinite(in.y)
  PASS  std::isfinite(in.x)
  PASS  std::isfinite(in.y)
  PASS  std::isfinite(in.x)
  PASS  std::isfinite(in.y)
  PASS  std::isfinite(in.x)
  PASS  std::isfinite(in.y)
  PASS  std::isfinite(in.x)
  PASS  std::isfinite(in.y)
  PASS  std::isfinite(in.x)
  PASS  std::isfinite(in.y)
  PASS  std::isfinite(in.x)
  PASS  std::isfinite(in.y)
  PASS  std::isfinite(in.x)
  PASS  std::isfinite(in.y)
  PASS  std::isfinite(in.x)
  PASS  std::isfinite(in.y)
  PASS  std::isfinite(in.x)
  PASS  std::isfinite(in.y)
  PASS  std::isfinite(in.x)
  PASS  std::isfinite(in.y)
  PASS  std::isfinite(in.x)
  PASS  std::isfinite(in.y)
  PASS  std::isfinite(in.x)
  PASS  std::isfinite(in.y)
  PASS  std::isfinite(in.x)
  PASS  std::isfinite(in.y)
  PASS  std::isfinite(in.x)
  PASS  std::isfinite(in.y)
  PASS  std::isfinite(in.x)
  PASS  std::isfinite(in.y)
  PASS  std::isfinite(in.x)
  PASS  std::isfinite(in.y)
  PASS  std::isfinite(in.x)
  PASS  std::isfinite(in.y)
  PASS  std::isfinite(in.x)
  PASS  std::isfinite(in.y)
  PASS  std::isfinite(in.x)
  PASS  std::isfinite(in.y)
  PASS  std::isfinite(in.x)
  PASS  std::isfinite(in.y)
  PASS  std::isfinite(in.x)
  PASS  std::isfinite(in.y)
  PASS  std::isfinite(in.x)
  PASS  std::isfinite(in.y)
  PASS  std::isfinite(in.x)
  PASS  std::isfinite(in.y)
  PASS  std::isfinite(in.x)
  PASS  std::isfinite(in.y)
  PASS  std::isfinite(in.x)
  PASS  std::isfinite(in.y)
  PASS  std::isfinite(in.x)
  PASS  std::isfinite(in.y)
  PASS  std::isfinite(in.x)
  PASS  std::isfinite(in.y)
  PASS  std::isfinite(in.x)
  PASS  std::isfinite(in.y)
  PASS  std::isfinite(in.x)
  PASS  std::isfinite(in.y)
  PASS  std::isfinite(in.x)
  PASS  std::isfinite(in.y)
  PASS  std::isfinite(in.x)
  PASS  std::isfinite(in.y)
  PASS  std::isfinite(in.x)
  PASS  std::isfinite(in.y)
  PASS  std::isfinite(in.x)
  PASS  std::isfinite(in.y)
  PASS  std::isfinite(in.x)
  PASS  std::isfinite(in.y)
  PASS  std::isfinite(in.x)
  PASS  std::isfinite(in.y)
  PASS  std::isfinite(in.x)
  PASS  std::isfinite(in.y)
  PASS  std::isfinite(in.x)
  PASS  std::isfinite(in.y)
  PASS  std::isfinite(in.x)
  PASS  std::isfinite(in.y)
  PASS  std::isfinite(in.x)
  PASS  std::isfinite(in.y)
  PASS  std::isfinite(in.x)
  PASS  std::isfinite(in.y)
  PASS  std::isfinite(in.x)
  PASS  std::isfinite(in.y)
  PASS  std::isfinite(in.x)
  PASS  std::isfinite(in.y)
  PASS  std::isfinite(in.x)
  PASS  std::isfinite(in.y)
  PASS  std::isfinite(in.x)
  PASS  std::isfinite(in.y)
  PASS  std::isfinite(in.x)
  PASS  std::isfinite(in.y)
  PASS  std::isfinite(in.x)
  PASS  std::isfinite(in.y)
  PASS  std::isfinite(in.x)
  PASS  std::isfinite(in.y)
  PASS  std::isfinite(in.x)
  PASS  std::isfinite(in.y)
  PASS  std::isfinite(in.x)
  PASS  std::isfinite(in.y)
  PASS  std::isfinite(in.x)
  PASS  std::isfinite(in.y)
  PASS  std::isfinite(in.x)
  PASS  std::isfinite(in.y)
  PASS  std::isfinite(in.x)
  PASS  std::isfinite(in.y)
  PASS  std::isfinite(in.x)
  PASS  std::isfinite(in.y)
  PASS  std::isfinite(in.x)
  PASS  std::isfinite(in.y)
  PASS  std::isfinite(in.x)
  PASS  std::isfinite(in.y)
  PASS  std::isfinite(in.x)
  PASS  std::isfinite(in.y)
  PASS  std::isfinite(in.x)
  PASS  std::isfinite(in.y)
  PASS  std::isfinite(in.x)
  PASS  std::isfinite(in.y)
  PASS  std::isfinite(in.x)
  PASS  std::isfinite(in.y)
  PASS  std::isfinite(in.x)
  PASS  std::isfinite(in.y)
  PASS  std::isfinite(in.x)
  PASS  std::isfinite(in.y)
  PASS  std::isfinite(in.x)
  PASS  std::isfinite(in.y)
  PASS  std::isfinite(in.x)
  PASS  std::isfinite(in.y)
  PASS  std::isfinite(in.x)
  PASS  std::isfinite(in.y)
  PASS  std::isfinite(in.x)
  PASS  std::isfinite(in.y)
  PASS  std::isfinite(in.x)
  PASS  std::isfinite(in.y)
  PASS  std::isfinite(in.x)
  PASS  std::isfinite(in.y)
  PASS  std::isfinite(in.x)
  PASS  std::isfinite(in.y)
  PASS  std::isfinite(in.x)
  PASS  std::isfinite(in.y)
  PASS  std::isfinite(in.x)
  PASS  std::isfinite(in.y)
  PASS  std::isfinite(in.x)
  PASS  std::isfinite(in.y)
  PASS  std::isfinite(in.x)
  PASS  std::isfinite(in.y)
  PASS  std::isfinite(in.x)
  PASS  std::isfinite(in.y)
  PASS  std::isfinite(in.x)
  PASS  std::isfinite(in.y)
  PASS  std::isfinite(in.x)
  PASS  std::isfinite(in.y)
  PASS  std::isfinite(in.x)
  PASS  std::isfinite(in.y)
  PASS  std::isfinite(in.x)
  PASS  std::isfinite(in.y)
  PASS  std::isfinite(in.x)
  PASS  std::isfinite(in.y)
  PASS  std::isfinite(in.x)
  PASS  std::isfinite(in.y)
  PASS  std::isfinite(in.x)
  PASS  std::isfinite(in.y)
  PASS  std::isfinite(in.x)
  PASS  std::isfinite(in.y)
  PASS  std::isfinite(in.x)
  PASS  std::isfinite(in.y)
  PASS  std::isfinite(in.x)
  PASS  std::isfinite(in.y)
  PASS  std::isfinite(in.x)
  PASS  std::isfinite(in.y)
  PASS  std::isfinite(in.x)
  PASS  std::isfinite(in.y)
  PASS  std::isfinite(in.x)
  PASS  std::isfinite(in.y)
  PASS  std::isfinite(in.x)
  PASS  std::isfinite(in.y)
  PASS  std::isfinite(in.x)
  PASS  std::isfinite(in.y)
  PASS  std::isfinite(in.x)
  PASS  std::isfinite(in.y)
  PASS  std::isfinite(in.x)
  PASS  std::isfinite(in.y)
  PASS  std::isfinite(in.x)
  PASS  std::isfinite(in.y)
  PASS  std::isfinite(in.x)
  PASS  std::isfinite(in.y)
  PASS  std::isfinite(in.x)
  PASS  std::isfinite(in.y)
  PASS  std::isfinite(in.x)
  PASS  std::isfinite(in.y)
  PASS  std::isfinite(in.x)
  PASS  std::isfinite(in.y)
  PASS  std::isfinite(in.x)
  PASS  std::isfinite(in.y)
  PASS  std::isfinite(in.x)
  PASS  std::isfinite(in.y)
  PASS  std::isfinite(in.x)
  PASS  std::isfinite(in.y)
  PASS  std::isfinite(in.x)
  PASS  std::isfinite(in.y)
  PASS  std::isfinite(in.x)
  PASS  std::isfinite(in.y)
  PASS  std::isfinite(in.x)
  PASS  std::isfinite(in.y)
  PASS  std::isfinite(in.x)
  PASS  std::isfinite(in.y)
  PASS  std::isfinite(in.x)
  PASS  std::isfinite(in.y)
  PASS  std::isfinite(in.x)
  PASS  std::isfinite(in.y)
  PASS  std::isfinite(in.x)
  PASS  std::isfinite(in.y)
  PASS  std::isfinite(in.x)
  PASS  std::isfinite(in.y)
  PASS  std::isfinite(in.x)
  PASS  std::isfinite(in.y)
  PASS  std::isfinite(in.x)
  PASS  std::isfinite(in.y)
  PASS  std::isfinite(in.x)
  PASS  std::isfinite(in.y)
  PASS  std::isfinite(in.x)
  PASS  std::isfinite(in.y)
  PASS  std::isfinite(in.x)
  PASS  std::isfinite(in.y)
  PASS  std::isfinite(in.x)
  PASS  std::isfinite(in.y)
  PASS  std::isfinite(in.x)
  PASS  std::isfinite(in.y)
  PASS  std::isfinite(in.x)
  PASS  std::isfinite(in.y)
  PASS  std::isfinite(in.x)
  PASS  std::isfinite(in.y)
  PASS  std::isfinite(in.x)
  PASS  std::isfinite(in.y)
  PASS  std::isfinite(in.x)
  PASS  std::isfinite(in.y)
  PASS  std::isfinite(in.x)
  PASS  std::isfinite(in.y)
  PASS  std::isfinite(in.x)
  PASS  std::isfinite(in.y)
  PASS  std::isfinite(in.x)
  PASS  std::isfinite(in.y)
  PASS  std::isfinite(in.x)
  PASS  std::isfinite(in.y)
  PASS  std::isfinite(in.x)
  PASS  std::isfinite(in.y)
  PASS  std::isfinite(in.x)
  PASS  std::isfinite(in.y)
  PASS  std::isfinite(in.x)
  PASS  std::isfinite(in.y)
  PASS  std::isfinite(in.x)
  PASS  std::isfinite(in.y)
  PASS  std::isfinite(in.x)
  PASS  std::isfinite(in.y)
  PASS  std::isfinite(in.x)
  PASS  std::isfinite(in.y)
  PASS  std::isfinite(in.x)
  PASS  std::isfinite(in.y)
  PASS  std::isfinite(in.x)
  PASS  std::isfinite(in.y)
  PASS  std::isfinite(in.x)
  PASS  std::isfinite(in.y)
  PASS  std::isfinite(in.x)
  PASS  std::isfinite(in.y)
  PASS  std::isfinite(in.x)
  PASS  std::isfinite(in.y)
  PASS  std::isfinite(in.x)
  PASS  std::isfinite(in.y)
  PASS  std::isfinite(in.x)
  PASS  std::isfinite(in.y)
  PASS  std::isfinite(in.x)
  PASS  std::isfinite(in.y)
  PASS  std::isfinite(in.x)
  PASS  std::isfinite(in.y)
  PASS  std::isfinite(in.x)
  PASS  std::isfinite(in.y)
  PASS  std::isfinite(in.x)
  PASS  std::isfinite(in.y)
  PASS  std::isfinite(in.x)
  PASS  std::isfinite(in.y)
  PASS  std::isfinite(in.x)
  PASS  std::isfinite(in.y)
  PASS  std::isfinite(in.x)
  PASS  std::isfinite(in.y)
  PASS  std::isfinite(in.x)
  PASS  std::isfinite(in.y)
  PASS  std::isfinite(in.x)
  PASS  std::isfinite(in.y)
  PASS  std::isfinite(in.x)
  PASS  std::isfinite(in.y)
  PASS  std::isfinite(in.x)
  PASS  std::isfinite(in.y)
  PASS  std::isfinite(in.x)
  PASS  std::isfinite(in.y)
  PASS  std::isfinite(in.x)
  PASS  std::isfinite(in.y)
  PASS  std::isfinite(in.x)
  PASS  std::isfinite(in.y)
  PASS  std::isfinite(in.x)
  PASS  std::isfinite(in.y)
  PASS  std::isfinite(in.x)
  PASS  std::isfinite(in.y)
  PASS  std::isfinite(in.x)
  PASS  std::isfinite(in.y)
  PASS  std::isfinite(in.x)
  PASS  std::isfinite(in.y)
  PASS  std::isfinite(in.x)
  PASS  std::isfinite(in.y)
  PASS  std::isfinite(in.x)
  PASS  std::isfinite(in.y)
  PASS  std::isfinite(in.x)
  PASS  std::isfinite(in.y)
  PASS  std::isfinite(in.x)
  PASS  std::isfinite(in.y)
  PASS  std::isfinite(in.x)
  PASS  std::isfinite(in.y)
  PASS  std::isfinite(in.x)
  PASS  std::isfinite(in.y)
  PASS  std::isfinite(in.x)
  PASS  std::isfinite(in.y)
  PASS  std::isfinite(in.x)
  PASS  std::isfinite(in.y)
  PASS  std::isfinite(in.x)
  PASS  std::isfinite(in.y)
  PASS  std::isfinite(in.x)
  PASS  std::isfinite(in.y)
  PASS  std::isfinite(in.x)
  PASS  std::isfinite(in.y)
  PASS  std::isfinite(in.x)
  PASS  std::isfinite(in.y)
  PASS  std::isfinite(in.x)
  PASS  std::isfinite(in.y)
  PASS  std::isfinite(in.x)
  PASS  std::isfinite(in.y)
  PASS  std::isfinite(in.x)
  PASS  std::isfinite(in.y)
  PASS  std::isfinite(in.x)
  PASS  std::isfinite(in.y)
  PASS  std::isfinite(in.x)
  PASS  std::isfinite(in.y)
  PASS  std::isfinite(in.x)
  PASS  std::isfinite(in.y)
  PASS  std::isfinite(in.x)
  PASS  std::isfinite(in.y)
  PASS  std::isfinite(in.x)
  PASS  std::isfinite(in.y)
  PASS  std::isfinite(in.x)
  PASS  std::isfinite(in.y)
  PASS  std::isfinite(in.x)
  PASS  std::isfinite(in.y)
  PASS  std::isfinite(in.x)
  PASS  std::isfinite(in.y)
  PASS  std::isfinite(in.x)
  PASS  std::isfinite(in.y)
  PASS  std::isfinite(in.x)
  PASS  std::isfinite(in.y)
  PASS  std::isfinite(in.x)
  PASS  std::isfinite(in.y)
  PASS  std::isfinite(in.x)
  PASS  std::isfinite(in.y)
  PASS  std::isfinite(in.x)
  PASS  std::isfinite(in.y)
  PASS  std::isfinite(in.x)
  PASS  std::isfinite(in.y)
  PASS  std::isfinite(in.x)
  PASS  std::isfinite(in.y)
  PASS  std::isfinite(in.x)
  PASS  std::isfinite(in.y)
  PASS  std::isfinite(in.x)
  PASS  std::isfinite(in.y)
  PASS  std::isfinite(in.x)
  PASS  std::isfinite(in.y)
  PASS  std::isfinite(in.x)
  PASS  std::isfinite(in.y)
  PASS  std::isfinite(in.x)
  PASS  std::isfinite(in.y)
  PASS  std::isfinite(in.x)
  PASS  std::isfinite(in.y)
  PASS  std::isfinite(in.x)
  PASS  std::isfinite(in.y)
  PASS  std::isfinite(in.x)
  PASS  std::isfinite(in.y)
  PASS  std::isfinite(in.x)
  PASS  std::isfinite(in.y)
  PASS  std::isfinite(in.x)
  PASS  std::isfinite(in.y)
  PASS  std::isfinite(in.x)
  PASS  std::isfinite(in.y)
  PASS  std::isfinite(in.x)
  PASS  std::isfinite(in.y)
  PASS  std::isfinite(in.x)
  PASS  std::isfinite(in.y)
  PASS  std::isfinite(in.x)
  PASS  std::isfinite(in.y)
  PASS  std::isfinite(in.x)
  PASS  std::isfinite(in.y)
  PASS  std::isfinite(in.x)
  PASS  std::isfinite(in.y)
  PASS  std::isfinite(in.x)
  PASS  std::isfinite(in.y)
  PASS  std::isfinite(in.x)
  PASS  std::isfinite(in.y)
  PASS  std::isfinite(in.x)
  PASS  std::isfinite(in.y)
  PASS  std::isfinite(in.x)
  PASS  std::isfinite(in.y)
  PASS  std::isfinite(in.x)
  PASS  std::isfinite(in.y)
  PASS  std::isfinite(in.x)
  PASS  std::isfinite(in.y)
  PASS  std::isfinite(in.x)
  PASS  std::isfinite(in.y)
  PASS  std::isfinite(in.x)
  PASS  std::isfinite(in.y)
  PASS  std::isfinite(in.x)
  PASS  std::isfinite(in.y)
  PASS  std::isfinite(in.x)
  PASS  std::isfinite(in.y)
  PASS  std::isfinite(in.x)
  PASS  std::isfinite(in.y)
  PASS  std::isfinite(in.x)
  PASS  std::isfinite(in.y)
  PASS  std::isfinite(in.x)
  PASS  std::isfinite(in.y)
  PASS  std::isfinite(in.x)
  PASS  std::isfinite(in.y)
  PASS  std::isfinite(in.x)
  PASS  std::isfinite(in.y)
  PASS  std::isfinite(in.x)
  PASS  std::isfinite(in.y)
  PASS  std::isfinite(in.x)
  PASS  std::isfinite(in.y)
  PASS  std::isfinite(in.x)
  PASS  std::isfinite(in.y)
  PASS  std::isfinite(in.x)
  PASS  std::isfinite(in.y)
  PASS  std::isfinite(in.x)
  PASS  std::isfinite(in.y)
  PASS  std::isfinite(in.x)
  PASS  std::isfinite(in.y)
  PASS  std::isfinite(in.x)
  PASS  std::isfinite(in.y)
  PASS  std::isfinite(in.x)
  PASS  std::isfinite(in.y)
  PASS  std::isfinite(in.x)
  PASS  std::isfinite(in.y)
  PASS  std::isfinite(in.x)
  PASS  std::isfinite(in.y)
  PASS  std::isfinite(in.x)
  PASS  std::isfinite(in.y)
  PASS  std::isfinite(in.x)
  PASS  std::isfinite(in.y)
  PASS  std::isfinite(in.x)
  PASS  std::isfinite(in.y)
  PASS  std::isfinite(in.x)
  PASS  std::isfinite(in.y)
  PASS  std::isfinite(in.x)
  PASS  std::isfinite(in.y)
  PASS  std::isfinite(in.x)
  PASS  std::isfinite(in.y)
  PASS  std::isfinite(in.x)
  PASS  std::isfinite(in.y)
  PASS  std::isfinite(in.x)
  PASS  std::isfinite(in.y)
  PASS  std::isfinite(in.x)
  PASS  std::isfinite(in.y)
  PASS  std::isfinite(in.x)
  PASS  std::isfinite(in.y)
  PASS  std::isfinite(in.x)
  PASS  std::isfinite(in.y)
  PASS  std::isfinite(in.x)
  PASS  std::isfinite(in.y)
  PASS  std::isfinite(in.x)
  PASS  std::isfinite(in.y)
  PASS  std::isfinite(in.x)
  PASS  std::isfinite(in.y)
  PASS  std::isfinite(in.x)
  PASS  std::isfinite(in.y)
  PASS  std::isfinite(in.x)
  PASS  std::isfinite(in.y)
  PASS  std::isfinite(in.x)
  PASS  std::isfinite(in.y)
  PASS  std::isfinite(in.x)
  PASS  std::isfinite(in.y)
  PASS  std::isfinite(in.x)
  PASS  std::isfinite(in.y)
  PASS  std::isfinite(in.x)
  PASS  std::isfinite(in.y)
  PASS  std::isfinite(in.x)
  PASS  std::isfinite(in.y)
  PASS  std::isfinite(in.x)
  PASS  std::isfinite(in.y)
  PASS  std::isfinite(in.x)
  PASS  std::isfinite(in.y)
  PASS  std::isfinite(in.x)
  PASS  std::isfinite(in.y)
  PASS  std::isfinite(in.x)
  PASS  std::isfinite(in.y)
  PASS  std::isfinite(in.x)
  PASS  std::isfinite(in.y)
  PASS  std::isfinite(in.x)
  PASS  std::isfinite(in.y)
  PASS  std::isfinite(in.x)
  PASS  std::isfinite(in.y)
  PASS  std::isfinite(in.x)
  PASS  std::isfinite(in.y)
  PASS  std::isfinite(in.x)
  PASS  std::isfinite(in.y)
  PASS  std::isfinite(in.x)
  PASS  std::isfinite(in.y)
  PASS  std::isfinite(in.x)
  PASS  std::isfinite(in.y)
  PASS  std::isfinite(in.x)
  PASS  std::isfinite(in.y)
  PASS  std::isfinite(in.x)
  PASS  std::isfinite(in.y)
  PASS  std::isfinite(in.x)
  PASS  std::isfinite(in.y)
  PASS  std::isfinite(in.x)
  PASS  std::isfinite(in.y)
  PASS  std::isfinite(in.x)
  PASS  std::isfinite(in.y)
  PASS  std::isfinite(in.x)
  PASS  std::isfinite(in.y)
  PASS  std::isfinite(in.x)
  PASS  std::isfinite(in.y)
  PASS  std::isfinite(in.x)
  PASS  std::isfinite(in.y)
  PASS  std::isfinite(in.x)
  PASS  std::isfinite(in.y)
  PASS  std::isfinite(in.x)
  PASS  std::isfinite(in.y)
  PASS  std::isfinite(in.x)
  PASS  std::isfinite(in.y)
  PASS  std::isfinite(in.x)
  PASS  std::isfinite(in.y)
  PASS  std::isfinite(in.x)
  PASS  std::isfinite(in.y)
  PASS  std::isfinite(in.x)
  PASS  std::isfinite(in.y)
  PASS  std::isfinite(in.x)
  PASS  std::isfinite(in.y)
  PASS  std::isfinite(in.x)
  PASS  std::isfinite(in.y)
  PASS  std::isfinite(in.x)
  PASS  std::isfinite(in.y)
  PASS  std::isfinite(in.x)
  PASS  std::isfinite(in.y)
  PASS  std::isfinite(in.x)
  PASS  std::isfinite(in.y)
  PASS  std::isfinite(in.x)
  PASS  std::isfinite(in.y)
  PASS  std::isfinite(in.x)
  PASS  std::isfinite(in.y)
  PASS  std::isfinite(in.x)
  PASS  std::isfinite(in.y)
  PASS  std::isfinite(in.x)
  PASS  std::isfinite(in.y)
  PASS  std::isfinite(in.x)
  PASS  std::isfinite(in.y)
  PASS  std::isfinite(in.x)
  PASS  std::isfinite(in.y)
  PASS  std::isfinite(in.x)
  PASS  std::isfinite(in.y)
  PASS  std::isfinite(in.x)
  PASS  std::isfinite(in.y)
  PASS  std::isfinite(in.x)
  PASS  std::isfinite(in.y)
  PASS  std::isfinite(in.x)
  PASS  std::isfinite(in.y)
  PASS  std::isfinite(in.x)
  PASS  std::isfinite(in.y)
  PASS  std::isfinite(in.x)
  PASS  std::isfinite(in.y)
  PASS  std::isfinite(in.x)
  PASS  std::isfinite(in.y)
  PASS  std::isfinite(in.x)
  PASS  std::isfinite(in.y)
  PASS  std::isfinite(in.x)
  PASS  std::isfinite(in.y)
  PASS  std::isfinite(in.x)
  PASS  std::isfinite(in.y)
  PASS  std::isfinite(in.x)
  PASS  std::isfinite(in.y)
  PASS  std::isfinite(in.x)
  PASS  std::isfinite(in.y)
  PASS  std::isfinite(in.x)
  PASS  std::isfinite(in.y)
  PASS  std::isfinite(in.x)
  PASS  std::isfinite(in.y)
  PASS  std::isfinite(in.x)
  PASS  std::isfinite(in.y)
  PASS  std::isfinite(in.x)
  PASS  std::isfinite(in.y)
  PASS  std::isfinite(in.x)
  PASS  std::isfinite(in.y)
  PASS  std::isfinite(in.x)
  PASS  std::isfinite(in.y)
  PASS  std::isfinite(in.x)
  PASS  std::isfinite(in.y)
  PASS  std::isfinite(in.x)
  PASS  std::isfinite(in.y)
  PASS  std::isfinite(in.x)
  PASS  std::isfinite(in.y)
  PASS  std::isfinite(in.x)
  PASS  std::isfinite(in.y)
  PASS  std::isfinite(in.x)
  PASS  std::isfinite(in.y)
  PASS  std::isfinite(in.x)
  PASS  std::isfinite(in.y)
  PASS  std::isfinite(in.x)
  PASS  std::isfinite(in.y)
  PASS  std::isfinite(in.x)
  PASS  std::isfinite(in.y)
  PASS  std::isfinite(in.x)
  PASS  std::isfinite(in.y)
  PASS  std::isfinite(in.x)
  PASS  std::isfinite(in.y)
  PASS  std::isfinite(in.x)
  PASS  std::isfinite(in.y)
  PASS  std::isfinite(in.x)
  PASS  std::isfinite(in.y)
  PASS  std::isfinite(in.x)
  PASS  std::isfinite(in.y)
  PASS  std::isfinite(in.x)
  PASS  std::isfinite(in.y)
  PASS  std::isfinite(in.x)
  PASS  std::isfinite(in.y)
  PASS  std::isfinite(in.x)
  PASS  std::isfinite(in.y)
  PASS  std::isfinite(in.x)
  PASS  std::isfinite(in.y)
  PASS  std::isfinite(in.x)
  PASS  std::isfinite(in.y)
  PASS  std::isfinite(in.x)
  PASS  std::isfinite(in.y)
  PASS  std::isfinite(in.x)
  PASS  std::isfinite(in.y)
  PASS  std::isfinite(in.x)
  PASS  std::isfinite(in.y)
  PASS  std::isfinite(in.x)
  PASS  std::isfinite(in.y)
  PASS  std::isfinite(in.x)
  PASS  std::isfinite(in.y)
  PASS  std::isfinite(in.x)
  PASS  std::isfinite(in.y)
  PASS  std::isfinite(in.x)
  PASS  std::isfinite(in.y)
  PASS  std::isfinite(in.x)
  PASS  std::isfinite(in.y)
  PASS  std::isfinite(in.x)
  PASS  std::isfinite(in.y)
  PASS  std::isfinite(in.x)
  PASS  std::isfinite(in.y)
  PASS  std::isfinite(in.x)
  PASS  std::isfinite(in.y)
  PASS  std::isfinite(in.x)
  PASS  std::isfinite(in.y)
  PASS  std::isfinite(in.x)
  PASS  std::isfinite(in.y)
  PASS  std::isfinite(in.x)
  PASS  std::isfinite(in.y)
  PASS  std::isfinite(in.x)
  PASS  std::isfinite(in.y)
  PASS  std::isfinite(in.x)
  PASS  std::isfinite(in.y)
  PASS  std::isfinite(in.x)
  PASS  std::isfinite(in.y)
  PASS  std::isfinite(in.x)
  PASS  std::isfinite(in.y)
  PASS  std::isfinite(in.x)
  PASS  std::isfinite(in.y)
  PASS  std::isfinite(in.x)
  PASS  std::isfinite(in.y)
  PASS  std::isfinite(in.x)
  PASS  std::isfinite(in.y)
  PASS  std::isfinite(in.x)
  PASS  std::isfinite(in.y)
  PASS  std::isfinite(in.x)
  PASS  std::isfinite(in.y)
  PASS  std::isfinite(in.x)
  PASS  std::isfinite(in.y)
  PASS  std::isfinite(in.x)
  PASS  std::isfinite(in.y)
  PASS  std::isfinite(in.x)
  PASS  std::isfinite(in.y)
  PASS  std::isfinite(in.x)
  PASS  std::isfinite(in.y)
  PASS  std::isfinite(in.x)
  PASS  std::isfinite(in.y)
  PASS  std::isfinite(in.x)
  PASS  std::isfinite(in.y)
  PASS  std::isfinite(in.x)
  PASS  std::isfinite(in.y)
  PASS  std::isfinite(in.x)
  PASS  std::isfinite(in.y)
  PASS  std::isfinite(in.x)
  PASS  std::isfinite(in.y)
  PASS  std::isfinite(in.x)
  PASS  std::isfinite(in.y)
  PASS  std::isfinite(in.x)
  PASS  std::isfinite(in.y)
  PASS  std::isfinite(in.x)
  PASS  std::isfinite(in.y)
  PASS  std::isfinite(in.x)
  PASS  std::isfinite(in.y)
  PASS  std::isfinite(in.x)
  PASS  std::isfinite(in.y)
  PASS  std::isfinite(in.x)
  PASS  std::isfinite(in.y)
  PASS  std::isfinite(in.x)
  PASS  std::isfinite(in.y)
  PASS  std::isfinite(in.x)
  PASS  std::isfinite(in.y)
  PASS  std::isfinite(in.x)
  PASS  std::isfinite(in.y)
  PASS  std::isfinite(in.x)
  PASS  std::isfinite(in.y)
  PASS  std::isfinite(in.x)
  PASS  std::isfinite(in.y)
  PASS  std::isfinite(in.x)
  PASS  std::isfinite(in.y)
  PASS  std::isfinite(in.x)
  PASS  std::isfinite(in.y)
  PASS  std::isfinite(in.x)
  PASS  std::isfinite(in.y)
  PASS  std::isfinite(in.x)
  PASS  std::isfinite(in.y)
  PASS  std::isfinite(in.x)
  PASS  std::isfinite(in.y)
  PASS  std::isfinite(in.x)
  PASS  std::isfinite(in.y)
  PASS  std::isfinite(in.x)
  PASS  std::isfinite(in.y)
  PASS  std::isfinite(in.x)
  PASS  std::isfinite(in.y)
  PASS  std::isfinite(in.x)
  PASS  std::isfinite(in.y)
  PASS  std::isfinite(in.x)
  PASS  std::isfinite(in.y)
  PASS  std::isfinite(in.x)
  PASS  std::isfinite(in.y)
  PASS  std::isfinite(in.x)
  PASS  std::isfinite(in.y)
  PASS  std::isfinite(in.x)
  PASS  std::isfinite(in.y)
  PASS  std::isfinite(in.x)
  PASS  std::isfinite(in.y)
  PASS  std::isfinite(in.x)
  PASS  std::isfinite(in.y)
  PASS  std::isfinite(in.x)
  PASS  std::isfinite(in.y)
  PASS  std::isfinite(in.x)
  PASS  std::isfinite(in.y)
  PASS  std::isfinite(in.x)
  PASS  std::isfinite(in.y)
  PASS  std::isfinite(in.x)
  PASS  std::isfinite(in.y)
  PASS  std::isfinite(in.x)
  PASS  std::isfinite(in.y)
  PASS  std::isfinite(in.x)
  PASS  std::isfinite(in.y)
  PASS  std::isfinite(in.x)
  PASS  std::isfinite(in.y)
  PASS  std::isfinite(in.x)
  PASS  std::isfinite(in.y)
  PASS  std::isfinite(in.x)
  PASS  std::isfinite(in.y)
  PASS  std::isfinite(in.x)
  PASS  std::isfinite(in.y)
  PASS  std::isfinite(in.x)
  PASS  std::isfinite(in.y)
  PASS  std::isfinite(in.x)
  PASS  std::isfinite(in.y)
  PASS  std::isfinite(in.x)
  PASS  std::isfinite(in.y)
  PASS  std::isfinite(in.x)
  PASS  std::isfinite(in.y)
  PASS  std::isfinite(in.x)
  PASS  std::isfinite(in.y)
  PASS  std::isfinite(in.x)
  PASS  std::isfinite(in.y)
  PASS  std::isfinite(in.x)
  PASS  std::isfinite(in.y)
  PASS  std::isfinite(in.x)
  PASS  std::isfinite(in.y)
  PASS  std::isfinite(in.x)
  PASS  std::isfinite(in.y)
  PASS  std::isfinite(in.x)
  PASS  std::isfinite(in.y)
  PASS  std::isfinite(in.x)
  PASS  std::isfinite(in.y)
  PASS  std::isfinite(in.x)
  PASS  std::isfinite(in.y)
  PASS  std::isfinite(in.x)
  PASS  std::isfinite(in.y)
  PASS  std::isfinite(in.x)
  PASS  std::isfinite(in.y)
  PASS  std::isfinite(in.x)
  PASS  std::isfinite(in.y)
  PASS  std::isfinite(in.x)
  PASS  std::isfinite(in.y)
  PASS  std::isfinite(in.x)
  PASS  std::isfinite(in.y)
  PASS  std::isfinite(in.x)
  PASS  std::isfinite(in.y)
  PASS  std::isfinite(in.x)
  PASS  std::isfinite(in.y)
  PASS  std::isfinite(in.x)
  PASS  std::isfinite(in.y)
  PASS  std::isfinite(in.x)
  PASS  std::isfinite(in.y)
  PASS  std::isfinite(in.x)
  PASS  std::isfinite(in.y)
  PASS  std::isfinite(in.x)
  PASS  std::isfinite(in.y)
  PASS  std::isfinite(in.x)
  PASS  std::isfinite(in.y)
  PASS  std::isfinite(in.x)
  PASS  std::isfinite(in.y)
  PASS  std::isfinite(in.x)
  PASS  std::isfinite(in.y)
  PASS  std::isfinite(in.x)
  PASS  std::isfinite(in.y)
  PASS  std::isfinite(in.x)
  PASS  std::isfinite(in.y)
  PASS  std::isfinite(in.x)
  PASS  std::isfinite(in.y)
  PASS  std::isfinite(in.x)
  PASS  std::isfinite(in.y)
  PASS  std::isfinite(in.x)
  PASS  std::isfinite(in.y)
  PASS  std::isfinite(in.x)
  PASS  std::isfinite(in.y)
  PASS  std::isfinite(in.x)
  PASS  std::isfinite(in.y)
  PASS  std::isfinite(in.x)
  PASS  std::isfinite(in.y)
  PASS  std::isfinite(in.x)
  PASS  std::isfinite(in.y)
  PASS  std::isfinite(in.x)
  PASS  std::isfinite(in.y)
  PASS  std::isfinite(in.x)
  PASS  std::isfinite(in.y)
  PASS  std::isfinite(in.x)
  PASS  std::isfinite(in.y)
  PASS  std::isfinite(in.x)
  PASS  std::isfinite(in.y)
  PASS  std::isfinite(in.x)
  PASS  std::isfinite(in.y)
  PASS  std::isfinite(in.x)
  PASS  std::isfinite(in.y)
  PASS  std::isfinite(in.x)
  PASS  std::isfinite(in.y)
  PASS  std::isfinite(in.x)
  PASS  std::isfinite(in.y)
  PASS  std::isfinite(in.x)
  PASS  std::isfinite(in.y)
  PASS  std::isfinite(in.x)
  PASS  std::isfinite(in.y)
  PASS  std::isfinite(in.x)
  PASS  std::isfinite(in.y)
  PASS  std::isfinite(in.x)
  PASS  std::isfinite(in.y)
  PASS  std::isfinite(in.x)
  PASS  std::isfinite(in.y)
  PASS  std::isfinite(in.x)
  PASS  std::isfinite(in.y)
  PASS  std::isfinite(in.x)
  PASS  std::isfinite(in.y)
  PASS  std::isfinite(in.x)
  PASS  std::isfinite(in.y)
  PASS  std::isfinite(in.x)
  PASS  std::isfinite(in.y)
  PASS  std::isfinite(in.x)
  PASS  std::isfinite(in.y)
  PASS  std::isfinite(in.x)
  PASS  std::isfinite(in.y)
  PASS  std::isfinite(in.x)
  PASS  std::isfinite(in.y)
  PASS  std::isfinite(in.x)
  PASS  std::isfinite(in.y)
  PASS  std::isfinite(in.x)
  PASS  std::isfinite(in.y)
  PASS  std::isfinite(in.x)
  PASS  std::isfinite(in.y)
  PASS  std::isfinite(in.x)
  PASS  std::isfinite(in.y)
  PASS  std::isfinite(in.x)
  PASS  std::isfinite(in.y)
  PASS  std::isfinite(in.x)
  PASS  std::isfinite(in.y)
  PASS  std::isfinite(in.x)
  PASS  std::isfinite(in.y)
  PASS  std::isfinite(in.x)
  PASS  std::isfinite(in.y)
  PASS  std::isfinite(in.x)
  PASS  std::isfinite(in.y)
  PASS  std::isfinite(in.x)
  PASS  std::isfinite(in.y)
  PASS  std::isfinite(in.x)
  PASS  std::isfinite(in.y)
  PASS  std::isfinite(in.x)
  PASS  std::isfinite(in.y)
  PASS  std::isfinite(in.x)
  PASS  std::isfinite(in.y)
  PASS  std::isfinite(in.x)
  PASS  std::isfinite(in.y)
  PASS  std::isfinite(in.x)
  PASS  std::isfinite(in.y)
  PASS  std::isfinite(in.x)
  PASS  std::isfinite(in.y)
  PASS  std::isfinite(in.x)
  PASS  std::isfinite(in.y)
  PASS  std::isfinite(in.x)
  PASS  std::isfinite(in.y)
  PASS  std::isfinite(in.x)
  PASS  std::isfinite(in.y)
  PASS  std::isfinite(in.x)
  PASS  std::isfinite(in.y)
  PASS  std::isfinite(in.x)
  PASS  std::isfinite(in.y)
  PASS  std::isfinite(in.x)
  PASS  std::isfinite(in.y)
  PASS  std::isfinite(in.x)
  PASS  std::isfinite(in.y)
  PASS  std::isfinite(in.x)
  PASS  std::isfinite(in.y)
  PASS  std::isfinite(in.x)
  PASS  std::isfinite(in.y)
  PASS  std::isfinite(in.x)
  PASS  std::isfinite(in.y)
  PASS  std::isfinite(in.x)
  PASS  std::isfinite(in.y)
  PASS  std::isfinite(in.x)
  PASS  std::isfinite(in.y)
  PASS  std::isfinite(in.x)
  PASS  std::isfinite(in.y)
  PASS  std::isfinite(in.x)
  PASS  std::isfinite(in.y)
  PASS  std::isfinite(in.x)
  PASS  std::isfinite(in.y)
  PASS  std::isfinite(in.x)
  PASS  std::isfinite(in.y)
  PASS  std::isfinite(in.x)
  PASS  std::isfinite(in.y)
  PASS  std::isfinite(in.x)
  PASS  std::isfinite(in.y)
  PASS  std::isfinite(in.x)
  PASS  std::isfinite(in.y)
  PASS  std::isfinite(in.x)
  PASS  std::isfinite(in.y)
  PASS  std::isfinite(in.x)
  PASS  std::isfinite(in.y)
  PASS  std::isfinite(in.x)
  PASS  std::isfinite(in.y)
  PASS  std::isfinite(in.x)
  PASS  std::isfinite(in.y)
  PASS  std::isfinite(in.x)
  PASS  std::isfinite(in.y)
  PASS  std::isfinite(in.x)
  PASS  std::isfinite(in.y)
  PASS  std::isfinite(in.x)
  PASS  std::isfinite(in.y)
  PASS  std::isfinite(in.x)
  PASS  std::isfinite(in.y)
  PASS  std::isfinite(in.x)
  PASS  std::isfinite(in.y)
  PASS  std::isfinite(in.x)
  PASS  std::isfinite(in.y)
  PASS  std::isfinite(in.x)
  PASS  std::isfinite(in.y)
  PASS  std::isfinite(in.x)
  PASS  std::isfinite(in.y)
  PASS  std::isfinite(in.x)
  PASS  std::isfinite(in.y)
  PASS  std::isfinite(in.x)
  PASS  std::isfinite(in.y)
  PASS  std::isfinite(in.x)
  PASS  std::isfinite(in.y)
  PASS  std::isfinite(in.x)
  PASS  std::isfinite(in.y)
  PASS  std::isfinite(in.x)
  PASS  std::isfinite(in.y)
  PASS  std::isfinite(in.x)
  PASS  std::isfinite(in.y)
  PASS  std::isfinite(in.x)
  PASS  std::isfinite(in.y)
  PASS  std::isfinite(in.x)
  PASS  std::isfinite(in.y)
  PASS  std::isfinite(in.x)
  PASS  std::isfinite(in.y)
  PASS  std::isfinite(in.x)
  PASS  std::isfinite(in.y)
  PASS  std::isfinite(in.x)
  PASS  std::isfinite(in.y)
  PASS  std::isfinite(in.x)
  PASS  std::isfinite(in.y)
  PASS  std::isfinite(in.x)
  PASS  std::isfinite(in.y)
  PASS  std::isfinite(in.x)
  PASS  std::isfinite(in.y)
  PASS  std::isfinite(in.x)
  PASS  std::isfinite(in.y)
  PASS  std::isfinite(in.x)
  PASS  std::isfinite(in.y)
  PASS  std::isfinite(in.x)
  PASS  std::isfinite(in.y)
  PASS  std::isfinite(in.x)
  PASS  std::isfinite(in.y)
  PASS  std::isfinite(in.x)
  PASS  std::isfinite(in.y)
  PASS  std::isfinite(in.x)
  PASS  std::isfinite(in.y)
  PASS  std::isfinite(in.x)
  PASS  std::isfinite(in.y)
  PASS  std::isfinite(in.x)
  PASS  std::isfinite(in.y)
  PASS  std::isfinite(in.x)
  PASS  std::isfinite(in.y)
  PASS  std::isfinite(in.x)
  PASS  std::isfinite(in.y)
  PASS  std::isfinite(in.x)
  PASS  std::isfinite(in.y)
  PASS  std::isfinite(in.x)
  PASS  std::isfinite(in.y)
  PASS  std::isfinite(in.x)
  PASS  std::isfinite(in.y)
  PASS  std::isfinite(in.x)
  PASS  std::isfinite(in.y)
  PASS  std::isfinite(in.x)
  PASS  std::isfinite(in.y)
  PASS  std::isfinite(in.x)
  PASS  std::isfinite(in.y)
  PASS  std::isfinite(in.x)
  PASS  std::isfinite(in.y)
  PASS  std::isfinite(in.x)
  PASS  std::isfinite(in.y)
  PASS  std::isfinite(in.x)
  PASS  std::isfinite(in.y)
  PASS  std::isfinite(in.x)
  PASS  std::isfinite(in.y)
  PASS  std::isfinite(in.x)
  PASS  std::isfinite(in.y)
  PASS  std::isfinite(in.x)
  PASS  std::isfinite(in.y)
  PASS  std::isfinite(in.x)
  PASS  std::isfinite(in.y)
  PASS  std::isfinite(in.x)
  PASS  std::isfinite(in.y)
  PASS  std::isfinite(in.x)
  PASS  std::isfinite(in.y)
  PASS  std::isfinite(in.x)
  PASS  std::isfinite(in.y)
  PASS  std::isfinite(in.x)
  PASS  std::isfinite(in.y)
  PASS  std::isfinite(in.x)
  PASS  std::isfinite(in.y)
  PASS  std::isfinite(in.x)
  PASS  std::isfinite(in.y)
  PASS  std::isfinite(in.x)
  PASS  std::isfinite(in.y)
  PASS  std::isfinite(in.x)
  PASS  std::isfinite(in.y)
  PASS  std::isfinite(in.x)
  PASS  std::isfinite(in.y)
  PASS  std::isfinite(in.x)
  PASS  std::isfinite(in.y)
  PASS  std::isfinite(in.x)
  PASS  std::isfinite(in.y)
  PASS  std::isfinite(in.x)
  PASS  std::isfinite(in.y)
  PASS  std::isfinite(in.x)
  PASS  std::isfinite(in.y)
  PASS  std::isfinite(in.x)
  PASS  std::isfinite(in.y)
  PASS  std::isfinite(in.x)
  PASS  std::isfinite(in.y)
  PASS  std::isfinite(in.x)
  PASS  std::isfinite(in.y)
  PASS  std::isfinite(in.x)
  PASS  std::isfinite(in.y)
  PASS  std::isfinite(in.x)
  PASS  std::isfinite(in.y)
  PASS  std::isfinite(in.x)
  PASS  std::isfinite(in.y)
  PASS  std::isfinite(in.x)
  PASS  std::isfinite(in.y)
  PASS  std::isfinite(in.x)
  PASS  std::isfinite(in.y)
  PASS  std::isfinite(in.x)
  PASS  std::isfinite(in.y)
  PASS  std::isfinite(in.x)
  PASS  std::isfinite(in.y)
  PASS  std::isfinite(in.x)
  PASS  std::isfinite(in.y)
  PASS  std::isfinite(in.x)
  PASS  std::isfinite(in.y)
  PASS  std::isfinite(in.x)
  PASS  std::isfinite(in.y)
  PASS  std::isfinite(in.x)
  PASS  std::isfinite(in.y)
  PASS  std::isfinite(in.x)
  PASS  std::isfinite(in.y)
  PASS  std::isfinite(in.x)
  PASS  std::isfinite(in.y)
  PASS  std::isfinite(in.x)
  PASS  std::isfinite(in.y)
  PASS  std::isfinite(in.x)
  PASS  std::isfinite(in.y)
  PASS  std::isfinite(in.x)
  PASS  std::isfinite(in.y)
  PASS  std::isfinite(in.x)
  PASS  std::isfinite(in.y)
  PASS  std::isfinite(in.x)
  PASS  std::isfinite(in.y)
  PASS  std::isfinite(in.x)
  PASS  std::isfinite(in.y)
  PASS  std::isfinite(in.x)
  PASS  std::isfinite(in.y)
  PASS  std::isfinite(in.x)
  PASS  std::isfinite(in.y)
  PASS  std::isfinite(in.x)
  PASS  std::isfinite(in.y)
  PASS  std::isfinite(in.x)
  PASS  std::isfinite(in.y)
  PASS  std::isfinite(in.x)
  PASS  std::isfinite(in.y)
  PASS  std::isfinite(in.x)
  PASS  std::isfinite(in.y)
  PASS  std::isfinite(in.x)
  PASS  std::isfinite(in.y)
  PASS  std::isfinite(in.x)
  PASS  std::isfinite(in.y)
  PASS  std::isfinite(in.x)
  PASS  std::isfinite(in.y)
  PASS  std::isfinite(in.x)
  PASS  std::isfinite(in.y)
  PASS  std::isfinite(in.x)
  PASS  std::isfinite(in.y)
  PASS  std::isfinite(in.x)
  PASS  std::isfinite(in.y)
  PASS  std::isfinite(in.x)
  PASS  std::isfinite(in.y)
  PASS  std::isfinite(in.x)
  PASS  std::isfinite(in.y)
  PASS  std::isfinite(in.x)
  PASS  std::isfinite(in.y)
  PASS  std::isfinite(in.x)
  PASS  std::isfinite(in.y)
  PASS  std::isfinite(in.x)
  PASS  std::isfinite(in.y)
  PASS  std::isfinite(in.x)
  PASS  std::isfinite(in.y)
  PASS  std::isfinite(in.x)
  PASS  std::isfinite(in.y)
  PASS  std::isfinite(in.x)
  PASS  std::isfinite(in.y)
  PASS  std::isfinite(in.x)
  PASS  std::isfinite(in.y)
  PASS  std::isfinite(in.x)
  PASS  std::isfinite(in.y)
  PASS  std::isfinite(in.x)
  PASS  std::isfinite(in.y)
  PASS  std::isfinite(in.x)
  PASS  std::isfinite(in.y)
  PASS  std::isfinite(in.x)
  PASS  std::isfinite(in.y)
  PASS  std::isfinite(in.x)
  PASS  std::isfinite(in.y)
  PASS  std::isfinite(in.x)
  PASS  std::isfinite(in.y)
  PASS  std::isfinite(in.x)
  PASS  std::isfinite(in.y)
  PASS  std::isfinite(in.x)
  PASS  std::isfinite(in.y)
  PASS  std::isfinite(in.x)
  PASS  std::isfinite(in.y)
  PASS  std::isfinite(in.x)
  PASS  std::isfinite(in.y)
  PASS  std::isfinite(in.x)
  PASS  std::isfinite(in.y)
  PASS  std::isfinite(in.x)
  PASS  std::isfinite(in.y)
  PASS  std::isfinite(in.x)
  PASS  std::isfinite(in.y)
  PASS  std::isfinite(in.x)
  PASS  std::isfinite(in.y)
  PASS  std::isfinite(in.x)
  PASS  std::isfinite(in.y)
  PASS  std::isfinite(in.x)
  PASS  std::isfinite(in.y)
  PASS  std::isfinite(in.x)
  PASS  std::isfinite(in.y)
  PASS  std::isfinite(in.x)
  PASS  std::isfinite(in.y)
  PASS  std::isfinite(in.x)
  PASS  std::isfinite(in.y)
  PASS  std::isfinite(in.x)
  PASS  std::isfinite(in.y)
  PASS  std::isfinite(in.x)
  PASS  std::isfinite(in.y)
  PASS  std::isfinite(in.x)
  PASS  std::isfinite(in.y)
  PASS  std::isfinite(in.x)
  PASS  std::isfinite(in.y)
  PASS  std::isfinite(in.x)
  PASS  std::isfinite(in.y)
  PASS  std::isfinite(in.x)
  PASS  std::isfinite(in.y)
  PASS  std::isfinite(in.x)
  PASS  std::isfinite(in.y)
  PASS  std::isfinite(in.x)
  PASS  std::isfinite(in.y)
  PASS  std::isfinite(in.x)
  PASS  std::isfinite(in.y)
  PASS  std::isfinite(in.x)
  PASS  std::isfinite(in.y)
  PASS  std::isfinite(in.x)
  PASS  std::isfinite(in.y)
  PASS  std::isfinite(in.x)
  PASS  std::isfinite(in.y)
  PASS  std::isfinite(in.x)
  PASS  std::isfinite(in.y)
  PASS  std::isfinite(in.x)
  PASS  std::isfinite(in.y)
  PASS  std::isfinite(in.x)
  PASS  std::isfinite(in.y)
  PASS  std::isfinite(in.x)
  PASS  std::isfinite(in.y)
  PASS  std::isfinite(in.x)
  PASS  std::isfinite(in.y)
  PASS  std::isfinite(in.x)
  PASS  std::isfinite(in.y)
  PASS  std::isfinite(in.x)
  PASS  std::isfinite(in.y)
  PASS  std::isfinite(in.x)
  PASS  std::isfinite(in.y)
  PASS  std::isfinite(in.x)
  PASS  std::isfinite(in.y)
  PASS  std::isfinite(in.x)
  PASS  std::isfinite(in.y)
  PASS  std::isfinite(in.x)
  PASS  std::isfinite(in.y)
  PASS  std::isfinite(in.x)
  PASS  std::isfinite(in.y)
  PASS  std::isfinite(in.x)
  PASS  std::isfinite(in.y)
  PASS  std::isfinite(in.x)
  PASS  std::isfinite(in.y)
  PASS  std::isfinite(in.x)
  PASS  std::isfinite(in.y)
  PASS  std::isfinite(in.x)
  PASS  std::isfinite(in.y)
  PASS  std::isfinite(in.x)
  PASS  std::isfinite(in.y)
  PASS  std::isfinite(in.x)
  PASS  std::isfinite(in.y)
  PASS  std::isfinite(in.x)
  PASS  std::isfinite(in.y)
  PASS  std::isfinite(in.x)
  PASS  std::isfinite(in.y)
  PASS  std::isfinite(in.x)
  PASS  std::isfinite(in.y)
  PASS  std::isfinite(in.x)
  PASS  std::isfinite(in.y)
  PASS  std::isfinite(in.x)
  PASS  std::isfinite(in.y)
  PASS  std::isfinite(in.x)
  PASS  std::isfinite(in.y)
  PASS  std::isfinite(in.x)
  PASS  std::isfinite(in.y)
  PASS  std::isfinite(in.x)
  PASS  std::isfinite(in.y)
  PASS  std::isfinite(in.x)
  PASS  std::isfinite(in.y)
  PASS  std::isfinite(in.x)
  PASS  std::isfinite(in.y)
  PASS  std::isfinite(in.x)
  PASS  std::isfinite(in.y)
  PASS  std::isfinite(in.x)
  PASS  std::isfinite(in.y)
  PASS  std::isfinite(in.x)
  PASS  std::isfinite(in.y)
  PASS  std::isfinite(in.x)
  PASS  std::isfinite(in.y)
  PASS  std::isfinite(in.x)
  PASS  std::isfinite(in.y)
  PASS  std::isfinite(in.x)
  PASS  std::isfinite(in.y)
  PASS  std::isfinite(in.x)
  PASS  std::isfinite(in.y)
  PASS  std::isfinite(in.x)
  PASS  std::isfinite(in.y)
  PASS  std::isfinite(in.x)
  PASS  std::isfinite(in.y)
  PASS  std::isfinite(in.x)
  PASS  std::isfinite(in.y)
  PASS  std::isfinite(in.x)
  PASS  std::isfinite(in.y)
  PASS  std::isfinite(in.x)
  PASS  std::isfinite(in.y)
  PASS  std::isfinite(in.x)
  PASS  std::isfinite(in.y)
  PASS  std::isfinite(in.x)
  PASS  std::isfinite(in.y)
  PASS  std::isfinite(in.x)
  PASS  std::isfinite(in.y)
  PASS  std::isfinite(in.x)
  PASS  std::isfinite(in.y)
  PASS  std::isfinite(in.x)
  PASS  std::isfinite(in.y)
  PASS  std::isfinite(in.x)
  PASS  std::isfinite(in.y)
  PASS  std::isfinite(in.x)
  PASS  std::isfinite(in.y)
  PASS  std::isfinite(in.x)
  PASS  std::isfinite(in.y)
  PASS  std::isfinite(in.x)
  PASS  std::isfinite(in.y)
  PASS  std::isfinite(in.x)
  PASS  std::isfinite(in.y)
  PASS  std::isfinite(in.x)
  PASS  std::isfinite(in.y)
  PASS  std::isfinite(in.x)
  PASS  std::isfinite(in.y)
  PASS  std::isfinite(in.x)
  PASS  std::isfinite(in.y)
  PASS  std::isfinite(in.x)
  PASS  std::isfinite(in.y)
  PASS  std::isfinite(in.x)
  PASS  std::isfinite(in.y)
  PASS  std::isfinite(in.x)
  PASS  std::isfinite(in.y)
  PASS  std::isfinite(in.x)
  PASS  std::isfinite(in.y)
  PASS  std::isfinite(in.x)
  PASS  std::isfinite(in.y)
  PASS  std::isfinite(in.x)
  PASS  std::isfinite(in.y)
  PASS  std::isfinite(in.x)
  PASS  std::isfinite(in.y)
  PASS  std::isfinite(in.x)
  PASS  std::isfinite(in.y)
  PASS  std::isfinite(in.x)
  PASS  std::isfinite(in.y)
  PASS  std::isfinite(in.x)
  PASS  std::isfinite(in.y)
  PASS  std::isfinite(in.x)
  PASS  std::isfinite(in.y)
  PASS  std::isfinite(in.x)
  PASS  std::isfinite(in.y)
  PASS  std::isfinite(in.x)
  PASS  std::isfinite(in.y)
  PASS  std::isfinite(in.x)
  PASS  std::isfinite(in.y)
  PASS  std::isfinite(in.x)
  PASS  std::isfinite(in.y)
  PASS  std::isfinite(in.x)
  PASS  std::isfinite(in.y)
  PASS  std::isfinite(in.x)
  PASS  std::isfinite(in.y)
  PASS  std::isfinite(in.x)
  PASS  std::isfinite(in.y)
  PASS  std::isfinite(in.x)
  PASS  std::isfinite(in.y)
  PASS  std::isfinite(in.x)
  PASS  std::isfinite(in.y)
  PASS  std::isfinite(in.x)
  PASS  std::isfinite(in.y)
  PASS  std::isfinite(in.x)
  PASS  std::isfinite(in.y)
  PASS  std::isfinite(in.x)
  PASS  std::isfinite(in.y)
  PASS  std::isfinite(in.x)
  PASS  std::isfinite(in.y)
  PASS  std::isfinite(in.x)
  PASS  std::isfinite(in.y)
  PASS  std::isfinite(in.x)
  PASS  std::isfinite(in.y)
  PASS  std::isfinite(in.x)
  PASS  std::isfinite(in.y)
  PASS  std::isfinite(in.x)
  PASS  std::isfinite(in.y)
  PASS  std::isfinite(in.x)
  PASS  std::isfinite(in.y)
  PASS  std::isfinite(in.x)
  PASS  std::isfinite(in.y)
  PASS  std::isfinite(in.x)
  PASS  std::isfinite(in.y)
  PASS  std::isfinite(in.x)
  PASS  std::isfinite(in.y)
  PASS  std::isfinite(in.x)
  PASS  std::isfinite(in.y)
  PASS  std::isfinite(in.x)
  PASS  std::isfinite(in.y)
  PASS  std::isfinite(in.x)
  PASS  std::isfinite(in.y)
  PASS  std::isfinite(in.x)
  PASS  std::isfinite(in.y)
  PASS  std::isfinite(in.x)
  PASS  std::isfinite(in.y)
  PASS  std::isfinite(in.x)
  PASS  std::isfinite(in.y)
  PASS  std::isfinite(in.x)
  PASS  std::isfinite(in.y)
  PASS  std::isfinite(in.x)
  PASS  std::isfinite(in.y)
  PASS  std::isfinite(in.x)
  PASS  std::isfinite(in.y)
  PASS  std::isfinite(in.x)
  PASS  std::isfinite(in.y)
  PASS  std::isfinite(in.x)
  PASS  std::isfinite(in.y)
  PASS  std::isfinite(in.x)
  PASS  std::isfinite(in.y)
  PASS  std::isfinite(in.x)
  PASS  std::isfinite(in.y)
  PASS  std::isfinite(in.x)
  PASS  std::isfinite(in.y)
  PASS  std::isfinite(in.x)
  PASS  std::isfinite(in.y)
  PASS  std::isfinite(in.x)
  PASS  std::isfinite(in.y)
  PASS  std::isfinite(in.x)
  PASS  std::isfinite(in.y)
  PASS  std::isfinite(in.x)
  PASS  std::isfinite(in.y)
  PASS  std::isfinite(in.x)
  PASS  std::isfinite(in.y)
  PASS  std::isfinite(in.x)
  PASS  std::isfinite(in.y)
  PASS  std::isfinite(in.x)
  PASS  std::isfinite(in.y)
  PASS  std::isfinite(in.x)
  PASS  std::isfinite(in.y)
  PASS  std::isfinite(in.x)
  PASS  std::isfinite(in.y)
  PASS  std::isfinite(in.x)
  PASS  std::isfinite(in.y)
  PASS  std::isfinite(in.x)
  PASS  std::isfinite(in.y)
  PASS  std::isfinite(in.x)
  PASS  std::isfinite(in.y)
  PASS  std::isfinite(in.x)
  PASS  std::isfinite(in.y)
  PASS  std::isfinite(in.x)
  PASS  std::isfinite(in.y)
  PASS  std::isfinite(in.x)
  PASS  std::isfinite(in.y)
  PASS  std::isfinite(in.x)
  PASS  std::isfinite(in.y)
  PASS  std::isfinite(in.x)
  PASS  std::isfinite(in.y)
  PASS  std::isfinite(in.x)
  PASS  std::isfinite(in.y)
  PASS  std::isfinite(in.x)
  PASS  std::isfinite(in.y)
  PASS  std::isfinite(in.x)
  PASS  std::isfinite(in.y)
  PASS  std::isfinite(in.x)
  PASS  std::isfinite(in.y)
  PASS  std::isfinite(in.x)
  PASS  std::isfinite(in.y)
  PASS  std::isfinite(in.x)
  PASS  std::isfinite(in.y)
  PASS  std::isfinite(in.x)
  PASS  std::isfinite(in.y)
  PASS  std::isfinite(in.x)
  PASS  std::isfinite(in.y)
  PASS  std::isfinite(in.x)
  PASS  std::isfinite(in.y)
  PASS  std::isfinite(in.x)
  PASS  std::isfinite(in.y)
  PASS  std::isfinite(in.x)
  PASS  std::isfinite(in.y)
  PASS  std::isfinite(in.x)
  PASS  std::isfinite(in.y)
  PASS  std::isfinite(in.x)
  PASS  std::isfinite(in.y)
  PASS  std::isfinite(in.x)
  PASS  std::isfinite(in.y)
  PASS  std::isfinite(in.x)
  PASS  std::isfinite(in.y)
  PASS  std::isfinite(in.x)
  PASS  std::isfinite(in.y)
  PASS  std::isfinite(in.x)
  PASS  std::isfinite(in.y)
  PASS  std::isfinite(in.x)
  PASS  std::isfinite(in.y)
  PASS  std::isfinite(in.x)
  PASS  std::isfinite(in.y)
  PASS  std::isfinite(in.x)
  PASS  std::isfinite(in.y)
  PASS  std::isfinite(in.x)
  PASS  std::isfinite(in.y)
  PASS  std::isfinite(in.x)
  PASS  std::isfinite(in.y)
  PASS  std::isfinite(in.x)
  PASS  std::isfinite(in.y)
  PASS  std::isfinite(in.x)
  PASS  std::isfinite(in.y)
  PASS  std::isfinite(in.x)
  PASS  std::isfinite(in.y)
  PASS  std::isfinite(in.x)
  PASS  std::isfinite(in.y)
  PASS  std::isfinite(in.x)
  PASS  std::isfinite(in.y)
  PASS  std::isfinite(in.x)
  PASS  std::isfinite(in.y)
  PASS  std::isfinite(in.x)
  PASS  std::isfinite(in.y)
  PASS  std::isfinite(in.x)
  PASS  std::isfinite(in.y)
  PASS  std::isfinite(in.x)
  PASS  std::isfinite(in.y)
  PASS  std::isfinite(in.x)
  PASS  std::isfinite(in.y)
  PASS  std::isfinite(in.x)
  PASS  std::isfinite(in.y)
  PASS  std::isfinite(in.x)
  PASS  std::isfinite(in.y)
  PASS  std::isfinite(in.x)
  PASS  std::isfinite(in.y)
  PASS  std::isfinite(in.x)
  PASS  std::isfinite(in.y)
  PASS  std::isfinite(in.x)
  PASS  std::isfinite(in.y)
  PASS  std::isfinite(in.x)
  PASS  std::isfinite(in.y)
  PASS  std::isfinite(in.x)
  PASS  std::isfinite(in.y)
  PASS  std::isfinite(in.x)
  PASS  std::isfinite(in.y)
  PASS  std::isfinite(in.x)
  PASS  std::isfinite(in.y)
  PASS  std::isfinite(in.x)
  PASS  std::isfinite(in.y)
  PASS  std::isfinite(in.x)
  PASS  std::isfinite(in.y)
  PASS  std::isfinite(in.x)
  PASS  std::isfinite(in.y)
  PASS  std::isfinite(in.x)
  PASS  std::isfinite(in.y)
  PASS  std::isfinite(in.x)
  PASS  std::isfinite(in.y)
  PASS  std::isfinite(in.x)
  PASS  std::isfinite(in.y)
  PASS  std::isfinite(in.x)
  PASS  std::isfinite(in.y)
  PASS  std::isfinite(in.x)
  PASS  std::isfinite(in.y)
  PASS  std::isfinite(in.x)
  PASS  std::isfinite(in.y)
  PASS  std::isfinite(in.x)
  PASS  std::isfinite(in.y)
  PASS  std::isfinite(in.x)
  PASS  std::isfinite(in.y)
  PASS  std::isfinite(in.x)
  PASS  std::isfinite(in.y)
  PASS  std::isfinite(in.x)
  PASS  std::isfinite(in.y)
  PASS  std::isfinite(in.x)
  PASS  std::isfinite(in.y)
  PASS  std::isfinite(in.x)
  PASS  std::isfinite(in.y)
  PASS  std::isfinite(in.x)
  PASS  std::isfinite(in.y)
  PASS  std::isfinite(in.x)
  PASS  std::isfinite(in.y)
  PASS  std::isfinite(in.x)
  PASS  std::isfinite(in.y)
  PASS  std::isfinite(in.x)
  PASS  std::isfinite(in.y)
  PASS  std::isfinite(in.x)
  PASS  std::isfinite(in.y)
  PASS  std::isfinite(in.x)
  PASS  std::isfinite(in.y)
  PASS  std::isfinite(in.x)
  PASS  std::isfinite(in.y)
  PASS  std::isfinite(in.x)
  PASS  std::isfinite(in.y)
  PASS  std::isfinite(in.x)
  PASS  std::isfinite(in.y)
  PASS  std::isfinite(in.x)
  PASS  std::isfinite(in.y)
  PASS  std::isfinite(in.x)
  PASS  std::isfinite(in.y)
  PASS  std::isfinite(in.x)
  PASS  std::isfinite(in.y)
  PASS  std::isfinite(in.x)
  PASS  std::isfinite(in.y)
  PASS  std::isfinite(in.x)
  PASS  std::isfinite(in.y)
  PASS  std::isfinite(in.x)
  PASS  std::isfinite(in.y)
  PASS  std::isfinite(in.x)
  PASS  std::isfinite(in.y)
  PASS  std::isfinite(in.x)
  PASS  std::isfinite(in.y)
  PASS  std::isfinite(in.x)
  PASS  std::isfinite(in.y)
  PASS  std::isfinite(in.x)
  PASS  std::isfinite(in.y)
  PASS  std::isfinite(in.x)
  PASS  std::isfinite(in.y)
  PASS  std::isfinite(in.x)
  PASS  std::isfinite(in.y)
  PASS  std::isfinite(in.x)
  PASS  std::isfinite(in.y)
  PASS  std::isfinite(in.x)
  PASS  std::isfinite(in.y)
  PASS  std::isfinite(in.x)
  PASS  std::isfinite(in.y)
  PASS  std::isfinite(in.x)
  PASS  std::isfinite(in.y)
  PASS  std::isfinite(in.x)
  PASS  std::isfinite(in.y)
  PASS  std::isfinite(in.x)
  PASS  std::isfinite(in.y)
  PASS  std::isfinite(in.x)
  PASS  std::isfinite(in.y)
  PASS  std::isfinite(in.x)
  PASS  std::isfinite(in.y)
  PASS  std::isfinite(in.x)
  PASS  std::isfinite(in.y)
  PASS  std::isfinite(in.x)
  PASS  std::isfinite(in.y)
  PASS  std::isfinite(in.x)
  PASS  std::isfinite(in.y)
  PASS  std::isfinite(in.x)
  PASS  std::isfinite(in.y)
  PASS  std::isfinite(in.x)
  PASS  std::isfinite(in.y)
  PASS  std::isfinite(in.x)
  PASS  std::isfinite(in.y)
  PASS  std::isfinite(in.x)
  PASS  std::isfinite(in.y)
  PASS  std::isfinite(in.x)
  PASS  std::isfinite(in.y)
  PASS  std::isfinite(in.x)
  PASS  std::isfinite(in.y)
  PASS  std::isfinite(in.x)
  PASS  std::isfinite(in.y)
  PASS  std::isfinite(in.x)
  PASS  std::isfinite(in.y)
  PASS  std::isfinite(in.x)
  PASS  std::isfinite(in.y)
  PASS  std::isfinite(in.x)
  PASS  std::isfinite(in.y)
  PASS  std::isfinite(in.x)
  PASS  std::isfinite(in.y)
  PASS  std::isfinite(in.x)
  PASS  std::isfinite(in.y)
  PASS  std::isfinite(in.x)
  PASS  std::isfinite(in.y)
  PASS  std::isfinite(in.x)
  PASS  std::isfinite(in.y)
  PASS  std::isfinite(in.x)
  PASS  std::isfinite(in.y)
  PASS  std::isfinite(in.x)
  PASS  std::isfinite(in.y)
  PASS  std::isfinite(in.x)
  PASS  std::isfinite(in.y)
  PASS  std::isfinite(in.x)
  PASS  std::isfinite(in.y)
  PASS  std::isfinite(in.x)
  PASS  std::isfinite(in.y)
  PASS  std::isfinite(in.x)
  PASS  std::isfinite(in.y)
  PASS  std::isfinite(in.x)
  PASS  std::isfinite(in.y)
  PASS  std::isfinite(in.x)
  PASS  std::isfinite(in.y)
  PASS  std::isfinite(in.x)
  PASS  std::isfinite(in.y)
  PASS  std::isfinite(in.x)
  PASS  std::isfinite(in.y)
  PASS  std::isfinite(in.x)
  PASS  std::isfinite(in.y)
  PASS  std::isfinite(in.x)
  PASS  std::isfinite(in.y)
  PASS  std::isfinite(in.x)
  PASS  std::isfinite(in.y)
  PASS  std::isfinite(in.x)
  PASS  std::isfinite(in.y)
  PASS  std::isfinite(in.x)
  PASS  std::isfinite(in.y)
  PASS  std::isfinite(in.x)
  PASS  std::isfinite(in.y)
  PASS  std::isfinite(in.x)
  PASS  std::isfinite(in.y)
  PASS  std::isfinite(in.x)
  PASS  std::isfinite(in.y)
  PASS  std::isfinite(in.x)
  PASS  std::isfinite(in.y)
  PASS  std::isfinite(in.x)
  PASS  std::isfinite(in.y)
  PASS  std::isfinite(in.x)
  PASS  std::isfinite(in.y)
  PASS  std::isfinite(in.x)
  PASS  std::isfinite(in.y)
  PASS  std::isfinite(in.x)
  PASS  std::isfinite(in.y)
  PASS  std::isfinite(in.x)
  PASS  std::isfinite(in.y)
  PASS  std::isfinite(in.x)
  PASS  std::isfinite(in.y)
  PASS  std::isfinite(in.x)
  PASS  std::isfinite(in.y)
  PASS  std::isfinite(in.x)
  PASS  std::isfinite(in.y)
  PASS  std::isfinite(in.x)
  PASS  std::isfinite(in.y)
  PASS  std::isfinite(in.x)
  PASS  std::isfinite(in.y)
  PASS  std::isfinite(in.x)
  PASS  std::isfinite(in.y)
  PASS  std::isfinite(in.x)
  PASS  std::isfinite(in.y)
  PASS  std::isfinite(in.x)
  PASS  std::isfinite(in.y)
  PASS  std::isfinite(in.x)
  PASS  std::isfinite(in.y)
  PASS  std::isfinite(in.x)
  PASS  std::isfinite(in.y)
  PASS  std::isfinite(in.x)
  PASS  std::isfinite(in.y)
  PASS  std::isfinite(in.x)
  PASS  std::isfinite(in.y)
  PASS  std::isfinite(in.x)
  PASS  std::isfinite(in.y)
  PASS  std::isfinite(in.x)
  PASS  std::isfinite(in.y)
  PASS  std::isfinite(in.x)
  PASS  std::isfinite(in.y)
  PASS  std::isfinite(in.x)
  PASS  std::isfinite(in.y)
  PASS  std::isfinite(in.x)
  PASS  std::isfinite(in.y)
  PASS  std::isfinite(in.x)
  PASS  std::isfinite(in.y)
  PASS  std::isfinite(in.x)
  PASS  std::isfinite(in.y)
  PASS  std::isfinite(in.x)
  PASS  std::isfinite(in.y)
  PASS  std::isfinite(in.x)
  PASS  std::isfinite(in.y)
  PASS  std::isfinite(in.x)
  PASS  std::isfinite(in.y)
  PASS  std::isfinite(in.x)
  PASS  std::isfinite(in.y)
  PASS  std::isfinite(in.x)
  PASS  std::isfinite(in.y)
  PASS  std::isfinite(in.x)
  PASS  std::isfinite(in.y)
  PASS  std::isfinite(in.x)
  PASS  std::isfinite(in.y)
  PASS  std::isfinite(in.x)
  PASS  std::isfinite(in.y)
  PASS  std::isfinite(in.x)
  PASS  std::isfinite(in.y)
  PASS  std::isfinite(in.x)
  PASS  std::isfinite(in.y)
  PASS  std::isfinite(in.x)
  PASS  std::isfinite(in.y)
  PASS  std::isfinite(in.x)
  PASS  std::isfinite(in.y)
  PASS  std::isfinite(in.x)
  PASS  std::isfinite(in.y)
  PASS  std::isfinite(in.x)
  PASS  std::isfinite(in.y)
  PASS  std::isfinite(in.x)
  PASS  std::isfinite(in.y)
  PASS  std::isfinite(in.x)
  PASS  std::isfinite(in.y)
  PASS  std::isfinite(in.x)
  PASS  std::isfinite(in.y)
  PASS  std::isfinite(in.x)
  PASS  std::isfinite(in.y)
  PASS  std::isfinite(in.x)
  PASS  std::isfinite(in.y)
  PASS  std::isfinite(in.x)
  PASS  std::isfinite(in.y)
  PASS  std::isfinite(in.x)
  PASS  std::isfinite(in.y)
  PASS  std::isfinite(in.x)
  PASS  std::isfinite(in.y)
  PASS  std::isfinite(in.x)
  PASS  std::isfinite(in.y)
  PASS  std::isfinite(in.x)
  PASS  std::isfinite(in.y)
  PASS  std::isfinite(in.x)
  PASS  std::isfinite(in.y)
  PASS  std::isfinite(in.x)
  PASS  std::isfinite(in.y)
  PASS  std::isfinite(in.x)
  PASS  std::isfinite(in.y)
  PASS  std::isfinite(in.x)
  PASS  std::isfinite(in.y)
  PASS  std::isfinite(in.x)
  PASS  std::isfinite(in.y)
  PASS  std::isfinite(in.x)
  PASS  std::isfinite(in.y)
  PASS  std::isfinite(in.x)
  PASS  std::isfinite(in.y)
  PASS  std::isfinite(in.x)
  PASS  std::isfinite(in.y)
  PASS  std::isfinite(in.x)
  PASS  std::isfinite(in.y)
  PASS  std::isfinite(in.x)
  PASS  std::isfinite(in.y)
  PASS  std::isfinite(in.x)
  PASS  std::isfinite(in.y)
  PASS  std::isfinite(in.x)
  PASS  std::isfinite(in.y)
  PASS  std::isfinite(in.x)
  PASS  std::isfinite(in.y)
  PASS  std::isfinite(in.x)
  PASS  std::isfinite(in.y)
  PASS  std::isfinite(in.x)
  PASS  std::isfinite(in.y)
  PASS  std::isfinite(in.x)
  PASS  std::isfinite(in.y)
  PASS  std::isfinite(in.x)
  PASS  std::isfinite(in.y)
  PASS  std::isfinite(in.x)
  PASS  std::isfinite(in.y)
  PASS  std::isfinite(in.x)
  PASS  std::isfinite(in.y)
  PASS  std::isfinite(in.x)
  PASS  std::isfinite(in.y)
  PASS  std::isfinite(in.x)
  PASS  std::isfinite(in.y)
  PASS  std::isfinite(in.x)
  PASS  std::isfinite(in.y)
  PASS  std::isfinite(in.x)
  PASS  std::isfinite(in.y)
  PASS  std::isfinite(in.x)
  PASS  std::isfinite(in.y)
  PASS  std::isfinite(in.x)
  PASS  std::isfinite(in.y)
  PASS  std::isfinite(in.x)
  PASS  std::isfinite(in.y)
  PASS  std::isfinite(in.x)
  PASS  std::isfinite(in.y)
  PASS  std::isfinite(in.x)
  PASS  std::isfinite(in.y)
  PASS  std::isfinite(in.x)
  PASS  std::isfinite(in.y)
  PASS  std::isfinite(in.x)
  PASS  std::isfinite(in.y)
  PASS  std::isfinite(in.x)
  PASS  std::isfinite(in.y)
  PASS  std::isfinite(in.x)
  PASS  std::isfinite(in.y)
  PASS  std::isfinite(in.x)
  PASS  std::isfinite(in.y)
  PASS  std::isfinite(in.x)
  PASS  std::isfinite(in.y)
  PASS  std::isfinite(in.x)
  PASS  std::isfinite(in.y)
  PASS  std::isfinite(in.x)
  PASS  std::isfinite(in.y)
  PASS  std::isfinite(in.x)
  PASS  std::isfinite(in.y)
  PASS  std::isfinite(in.x)
  PASS  std::isfinite(in.y)
  PASS  std::isfinite(in.x)
  PASS  std::isfinite(in.y)
  PASS  std::isfinite(in.x)
  PASS  std::isfinite(in.y)
  PASS  std::isfinite(in.x)
  PASS  std::isfinite(in.y)
  PASS  std::isfinite(in.x)
  PASS  std::isfinite(in.y)
  PASS  std::isfinite(in.x)
  PASS  std::isfinite(in.y)
  PASS  std::isfinite(in.x)
  PASS  std::isfinite(in.y)
  PASS  std::isfinite(in.x)
  PASS  std::isfinite(in.y)
  PASS  std::isfinite(in.x)
  PASS  std::isfinite(in.y)
  PASS  std::isfinite(in.x)
  PASS  std::isfinite(in.y)
  PASS  std::isfinite(in.x)
  PASS  std::isfinite(in.y)
  PASS  std::isfinite(in.x)
  PASS  std::isfinite(in.y)
  PASS  std::isfinite(in.x)
  PASS  std::isfinite(in.y)
  PASS  std::isfinite(in.x)
  PASS  std::isfinite(in.y)
  PASS  std::isfinite(in.x)
  PASS  std::isfinite(in.y)
  PASS  std::isfinite(in.x)
  PASS  std::isfinite(in.y)
  PASS  std::isfinite(in.x)
  PASS  std::isfinite(in.y)
  PASS  std::isfinite(in.x)
  PASS  std::isfinite(in.y)
  PASS  std::isfinite(in.x)
  PASS  std::isfinite(in.y)
  PASS  std::isfinite(in.x)
  PASS  std::isfinite(in.y)
  PASS  std::isfinite(in.x)
  PASS  std::isfinite(in.y)
  PASS  std::isfinite(in.x)
  PASS  std::isfinite(in.y)
  PASS  std::isfinite(in.x)
  PASS  std::isfinite(in.y)
  PASS  std::isfinite(in.x)
  PASS  std::isfinite(in.y)
  PASS  std::isfinite(in.x)
  PASS  std::isfinite(in.y)
  PASS  std::isfinite(in.x)
  PASS  std::isfinite(in.y)
  PASS  std::isfinite(in.x)
  PASS  std::isfinite(in.y)
  PASS  std::isfinite(in.x)
  PASS  std::isfinite(in.y)
  PASS  std::isfinite(in.x)
  PASS  std::isfinite(in.y)
  PASS  std::isfinite(in.x)
  PASS  std::isfinite(in.y)
  PASS  std::isfinite(in.x)
  PASS  std::isfinite(in.y)
  PASS  std::isfinite(in.x)
  PASS  std::isfinite(in.y)
  PASS  std::isfinite(in.x)
  PASS  std::isfinite(in.y)
  PASS  std::isfinite(in.x)
  PASS  std::isfinite(in.y)
  PASS  std::isfinite(in.x)
  PASS  std::isfinite(in.y)
  PASS  std::isfinite(in.x)
  PASS  std::isfinite(in.y)
  PASS  std::isfinite(in.x)
  PASS  std::isfinite(in.y)
  PASS  std::isfinite(in.x)
  PASS  std::isfinite(in.y)
  PASS  std::isfinite(in.x)
  PASS  std::isfinite(in.y)
  PASS  std::isfinite(in.x)
  PASS  std::isfinite(in.y)
  PASS  std::isfinite(in.x)
  PASS  std::isfinite(in.y)
  PASS  std::isfinite(in.x)
  PASS  std::isfinite(in.y)
  PASS  std::isfinite(in.x)
  PASS  std::isfinite(in.y)
  PASS  std::isfinite(in.x)
  PASS  std::isfinite(in.y)
  PASS  std::isfinite(in.x)
  PASS  std::isfinite(in.y)
  PASS  std::isfinite(in.x)
  PASS  std::isfinite(in.y)
  PASS  std::isfinite(in.x)
  PASS  std::isfinite(in.y)
  PASS  std::isfinite(in.x)
  PASS  std::isfinite(in.y)
  PASS  std::isfinite(in.x)
  PASS  std::isfinite(in.y)
  PASS  std::isfinite(in.x)
  PASS  std::isfinite(in.y)
  PASS  std::isfinite(in.x)
  PASS  std::isfinite(in.y)
  PASS  std::isfinite(in.x)
  PASS  std::isfinite(in.y)
  PASS  std::isfinite(in.x)
  PASS  std::isfinite(in.y)
  PASS  std::isfinite(in.x)
  PASS  std::isfinite(in.y)
  PASS  std::isfinite(in.x)
  PASS  std::isfinite(in.y)
  PASS  std::isfinite(in.x)
  PASS  std::isfinite(in.y)
  PASS  std::isfinite(in.x)
  PASS  std::isfinite(in.y)
  PASS  std::isfinite(in.x)
  PASS  std::isfinite(in.y)
  PASS  std::isfinite(in.x)
  PASS  std::isfinite(in.y)
  PASS  std::isfinite(in.x)
  PASS  std::isfinite(in.y)
  PASS  std::isfinite(in.x)
  PASS  std::isfinite(in.y)
  PASS  std::isfinite(in.x)
  PASS  std::isfinite(in.y)
  PASS  std::isfinite(in.x)
  PASS  std::isfinite(in.y)
  PASS  std::isfinite(in.x)
  PASS  std::isfinite(in.y)
  PASS  std::isfinite(in.x)
  PASS  std::isfinite(in.y)
  PASS  std::isfinite(in.x)
  PASS  std::isfinite(in.y)
  PASS  std::isfinite(in.x)
  PASS  std::isfinite(in.y)
  PASS  std::isfinite(in.x)
  PASS  std::isfinite(in.y)
  PASS  std::isfinite(in.x)
  PASS  std::isfinite(in.y)
  PASS  std::isfinite(in.x)
  PASS  std::isfinite(in.y)
  PASS  std::isfinite(in.x)
  PASS  std::isfinite(in.y)
  PASS  std::isfinite(in.x)
  PASS  std::isfinite(in.y)
  PASS  std::isfinite(in.x)
  PASS  std::isfinite(in.y)
  PASS  std::isfinite(in.x)
  PASS  std::isfinite(in.y)
  PASS  std::isfinite(in.x)
  PASS  std::isfinite(in.y)
  PASS  std::isfinite(in.x)
  PASS  std::isfinite(in.y)
  PASS  std::isfinite(in.x)
  PASS  std::isfinite(in.y)
  PASS  std::isfinite(in.x)
  PASS  std::isfinite(in.y)
  PASS  std::isfinite(in.x)
  PASS  std::isfinite(in.y)
  PASS  std::isfinite(in.x)
  PASS  std::isfinite(in.y)
  PASS  std::isfinite(in.x)
  PASS  std::isfinite(in.y)
  PASS  std::isfinite(in.x)
  PASS  std::isfinite(in.y)
  PASS  std::isfinite(in.x)
  PASS  std::isfinite(in.y)
  PASS  std::isfinite(in.x)
  PASS  std::isfinite(in.y)
  PASS  std::isfinite(in.x)
  PASS  std::isfinite(in.y)
  PASS  std::isfinite(in.x)
  PASS  std::isfinite(in.y)
  PASS  std::isfinite(in.x)
  PASS  std::isfinite(in.y)
  PASS  std::isfinite(in.x)
  PASS  std::isfinite(in.y)
  PASS  std::isfinite(in.x)
  PASS  std::isfinite(in.y)
  PASS  std::isfinite(in.x)
  PASS  std::isfinite(in.y)
  PASS  std::isfinite(in.x)
  PASS  std::isfinite(in.y)
  PASS  std::isfinite(in.x)
  PASS  std::isfinite(in.y)
  PASS  std::isfinite(in.x)
  PASS  std::isfinite(in.y)
  PASS  std::isfinite(in.x)
  PASS  std::isfinite(in.y)
  PASS  std::isfinite(in.x)
  PASS  std::isfinite(in.y)
  PASS  std::isfinite(in.x)
  PASS  std::isfinite(in.y)
  PASS  std::isfinite(in.x)
  PASS  std::isfinite(in.y)
  PASS  std::isfinite(in.x)
  PASS  std::isfinite(in.y)
  PASS  std::isfinite(in.x)
  PASS  std::isfinite(in.y)
  PASS  std::isfinite(in.x)
  PASS  std::isfinite(in.y)
  PASS  std::isfinite(in.x)
  PASS  std::isfinite(in.y)
  PASS  std::isfinite(in.x)
  PASS  std::isfinite(in.y)
  PASS  std::isfinite(in.x)
  PASS  std::isfinite(in.y)
  PASS  std::isfinite(in.x)
  PASS  std::isfinite(in.y)
  PASS  std::isfinite(in.x)
  PASS  std::isfinite(in.y)
  PASS  std::isfinite(in.x)
  PASS  std::isfinite(in.y)
  PASS  std::isfinite(in.x)
  PASS  std::isfinite(in.y)
  PASS  std::isfinite(in.x)
  PASS  std::isfinite(in.y)
  PASS  std::isfinite(in.x)
  PASS  std::isfinite(in.y)
  PASS  std::isfinite(in.x)
  PASS  std::isfinite(in.y)
  PASS  std::isfinite(in.x)
  PASS  std::isfinite(in.y)
  PASS  std::isfinite(in.x)
  PASS  std::isfinite(in.y)
  PASS  std::isfinite(in.x)
  PASS  std::isfinite(in.y)
  PASS  std::isfinite(in.x)
  PASS  std::isfinite(in.y)
  PASS  std::isfinite(in.x)
  PASS  std::isfinite(in.y)
  PASS  std::isfinite(in.x)
  PASS  std::isfinite(in.y)
  PASS  std::isfinite(in.x)
  PASS  std::isfinite(in.y)
  PASS  std::isfinite(in.x)
  PASS  std::isfinite(in.y)
  PASS  std::isfinite(in.x)
  PASS  std::isfinite(in.y)
  PASS  std::isfinite(in.x)
  PASS  std::isfinite(in.y)
  PASS  std::isfinite(in.x)
  PASS  std::isfinite(in.y)
  PASS  std::isfinite(in.x)
  PASS  std::isfinite(in.y)
  PASS  std::isfinite(in.x)
  PASS  std::isfinite(in.y)
  PASS  std::isfinite(in.x)
  PASS  std::isfinite(in.y)
  PASS  std::isfinite(in.x)
  PASS  std::isfinite(in.y)
  PASS  std::isfinite(in.x)
  PASS  std::isfinite(in.y)
  PASS  std::isfinite(in.x)
  PASS  std::isfinite(in.y)
  PASS  std::isfinite(in.x)
  PASS  std::isfinite(in.y)
  PASS  std::isfinite(in.x)
  PASS  std::isfinite(in.y)
  PASS  std::isfinite(in.x)
  PASS  std::isfinite(in.y)
  PASS  std::isfinite(in.x)
  PASS  std::isfinite(in.y)
  PASS  std::isfinite(in.x)
  PASS  std::isfinite(in.y)
  PASS  std::isfinite(in.x)
  PASS  std::isfinite(in.y)
  PASS  std::isfinite(in.x)
  PASS  std::isfinite(in.y)
  PASS  std::isfinite(in.x)
  PASS  std::isfinite(in.y)
  PASS  std::isfinite(in.x)
  PASS  std::isfinite(in.y)
  PASS  std::isfinite(in.x)
  PASS  std::isfinite(in.y)
  PASS  std::isfinite(in.x)
  PASS  std::isfinite(in.y)
  PASS  std::isfinite(in.x)
  PASS  std::isfinite(in.y)
  PASS  std::isfinite(in.x)
  PASS  std::isfinite(in.y)
  PASS  std::isfinite(in.x)
  PASS  std::isfinite(in.y)
  PASS  std::isfinite(in.x)
  PASS  std::isfinite(in.y)
  PASS  std::isfinite(in.x)
  PASS  std::isfinite(in.y)
  PASS  std::isfinite(in.x)
  PASS  std::isfinite(in.y)
  PASS  std::isfinite(in.x)
  PASS  std::isfinite(in.y)
  PASS  std::isfinite(in.x)
  PASS  std::isfinite(in.y)
  PASS  std::isfinite(in.x)
  PASS  std::isfinite(in.y)
  PASS  std::isfinite(in.x)
  PASS  std::isfinite(in.y)
  PASS  std::isfinite(in.x)
  PASS  std::isfinite(in.y)
  PASS  std::isfinite(in.x)
  PASS  std::isfinite(in.y)
  PASS  std::isfinite(in.x)
  PASS  std::isfinite(in.y)
  PASS  std::isfinite(in.x)
  PASS  std::isfinite(in.y)
  PASS  std::isfinite(in.x)
  PASS  std::isfinite(in.y)
  PASS  std::isfinite(in.x)
  PASS  std::isfinite(in.y)
  PASS  std::isfinite(in.x)
  PASS  std::isfinite(in.y)
  PASS  std::isfinite(in.x)
  PASS  std::isfinite(in.y)
  PASS  std::isfinite(in.x)
  PASS  std::isfinite(in.y)
  PASS  std::isfinite(in.x)
  PASS  std::isfinite(in.y)
  PASS  std::isfinite(in.x)
  PASS  std::isfinite(in.y)
  PASS  std::isfinite(in.x)
  PASS  std::isfinite(in.y)
  PASS  std::isfinite(in.x)
  PASS  std::isfinite(in.y)
  PASS  std::isfinite(in.x)
  PASS  std::isfinite(in.y)
  PASS  std::isfinite(in.x)
  PASS  std::isfinite(in.y)
  PASS  std::isfinite(in.x)
  PASS  std::isfinite(in.y)
  PASS  std::isfinite(in.x)
  PASS  std::isfinite(in.y)
  PASS  std::isfinite(in.x)
  PASS  std::isfinite(in.y)
  PASS  std::isfinite(in.x)
  PASS  std::isfinite(in.y)
  PASS  std::isfinite(in.x)
  PASS  std::isfinite(in.y)
  PASS  std::isfinite(in.x)
  PASS  std::isfinite(in.y)
  PASS  std::isfinite(in.x)
  PASS  std::isfinite(in.y)
  PASS  std::isfinite(in.x)
  PASS  std::isfinite(in.y)
  PASS  std::isfinite(in.x)
  PASS  std::isfinite(in.y)
  PASS  std::isfinite(in.x)
  PASS  std::isfinite(in.y)
  PASS  std::isfinite(in.x)
  PASS  std::isfinite(in.y)
  PASS  std::isfinite(in.x)
  PASS  std::isfinite(in.y)
  PASS  std::isfinite(in.x)
  PASS  std::isfinite(in.y)
  PASS  std::isfinite(in.x)
  PASS  std::isfinite(in.y)
  PASS  std::isfinite(in.x)
  PASS  std::isfinite(in.y)
  PASS  std::isfinite(in.x)
  PASS  std::isfinite(in.y)
  PASS  std::isfinite(in.x)
  PASS  std::isfinite(in.y)
  PASS  std::isfinite(in.x)
  PASS  std::isfinite(in.y)
  PASS  std::isfinite(in.x)
  PASS  std::isfinite(in.y)
  PASS  std::isfinite(in.x)
  PASS  std::isfinite(in.y)
  PASS  std::isfinite(in.x)
  PASS  std::isfinite(in.y)
  PASS  std::isfinite(in.x)
  PASS  std::isfinite(in.y)
  PASS  std::isfinite(in.x)
  PASS  std::isfinite(in.y)
  PASS  std::isfinite(in.x)
  PASS  std::isfinite(in.y)
  PASS  std::isfinite(in.x)
  PASS  std::isfinite(in.y)
  PASS  std::isfinite(in.x)
  PASS  std::isfinite(in.y)
  PASS  std::isfinite(in.x)
  PASS  std::isfinite(in.y)
  PASS  std::isfinite(in.x)
  PASS  std::isfinite(in.y)
  PASS  std::isfinite(in.x)
  PASS  std::isfinite(in.y)
  PASS  std::isfinite(in.x)
  PASS  std::isfinite(in.y)
  PASS  std::isfinite(in.x)
  PASS  std::isfinite(in.y)
  PASS  std::isfinite(in.x)
  PASS  std::isfinite(in.y)
  PASS  std::isfinite(in.x)
  PASS  std::isfinite(in.y)
  PASS  std::isfinite(in.x)
  PASS  std::isfinite(in.y)
  PASS  std::isfinite(in.x)
  PASS  std::isfinite(in.y)
  PASS  std::isfinite(in.x)
  PASS  std::isfinite(in.y)
  PASS  std::isfinite(in.x)
  PASS  std::isfinite(in.y)
  PASS  std::isfinite(in.x)
  PASS  std::isfinite(in.y)
  PASS  std::isfinite(in.x)
  PASS  std::isfinite(in.y)
  PASS  std::isfinite(in.x)
  PASS  std::isfinite(in.y)
  PASS  std::isfinite(in.x)
  PASS  std::isfinite(in.y)
  PASS  std::isfinite(in.x)
  PASS  std::isfinite(in.y)
  PASS  std::isfinite(in.x)
  PASS  std::isfinite(in.y)
  PASS  std::isfinite(in.x)
  PASS  std::isfinite(in.y)
  PASS  std::isfinite(in.x)
  PASS  std::isfinite(in.y)
  PASS  std::isfinite(in.x)
  PASS  std::isfinite(in.y)
  PASS  std::isfinite(in.x)
  PASS  std::isfinite(in.y)
  PASS  std::isfinite(in.x)
  PASS  std::isfinite(in.y)
  PASS  std::isfinite(in.x)
  PASS  std::isfinite(in.y)
  PASS  std::isfinite(in.x)
  PASS  std::isfinite(in.y)
  PASS  std::isfinite(in.x)
  PASS  std::isfinite(in.y)
  PASS  std::isfinite(in.x)
  PASS  std::isfinite(in.y)
  PASS  std::isfinite(in.x)
  PASS  std::isfinite(in.y)
  PASS  std::isfinite(in.x)
  PASS  std::isfinite(in.y)
  PASS  std::isfinite(in.x)
  PASS  std::isfinite(in.y)
  PASS  std::isfinite(in.x)
  PASS  std::isfinite(in.y)
  PASS  std::isfinite(in.x)
  PASS  std::isfinite(in.y)
  PASS  std::isfinite(in.x)
  PASS  std::isfinite(in.y)
  PASS  std::isfinite(in.x)
  PASS  std::isfinite(in.y)
  PASS  std::isfinite(in.x)
  PASS  std::isfinite(in.y)
  PASS  std::isfinite(in.x)
  PASS  std::isfinite(in.y)
  PASS  std::isfinite(in.x)
  PASS  std::isfinite(in.y)
  PASS  std::isfinite(in.x)
  PASS  std::isfinite(in.y)
  PASS  std::isfinite(in.x)
  PASS  std::isfinite(in.y)
  PASS  std::isfinite(in.x)
  PASS  std::isfinite(in.y)
  PASS  std::isfinite(in.x)
  PASS  std::isfinite(in.y)
  PASS  std::isfinite(in.x)
  PASS  std::isfinite(in.y)
  PASS  std::isfinite(in.x)
  PASS  std::isfinite(in.y)
  PASS  std::isfinite(in.x)
  PASS  std::isfinite(in.y)
  PASS  std::isfinite(in.x)
  PASS  std::isfinite(in.y)
  PASS  std::isfinite(in.x)
  PASS  std::isfinite(in.y)
  PASS  std::isfinite(in.x)
  PASS  std::isfinite(in.y)
  PASS  std::isfinite(in.x)
  PASS  std::isfinite(in.y)
  PASS  std::isfinite(in.x)
  PASS  std::isfinite(in.y)
  PASS  std::isfinite(in.x)
  PASS  std::isfinite(in.y)
  PASS  std::isfinite(in.x)
  PASS  std::isfinite(in.y)
  PASS  std::isfinite(in.x)
  PASS  std::isfinite(in.y)
  PASS  std::isfinite(in.x)
  PASS  std::isfinite(in.y)
  PASS  std::isfinite(in.x)
  PASS  std::isfinite(in.y)
  PASS  std::isfinite(in.x)
  PASS  std::isfinite(in.y)
  PASS  std::isfinite(in.x)
  PASS  std::isfinite(in.y)
  PASS  std::isfinite(in.x)
  PASS  std::isfinite(in.y)
  PASS  std::isfinite(in.x)
  PASS  std::isfinite(in.y)
  PASS  std::isfinite(in.x)
  PASS  std::isfinite(in.y)
  PASS  std::isfinite(in.x)
  PASS  std::isfinite(in.y)
  PASS  std::isfinite(in.x)
  PASS  std::isfinite(in.y)
  PASS  std::isfinite(in.x)
  PASS  std::isfinite(in.y)
  PASS  std::isfinite(in.x)
  PASS  std::isfinite(in.y)
  PASS  std::isfinite(in.x)
  PASS  std::isfinite(in.y)
  PASS  std::isfinite(in.x)
  PASS  std::isfinite(in.y)
  PASS  std::isfinite(in.x)
  PASS  std::isfinite(in.y)
  PASS  std::isfinite(in.x)
  PASS  std::isfinite(in.y)
  PASS  std::isfinite(in.x)
  PASS  std::isfinite(in.y)
  PASS  std::isfinite(in.x)
  PASS  std::isfinite(in.y)
  PASS  std::isfinite(in.x)
  PASS  std::isfinite(in.y)
  PASS  std::isfinite(in.x)
  PASS  std::isfinite(in.y)
  PASS  std::isfinite(in.x)
  PASS  std::isfinite(in.y)
  PASS  std::isfinite(in.x)
  PASS  std::isfinite(in.y)
  PASS  std::isfinite(in.x)
  PASS  std::isfinite(in.y)
  PASS  std::isfinite(in.x)
  PASS  std::isfinite(in.y)
  PASS  std::isfinite(in.x)
  PASS  std::isfinite(in.y)
  PASS  std::isfinite(in.x)
  PASS  std::isfinite(in.y)
  PASS  std::isfinite(in.x)
  PASS  std::isfinite(in.y)
  PASS  std::isfinite(in.x)
  PASS  std::isfinite(in.y)
  PASS  std::isfinite(in.x)
  PASS  std::isfinite(in.y)
  PASS  std::isfinite(in.x)
  PASS  std::isfinite(in.y)
  PASS  std::isfinite(in.x)
  PASS  std::isfinite(in.y)
  PASS  std::isfinite(in.x)
  PASS  std::isfinite(in.y)
  PASS  std::isfinite(in.x)
  PASS  std::isfinite(in.y)
  PASS  std::isfinite(in.x)
  PASS  std::isfinite(in.y)
  PASS  std::isfinite(in.x)
  PASS  std::isfinite(in.y)
  PASS  std::isfinite(in.x)
  PASS  std::isfinite(in.y)
  PASS  std::isfinite(in.x)
  PASS  std::isfinite(in.y)
  PASS  std::isfinite(in.x)
  PASS  std::isfinite(in.y)
  PASS  std::isfinite(in.x)
  PASS  std::isfinite(in.y)
  PASS  std::isfinite(in.x)
  PASS  std::isfinite(in.y)
  PASS  std::isfinite(in.x)
  PASS  std::isfinite(in.y)
  PASS  std::isfinite(in.x)
  PASS  std::isfinite(in.y)
  PASS  std::isfinite(in.x)
  PASS  std::isfinite(in.y)
  PASS  std::isfinite(in.x)
  PASS  std::isfinite(in.y)
  PASS  std::isfinite(in.x)
  PASS  std::isfinite(in.y)
  PASS  std::isfinite(in.x)
  PASS  std::isfinite(in.y)
  PASS  std::isfinite(in.x)
  PASS  std::isfinite(in.y)
  PASS  std::isfinite(in.x)
  PASS  std::isfinite(in.y)
  PASS  std::isfinite(in.x)
  PASS  std::isfinite(in.y)
  PASS  std::isfinite(in.x)
  PASS  std::isfinite(in.y)
  PASS  std::isfinite(in.x)
  PASS  std::isfinite(in.y)
  PASS  std::isfinite(in.x)
  PASS  std::isfinite(in.y)
  PASS  std::isfinite(in.x)
  PASS  std::isfinite(in.y)
  PASS  std::isfinite(in.x)
  PASS  std::isfinite(in.y)
  PASS  std::isfinite(in.x)
  PASS  std::isfinite(in.y)
  PASS  std::isfinite(in.x)
  PASS  std::isfinite(in.y)
  PASS  std::isfinite(in.x)
  PASS  std::isfinite(in.y)
  PASS  std::isfinite(in.x)
  PASS  std::isfinite(in.y)
  PASS  std::isfinite(in.x)
  PASS  std::isfinite(in.y)
  PASS  std::isfinite(in.x)
  PASS  std::isfinite(in.y)
  PASS  std::isfinite(in.x)
  PASS  std::isfinite(in.y)
  PASS  std::isfinite(in.x)
  PASS  std::isfinite(in.y)
  PASS  std::isfinite(in.x)
  PASS  std::isfinite(in.y)
  PASS  std::isfinite(in.x)
  PASS  std::isfinite(in.y)
  PASS  std::isfinite(in.x)
  PASS  std::isfinite(in.y)
  PASS  std::isfinite(in.x)
  PASS  std::isfinite(in.y)
  PASS  std::isfinite(in.x)
  PASS  std::isfinite(in.y)
  PASS  std::isfinite(in.x)
  PASS  std::isfinite(in.y)
  PASS  std::isfinite(in.x)
  PASS  std::isfinite(in.y)
  PASS  std::isfinite(in.x)
  PASS  std::isfinite(in.y)
  PASS  std::isfinite(in.x)
  PASS  std::isfinite(in.y)
  PASS  std::isfinite(in.x)
  PASS  std::isfinite(in.y)
  PASS  std::isfinite(in.x)
  PASS  std::isfinite(in.y)
  PASS  std::isfinite(in.x)
  PASS  std::isfinite(in.y)
  PASS  std::isfinite(in.x)
  PASS  std::isfinite(in.y)
  PASS  std::isfinite(in.x)
  PASS  std::isfinite(in.y)
  PASS  std::isfinite(in.x)
  PASS  std::isfinite(in.y)
  PASS  std::isfinite(in.x)
  PASS  std::isfinite(in.y)
  PASS  std::isfinite(in.x)
  PASS  std::isfinite(in.y)
  PASS  std::isfinite(in.x)
  PASS  std::isfinite(in.y)
  PASS  std::isfinite(in.x)
  PASS  std::isfinite(in.y)
  PASS  std::isfinite(in.x)
  PASS  std::isfinite(in.y)
  PASS  std::isfinite(in.x)
  PASS  std::isfinite(in.y)
  PASS  std::isfinite(in.x)
  PASS  std::isfinite(in.y)
  PASS  std::isfinite(in.x)
  PASS  std::isfinite(in.y)
  PASS  std::isfinite(in.x)
  PASS  std::isfinite(in.y)
  PASS  std::isfinite(in.x)
  PASS  std::isfinite(in.y)
  PASS  std::isfinite(in.x)
  PASS  std::isfinite(in.y)
  PASS  std::isfinite(in.x)
  PASS  std::isfinite(in.y)
  PASS  std::isfinite(in.x)
  PASS  std::isfinite(in.y)
  PASS  std::isfinite(in.x)
  PASS  std::isfinite(in.y)
  PASS  std::isfinite(in.x)
  PASS  std::isfinite(in.y)
  PASS  std::isfinite(in.x)
  PASS  std::isfinite(in.y)
  PASS  std::isfinite(in.x)
  PASS  std::isfinite(in.y)
  PASS  std::isfinite(in.x)
  PASS  std::isfinite(in.y)
  PASS  std::isfinite(in.x)
  PASS  std::isfinite(in.y)
  PASS  std::isfinite(in.x)
  PASS  std::isfinite(in.y)
  PASS  std::isfinite(in.x)
  PASS  std::isfinite(in.y)
  PASS  std::isfinite(in.x)
  PASS  std::isfinite(in.y)
  PASS  std::isfinite(in.x)
  PASS  std::isfinite(in.y)
  PASS  std::isfinite(in.x)
  PASS  std::isfinite(in.y)
  PASS  std::isfinite(in.x)
  PASS  std::isfinite(in.y)
  PASS  std::isfinite(in.x)
  PASS  std::isfinite(in.y)
  PASS  std::isfinite(in.x)
  PASS  std::isfinite(in.y)
  PASS  std::isfinite(in.x)
  PASS  std::isfinite(in.y)
  PASS  std::isfinite(in.x)
  PASS  std::isfinite(in.y)
  PASS  std::isfinite(in.x)
  PASS  std::isfinite(in.y)
  PASS  std::isfinite(in.x)
  PASS  std::isfinite(in.y)
  PASS  std::isfinite(in.x)
  PASS  std::isfinite(in.y)
  PASS  std::isfinite(in.x)
  PASS  std::isfinite(in.y)
  PASS  std::isfinite(in.x)
  PASS  std::isfinite(in.y)
  PASS  std::isfinite(in.x)
  PASS  std::isfinite(in.y)
  PASS  std::isfinite(in.x)
  PASS  std::isfinite(in.y)
  PASS  std::isfinite(in.x)
  PASS  std::isfinite(in.y)
  PASS  std::isfinite(in.x)
  PASS  std::isfinite(in.y)
  PASS  std::isfinite(in.x)
  PASS  std::isfinite(in.y)
  PASS  std::isfinite(in.x)
  PASS  std::isfinite(in.y)
  PASS  std::isfinite(in.x)
  PASS  std::isfinite(in.y)
  PASS  std::isfinite(in.x)
  PASS  std::isfinite(in.y)
  PASS  std::isfinite(in.x)
  PASS  std::isfinite(in.y)
  PASS  std::isfinite(in.x)
  PASS  std::isfinite(in.y)
  PASS  std::isfinite(in.x)
  PASS  std::isfinite(in.y)
  PASS  std::isfinite(in.x)
  PASS  std::isfinite(in.y)
  PASS  std::isfinite(in.x)
  PASS  std::isfinite(in.y)
  PASS  std::isfinite(in.x)
  PASS  std::isfinite(in.y)
  PASS  std::isfinite(in.x)
  PASS  std::isfinite(in.y)
  PASS  std::isfinite(in.x)
  PASS  std::isfinite(in.y)
  PASS  std::isfinite(in.x)
  PASS  std::isfinite(in.y)
  PASS  std::isfinite(in.x)
  PASS  std::isfinite(in.y)
  PASS  std::isfinite(in.x)
  PASS  std::isfinite(in.y)
  PASS  std::isfinite(in.x)
  PASS  std::isfinite(in.y)
  PASS  std::isfinite(in.x)
  PASS  std::isfinite(in.y)
  PASS  std::isfinite(in.x)
  PASS  std::isfinite(in.y)
  PASS  std::isfinite(in.x)
  PASS  std::isfinite(in.y)
  PASS  std::isfinite(in.x)
  PASS  std::isfinite(in.y)
  PASS  std::isfinite(in.x)
  PASS  std::isfinite(in.y)
  PASS  std::isfinite(in.x)
  PASS  std::isfinite(in.y)
  PASS  std::isfinite(in.x)
  PASS  std::isfinite(in.y)
  PASS  std::isfinite(in.x)
  PASS  std::isfinite(in.y)
  PASS  std::isfinite(in.x)
  PASS  std::isfinite(in.y)
  PASS  std::isfinite(in.x)
  PASS  std::isfinite(in.y)
  PASS  std::isfinite(in.x)
  PASS  std::isfinite(in.y)
  PASS  std::isfinite(in.x)
  PASS  std::isfinite(in.y)
  PASS  std::isfinite(in.x)
  PASS  std::isfinite(in.y)
  PASS  std::isfinite(in.x)
  PASS  std::isfinite(in.y)
  PASS  std::isfinite(in.x)
  PASS  std::isfinite(in.y)
  PASS  std::isfinite(in.x)
  PASS  std::isfinite(in.y)
  PASS  std::isfinite(in.x)
  PASS  std::isfinite(in.y)
  PASS  std::isfinite(in.x)
  PASS  std::isfinite(in.y)
  PASS  std::isfinite(in.x)
  PASS  std::isfinite(in.y)
  PASS  std::isfinite(in.x)
  PASS  std::isfinite(in.y)
  PASS  std::isfinite(in.x)
  PASS  std::isfinite(in.y)
  PASS  std::isfinite(in.x)
  PASS  std::isfinite(in.y)
  PASS  std::isfinite(in.x)
  PASS  std::isfinite(in.y)
  PASS  std::isfinite(in.x)
  PASS  std::isfinite(in.y)
  PASS  std::isfinite(in.x)
  PASS  std::isfinite(in.y)
  PASS  std::isfinite(in.x)
  PASS  std::isfinite(in.y)
  PASS  std::isfinite(in.x)
  PASS  std::isfinite(in.y)
  PASS  std::isfinite(in.x)
  PASS  std::isfinite(in.y)
  PASS  std::isfinite(in.x)
  PASS  std::isfinite(in.y)
  PASS  std::isfinite(in.x)
  PASS  std::isfinite(in.y)
  PASS  std::isfinite(in.x)
  PASS  std::isfinite(in.y)
  PASS  std::isfinite(in.x)
  PASS  std::isfinite(in.y)
  PASS  std::isfinite(in.x)
  PASS  std::isfinite(in.y)
  PASS  std::isfinite(in.x)
  PASS  std::isfinite(in.y)
  PASS  std::isfinite(in.x)
  PASS  std::isfinite(in.y)
  PASS  std::isfinite(in.x)
  PASS  std::isfinite(in.y)
  PASS  std::isfinite(in.x)
  PASS  std::isfinite(in.y)
  PASS  std::isfinite(in.x)
  PASS  std::isfinite(in.y)
  PASS  std::isfinite(in.x)
  PASS  std::isfinite(in.y)
  PASS  std::isfinite(in.x)
  PASS  std::isfinite(in.y)
  PASS  std::isfinite(in.x)
  PASS  std::isfinite(in.y)
  PASS  std::isfinite(in.x)
  PASS  std::isfinite(in.y)
  PASS  std::isfinite(in.x)
  PASS  std::isfinite(in.y)
  PASS  std::isfinite(in.x)
  PASS  std::isfinite(in.y)
  PASS  std::isfinite(in.x)
  PASS  std::isfinite(in.y)
  PASS  std::isfinite(in.x)
  PASS  std::isfinite(in.y)
  PASS  std::isfinite(in.x)
  PASS  std::isfinite(in.y)
  PASS  std::isfinite(in.x)
  PASS  std::isfinite(in.y)
  PASS  std::isfinite(in.x)
  PASS  std::isfinite(in.y)
  PASS  std::isfinite(in.x)
  PASS  std::isfinite(in.y)
  PASS  std::isfinite(in.x)
  PASS  std::isfinite(in.y)
  PASS  std::isfinite(in.x)
  PASS  std::isfinite(in.y)
  PASS  std::isfinite(in.x)
  PASS  std::isfinite(in.y)
  PASS  std::isfinite(in.x)
  PASS  std::isfinite(in.y)
  PASS  std::isfinite(in.x)
  PASS  std::isfinite(in.y)
  PASS  std::isfinite(in.x)
  PASS  std::isfinite(in.y)
  PASS  std::isfinite(in.x)
  PASS  std::isfinite(in.y)
  PASS  std::isfinite(in.x)
  PASS  std::isfinite(in.y)
  PASS  std::isfinite(in.x)
  PASS  std::isfinite(in.y)
  PASS  std::isfinite(in.x)
  PASS  std::isfinite(in.y)
  PASS  std::isfinite(in.x)
  PASS  std::isfinite(in.y)
  PASS  std::isfinite(in.x)
  PASS  std::isfinite(in.y)
  PASS  std::isfinite(in.x)
  PASS  std::isfinite(in.y)
  PASS  std::isfinite(in.x)
  PASS  std::isfinite(in.y)
  PASS  std::isfinite(in.x)
  PASS  std::isfinite(in.y)
  PASS  std::isfinite(in.x)
  PASS  std::isfinite(in.y)
  PASS  std::isfinite(in.x)
  PASS  std::isfinite(in.y)
  PASS  std::isfinite(in.x)
  PASS  std::isfinite(in.y)
  PASS  std::isfinite(in.x)
  PASS  std::isfinite(in.y)
  PASS  std::isfinite(in.x)
  PASS  std::isfinite(in.y)
  PASS  std::isfinite(in.x)
  PASS  std::isfinite(in.y)
  PASS  std::isfinite(in.x)
  PASS  std::isfinite(in.y)
  PASS  std::isfinite(in.x)
  PASS  std::isfinite(in.y)
  PASS  std::isfinite(in.x)
  PASS  std::isfinite(in.y)
  PASS  std::isfinite(in.x)
  PASS  std::isfinite(in.y)
  PASS  std::isfinite(in.x)
  PASS  std::isfinite(in.y)
  PASS  std::isfinite(in.x)
  PASS  std::isfinite(in.y)
  PASS  std::isfinite(in.x)
  PASS  std::isfinite(in.y)
  PASS  std::isfinite(in.x)
  PASS  std::isfinite(in.y)
  PASS  std::isfinite(in.x)
  PASS  std::isfinite(in.y)
  PASS  std::isfinite(in.x)
  PASS  std::isfinite(in.y)
  PASS  std::isfinite(in.x)
  PASS  std::isfinite(in.y)
  PASS  std::isfinite(in.x)
  PASS  std::isfinite(in.y)
  PASS  std::isfinite(in.x)
  PASS  std::isfinite(in.y)
  PASS  std::isfinite(in.x)
  PASS  std::isfinite(in.y)
  PASS  std::isfinite(in.x)
  PASS  std::isfinite(in.y)
  PASS  std::isfinite(in.x)
  PASS  std::isfinite(in.y)
  PASS  std::isfinite(in.x)
  PASS  std::isfinite(in.y)
  PASS  std::isfinite(in.x)
  PASS  std::isfinite(in.y)
  PASS  std::isfinite(in.x)
  PASS  std::isfinite(in.y)
  PASS  std::isfinite(in.x)
  PASS  std::isfinite(in.y)
  PASS  std::isfinite(in.x)
  PASS  std::isfinite(in.y)
  PASS  std::isfinite(in.x)
  PASS  std::isfinite(in.y)
  PASS  std::isfinite(in.x)
  PASS  std::isfinite(in.y)
  PASS  std::isfinite(in.x)
  PASS  std::isfinite(in.y)
  PASS  std::isfinite(in.x)
  PASS  std::isfinite(in.y)
  PASS  std::isfinite(in.x)
  PASS  std::isfinite(in.y)
  PASS  std::isfinite(in.x)
  PASS  std::isfinite(in.y)
  PASS  std::isfinite(in.x)
  PASS  std::isfinite(in.y)
  PASS  std::isfinite(in.x)
  PASS  std::isfinite(in.y)
  PASS  std::isfinite(in.x)
  PASS  std::isfinite(in.y)
  PASS  std::isfinite(in.x)
  PASS  std::isfinite(in.y)
  PASS  std::isfinite(in.x)
  PASS  std::isfinite(in.y)
  PASS  std::isfinite(in.x)
  PASS  std::isfinite(in.y)
  PASS  std::isfinite(in.x)
  PASS  std::isfinite(in.y)
  PASS  std::isfinite(in.x)
  PASS  std::isfinite(in.y)
  PASS  std::isfinite(in.x)
  PASS  std::isfinite(in.y)
  PASS  std::isfinite(in.x)
  PASS  std::isfinite(in.y)
  PASS  std::isfinite(in.x)
  PASS  std::isfinite(in.y)
  PASS  std::isfinite(in.x)
  PASS  std::isfinite(in.y)
  PASS  std::isfinite(in.x)
  PASS  std::isfinite(in.y)
  PASS  std::isfinite(in.x)
  PASS  std::isfinite(in.y)
  PASS  std::isfinite(in.x)
  PASS  std::isfinite(in.y)
  PASS  std::isfinite(in.x)
  PASS  std::isfinite(in.y)
  PASS  std::isfinite(in.x)
  PASS  std::isfinite(in.y)
  PASS  std::isfinite(in.x)
  PASS  std::isfinite(in.y)
  PASS  std::isfinite(in.x)
  PASS  std::isfinite(in.y)
  PASS  std::isfinite(in.x)
  PASS  std::isfinite(in.y)
  PASS  std::isfinite(in.x)
  PASS  std::isfinite(in.y)
  PASS  std::isfinite(in.x)
  PASS  std::isfinite(in.y)
  PASS  std::isfinite(in.x)
  PASS  std::isfinite(in.y)
  PASS  std::isfinite(in.x)
  PASS  std::isfinite(in.y)
  PASS  std::isfinite(in.x)
  PASS  std::isfinite(in.y)
  PASS  std::isfinite(in.x)
  PASS  std::isfinite(in.y)
  PASS  std::isfinite(in.x)
  PASS  std::isfinite(in.y)
  PASS  std::isfinite(in.x)
  PASS  std::isfinite(in.y)
  PASS  std::isfinite(in.x)
  PASS  std::isfinite(in.y)
  PASS  std::isfinite(in.x)
  PASS  std::isfinite(in.y)
  PASS  std::isfinite(in.x)
  PASS  std::isfinite(in.y)
  PASS  std::isfinite(in.x)
  PASS  std::isfinite(in.y)
  PASS  std::isfinite(in.x)
  PASS  std::isfinite(in.y)
  PASS  std::isfinite(in.x)
  PASS  std::isfinite(in.y)
  PASS  std::isfinite(in.x)
  PASS  std::isfinite(in.y)
  PASS  std::isfinite(in.x)
  PASS  std::isfinite(in.y)
  PASS  std::isfinite(in.x)
  PASS  std::isfinite(in.y)
  PASS  std::isfinite(in.x)
  PASS  std::isfinite(in.y)
  PASS  std::isfinite(in.x)
  PASS  std::isfinite(in.y)
  PASS  std::isfinite(in.x)
  PASS  std::isfinite(in.y)
  PASS  std::isfinite(in.x)
  PASS  std::isfinite(in.y)
  PASS  std::isfinite(in.x)
  PASS  std::isfinite(in.y)
  PASS  std::isfinite(in.x)
  PASS  std::isfinite(in.y)
  PASS  std::isfinite(in.x)
  PASS  std::isfinite(in.y)
  PASS  std::isfinite(in.x)
  PASS  std::isfinite(in.y)
  PASS  std::isfinite(in.x)
  PASS  std::isfinite(in.y)
  PASS  std::isfinite(in.x)
  PASS  std::isfinite(in.y)
  PASS  std::isfinite(in.x)
  PASS  std::isfinite(in.y)
  PASS  std::isfinite(in.x)
  PASS  std::isfinite(in.y)
  PASS  std::isfinite(in.x)
  PASS  std::isfinite(in.y)
  PASS  std::isfinite(in.x)
  PASS  std::isfinite(in.y)
  PASS  std::isfinite(in.x)
  PASS  std::isfinite(in.y)
  PASS  std::isfinite(in.x)
  PASS  std::isfinite(in.y)
  PASS  std::isfinite(in.x)
  PASS  std::isfinite(in.y)
  PASS  std::isfinite(in.x)
  PASS  std::isfinite(in.y)
  PASS  std::isfinite(in.x)
  PASS  std::isfinite(in.y)
  PASS  std::isfinite(in.x)
  PASS  std::isfinite(in.y)
  PASS  std::isfinite(in.x)
  PASS  std::isfinite(in.y)
  PASS  std::isfinite(in.x)
  PASS  std::isfinite(in.y)
  PASS  std::isfinite(in.x)
  PASS  std::isfinite(in.y)
  PASS  std::isfinite(in.x)
  PASS  std::isfinite(in.y)
  PASS  std::isfinite(in.x)
  PASS  std::isfinite(in.y)
  PASS  std::isfinite(in.x)
  PASS  std::isfinite(in.y)
  PASS  std::isfinite(in.x)
  PASS  std::isfinite(in.y)
  PASS  std::isfinite(in.x)
  PASS  std::isfinite(in.y)
  PASS  std::isfinite(in.x)
  PASS  std::isfinite(in.y)
  PASS  std::isfinite(in.x)
  PASS  std::isfinite(in.y)
  PASS  std::isfinite(in.x)
  PASS  std::isfinite(in.y)
  PASS  std::isfinite(in.x)
  PASS  std::isfinite(in.y)
  PASS  std::isfinite(in.x)
  PASS  std::isfinite(in.y)
  PASS  std::isfinite(in.x)
  PASS  std::isfinite(in.y)
  PASS  std::isfinite(in.x)
  PASS  std::isfinite(in.y)
  PASS  std::isfinite(in.x)
  PASS  std::isfinite(in.y)
  PASS  std::isfinite(in.x)
  PASS  std::isfinite(in.y)
  PASS  std::isfinite(in.x)
  PASS  std::isfinite(in.y)
  PASS  std::isfinite(in.x)
  PASS  std::isfinite(in.y)
  PASS  std::isfinite(in.x)
  PASS  std::isfinite(in.y)
  PASS  std::isfinite(in.x)
  PASS  std::isfinite(in.y)
  PASS  std::isfinite(in.x)
  PASS  std::isfinite(in.y)
  PASS  std::isfinite(in.x)
  PASS  std::isfinite(in.y)
  PASS  std::isfinite(in.x)
  PASS  std::isfinite(in.y)
  PASS  std::isfinite(in.x)
  PASS  std::isfinite(in.y)
  PASS  std::isfinite(in.x)
  PASS  std::isfinite(in.y)
  PASS  std::isfinite(in.x)
  PASS  std::isfinite(in.y)
  PASS  std::isfinite(in.x)
  PASS  std::isfinite(in.y)
  PASS  std::isfinite(in.x)
  PASS  std::isfinite(in.y)
  PASS  std::isfinite(in.x)
  PASS  std::isfinite(in.y)
  PASS  std::isfinite(in.x)
  PASS  std::isfinite(in.y)
  PASS  std::isfinite(in.x)
  PASS  std::isfinite(in.y)
  PASS  std::isfinite(in.x)
  PASS  std::isfinite(in.y)
  PASS  std::isfinite(in.x)
  PASS  std::isfinite(in.y)
  PASS  std::isfinite(in.x)
  PASS  std::isfinite(in.y)
  PASS  std::isfinite(in.x)
  PASS  std::isfinite(in.y)
  PASS  std::isfinite(in.x)
  PASS  std::isfinite(in.y)
  PASS  std::isfinite(in.x)
  PASS  std::isfinite(in.y)
  PASS  std::isfinite(in.x)
  PASS  std::isfinite(in.y)
  PASS  std::isfinite(in.x)
  PASS  std::isfinite(in.y)
  PASS  std::isfinite(in.x)
  PASS  std::isfinite(in.y)
  PASS  std::isfinite(in.x)
  PASS  std::isfinite(in.y)
  PASS  std::isfinite(in.x)
  PASS  std::isfinite(in.y)
  PASS  std::isfinite(in.x)
  PASS  std::isfinite(in.y)
  PASS  std::isfinite(in.x)
  PASS  std::isfinite(in.y)
  PASS  std::isfinite(in.x)
  PASS  std::isfinite(in.y)
  PASS  std::isfinite(in.x)
  PASS  std::isfinite(in.y)
  PASS  std::isfinite(in.x)
  PASS  std::isfinite(in.y)
  PASS  std::isfinite(in.x)
  PASS  std::isfinite(in.y)
  PASS  std::isfinite(in.x)
  PASS  std::isfinite(in.y)
  PASS  std::isfinite(in.x)
  PASS  std::isfinite(in.y)
  PASS  std::isfinite(in.x)
  PASS  std::isfinite(in.y)
  PASS  std::isfinite(in.x)
  PASS  std::isfinite(in.y)
  PASS  std::isfinite(in.x)
  PASS  std::isfinite(in.y)
  PASS  std::isfinite(in.x)
  PASS  std::isfinite(in.y)
  PASS  std::isfinite(in.x)
  PASS  std::isfinite(in.y)
  PASS  std::isfinite(in.x)
  PASS  std::isfinite(in.y)
  PASS  std::isfinite(in.x)
  PASS  std::isfinite(in.y)
  PASS  std::isfinite(in.x)
  PASS  std::isfinite(in.y)
  PASS  std::isfinite(in.x)
  PASS  std::isfinite(in.y)
  PASS  std::isfinite(in.x)
  PASS  std::isfinite(in.y)
  PASS  std::isfinite(in.x)
  PASS  std::isfinite(in.y)
  PASS  std::isfinite(in.x)
  PASS  std::isfinite(in.y)
  PASS  std::isfinite(in.x)
  PASS  std::isfinite(in.y)
  PASS  std::isfinite(in.x)
  PASS  std::isfinite(in.y)
  PASS  std::isfinite(in.x)
  PASS  std::isfinite(in.y)
  PASS  std::isfinite(in.x)
  PASS  std::isfinite(in.y)
  PASS  std::isfinite(in.x)
  PASS  std::isfinite(in.y)
  PASS  std::isfinite(in.x)
  PASS  std::isfinite(in.y)
  PASS  std::isfinite(in.x)
  PASS  std::isfinite(in.y)
  PASS  std::isfinite(in.x)
  PASS  std::isfinite(in.y)
  PASS  std::isfinite(in.x)
  PASS  std::isfinite(in.y)
  PASS  std::isfinite(in.x)
  PASS  std::isfinite(in.y)
  PASS  std::isfinite(in.x)
  PASS  std::isfinite(in.y)
  PASS  std::isfinite(in.x)
  PASS  std::isfinite(in.y)
  PASS  std::isfinite(in.x)
  PASS  std::isfinite(in.y)
  PASS  std::isfinite(in.x)
  PASS  std::isfinite(in.y)
  PASS  std::isfinite(in.x)
  PASS  std::isfinite(in.y)
  PASS  std::isfinite(in.x)
  PASS  std::isfinite(in.y)
  PASS  std::isfinite(in.x)
  PASS  std::isfinite(in.y)
  PASS  std::isfinite(in.x)
  PASS  std::isfinite(in.y)
  PASS  std::isfinite(in.x)
  PASS  std::isfinite(in.y)
  PASS  std::isfinite(in.x)
  PASS  std::isfinite(in.y)
  PASS  std::isfinite(in.x)
  PASS  std::isfinite(in.y)
  PASS  std::isfinite(in.x)
  PASS  std::isfinite(in.y)
  PASS  std::isfinite(in.x)
  PASS  std::isfinite(in.y)
  PASS  std::isfinite(in.x)
  PASS  std::isfinite(in.y)
  PASS  std::isfinite(in.x)
  PASS  std::isfinite(in.y)
  PASS  std::isfinite(in.x)
  PASS  std::isfinite(in.y)
  PASS  std::isfinite(in.x)
  PASS  std::isfinite(in.y)
  PASS  std::isfinite(in.x)
  PASS  std::isfinite(in.y)
  PASS  std::isfinite(in.x)
  PASS  std::isfinite(in.y)
  PASS  std::isfinite(in.x)
  PASS  std::isfinite(in.y)
  PASS  std::isfinite(in.x)
  PASS  std::isfinite(in.y)
  PASS  std::isfinite(in.x)
  PASS  std::isfinite(in.y)
  PASS  std::isfinite(in.x)
  PASS  std::isfinite(in.y)
  PASS  std::isfinite(in.x)
  PASS  std::isfinite(in.y)
  PASS  std::isfinite(in.x)
  PASS  std::isfinite(in.y)
  PASS  std::isfinite(in.x)
  PASS  std::isfinite(in.y)
  PASS  std::isfinite(in.x)
  PASS  std::isfinite(in.y)
  PASS  std::isfinite(in.x)
  PASS  std::isfinite(in.y)
  PASS  std::isfinite(in.x)
  PASS  std::isfinite(in.y)
  PASS  std::isfinite(in.x)
  PASS  std::isfinite(in.y)
  PASS  std::isfinite(in.x)
  PASS  std::isfinite(in.y)
  PASS  std::isfinite(in.x)
  PASS  std::isfinite(in.y)
  PASS  std::isfinite(in.x)
  PASS  std::isfinite(in.y)
  PASS  std::isfinite(in.x)
  PASS  std::isfinite(in.y)
  PASS  std::isfinite(in.x)
  PASS  std::isfinite(in.y)
  PASS  std::isfinite(in.x)
  PASS  std::isfinite(in.y)
  PASS  std::isfinite(in.x)
  PASS  std::isfinite(in.y)
  PASS  std::isfinite(in.x)
  PASS  std::isfinite(in.y)
  PASS  std::isfinite(in.x)
  PASS  std::isfinite(in.y)
  PASS  std::isfinite(in.x)
  PASS  std::isfinite(in.y)
  PASS  std::isfinite(in.x)
  PASS  std::isfinite(in.y)
  PASS  std::isfinite(in.x)
  PASS  std::isfinite(in.y)
  PASS  std::isfinite(in.x)
  PASS  std::isfinite(in.y)
  PASS  std::isfinite(in.x)
  PASS  std::isfinite(in.y)
  PASS  std::isfinite(in.x)
  PASS  std::isfinite(in.y)
  PASS  std::isfinite(in.x)
  PASS  std::isfinite(in.y)
  PASS  std::isfinite(in.x)
  PASS  std::isfinite(in.y)
  PASS  std::isfinite(in.x)
  PASS  std::isfinite(in.y)
  PASS  std::isfinite(in.x)
  PASS  std::isfinite(in.y)
  PASS  std::isfinite(in.x)
  PASS  std::isfinite(in.y)
  PASS  std::isfinite(in.x)
  PASS  std::isfinite(in.y)
  PASS  std::isfinite(in.x)
  PASS  std::isfinite(in.y)
  PASS  std::isfinite(in.x)
  PASS  std::isfinite(in.y)
  PASS  std::isfinite(in.x)
  PASS  std::isfinite(in.y)
  PASS  std::isfinite(in.x)
  PASS  std::isfinite(in.y)
  PASS  std::isfinite(in.x)
  PASS  std::isfinite(in.y)
  PASS  std::isfinite(in.x)
  PASS  std::isfinite(in.y)
  PASS  std::isfinite(in.x)
  PASS  std::isfinite(in.y)
  PASS  std::isfinite(in.x)
  PASS  std::isfinite(in.y)
  PASS  std::isfinite(in.x)
  PASS  std::isfinite(in.y)
  PASS  std::isfinite(in.x)
  PASS  std::isfinite(in.y)
  PASS  std::isfinite(in.x)
  PASS  std::isfinite(in.y)
  PASS  std::isfinite(in.x)
  PASS  std::isfinite(in.y)
  PASS  std::isfinite(in.x)
  PASS  std::isfinite(in.y)
  PASS  std::isfinite(in.x)
  PASS  std::isfinite(in.y)
  PASS  std::isfinite(in.x)
  PASS  std::isfinite(in.y)
  PASS  std::isfinite(in.x)
  PASS  std::isfinite(in.y)
  PASS  std::isfinite(in.x)
  PASS  std::isfinite(in.y)
  PASS  std::isfinite(in.x)
  PASS  std::isfinite(in.y)
  PASS  std::isfinite(in.x)
  PASS  std::isfinite(in.y)
  PASS  std::isfinite(in.x)
  PASS  std::isfinite(in.y)
  PASS  std::isfinite(in.x)
  PASS  std::isfinite(in.y)
  PASS  std::isfinite(in.x)
  PASS  std::isfinite(in.y)
  PASS  std::isfinite(in.x)
  PASS  std::isfinite(in.y)
  PASS  std::isfinite(in.x)
  PASS  std::isfinite(in.y)
  PASS  std::isfinite(in.x)
  PASS  std::isfinite(in.y)
  PASS  std::isfinite(in.x)
  PASS  std::isfinite(in.y)
  PASS  std::isfinite(in.x)
  PASS  std::isfinite(in.y)
  PASS  std::isfinite(in.x)
  PASS  std::isfinite(in.y)
  PASS  std::isfinite(in.x)
  PASS  std::isfinite(in.y)
  PASS  std::isfinite(in.x)
  PASS  std::isfinite(in.y)
  PASS  std::isfinite(in.x)
  PASS  std::isfinite(in.y)
  PASS  std::isfinite(in.x)
  PASS  std::isfinite(in.y)
  PASS  std::isfinite(in.x)
  PASS  std::isfinite(in.y)
  PASS  std::isfinite(in.x)
  PASS  std::isfinite(in.y)
  PASS  std::isfinite(in.x)
  PASS  std::isfinite(in.y)
  PASS  std::isfinite(in.x)
  PASS  std::isfinite(in.y)
  PASS  std::isfinite(in.x)
  PASS  std::isfinite(in.y)
  PASS  std::isfinite(in.x)
  PASS  std::isfinite(in.y)
  PASS  std::isfinite(in.x)
  PASS  std::isfinite(in.y)
  PASS  std::isfinite(in.x)
  PASS  std::isfinite(in.y)
  PASS  std::isfinite(in.x)
  PASS  std::isfinite(in.y)
  PASS  std::isfinite(in.x)
  PASS  std::isfinite(in.y)
  PASS  std::isfinite(in.x)
  PASS  std::isfinite(in.y)
  PASS  std::isfinite(in.x)
  PASS  std::isfinite(in.y)
  PASS  std::isfinite(in.x)
  PASS  std::isfinite(in.y)
  PASS  std::isfinite(in.x)
  PASS  std::isfinite(in.y)
  PASS  std::isfinite(in.x)
  PASS  std::isfinite(in.y)
  PASS  std::isfinite(in.x)
  PASS  std::isfinite(in.y)
  PASS  std::isfinite(in.x)
  PASS  std::isfinite(in.y)
  PASS  std::isfinite(in.x)
  PASS  std::isfinite(in.y)
  PASS  std::isfinite(in.x)
  PASS  std::isfinite(in.y)
  PASS  std::isfinite(in.x)
  PASS  std::isfinite(in.y)
  PASS  std::isfinite(in.x)
  PASS  std::isfinite(in.y)
  PASS  std::isfinite(in.x)
  PASS  std::isfinite(in.y)
  PASS  std::isfinite(in.x)
  PASS  std::isfinite(in.y)
  PASS  std::isfinite(in.x)
  PASS  std::isfinite(in.y)
  PASS  std::isfinite(in.x)
  PASS  std::isfinite(in.y)
  PASS  std::isfinite(in.x)
  PASS  std::isfinite(in.y)
  PASS  std::isfinite(in.x)
  PASS  std::isfinite(in.y)
  PASS  std::isfinite(in.x)
  PASS  std::isfinite(in.y)
  PASS  std::isfinite(in.x)
  PASS  std::isfinite(in.y)
  PASS  std::isfinite(in.x)
  PASS  std::isfinite(in.y)
  PASS  std::isfinite(in.x)
  PASS  std::isfinite(in.y)
  PASS  std::isfinite(in.x)
  PASS  std::isfinite(in.y)
  PASS  std::isfinite(in.x)
  PASS  std::isfinite(in.y)
  PASS  std::isfinite(in.x)
  PASS  std::isfinite(in.y)
  PASS  std::isfinite(in.x)
  PASS  std::isfinite(in.y)
  PASS  std::isfinite(in.x)
  PASS  std::isfinite(in.y)
  PASS  std::isfinite(in.x)
  PASS  std::isfinite(in.y)
  PASS  std::isfinite(in.x)
  PASS  std::isfinite(in.y)
  PASS  std::isfinite(in.x)
  PASS  std::isfinite(in.y)
  PASS  std::isfinite(in.x)
  PASS  std::isfinite(in.y)
  PASS  std::isfinite(in.x)
  PASS  std::isfinite(in.y)
  PASS  std::isfinite(in.x)
  PASS  std::isfinite(in.y)
  PASS  std::isfinite(in.x)
  PASS  std::isfinite(in.y)
  PASS  std::isfinite(in.x)
  PASS  std::isfinite(in.y)
  PASS  std::isfinite(in.x)
  PASS  std::isfinite(in.y)
  PASS  std::isfinite(in.x)
  PASS  std::isfinite(in.y)
  PASS  std::isfinite(in.x)
  PASS  std::isfinite(in.y)
  PASS  std::isfinite(in.x)
  PASS  std::isfinite(in.y)
  PASS  std::isfinite(in.x)
  PASS  std::isfinite(in.y)
  PASS  std::isfinite(in.x)
  PASS  std::isfinite(in.y)
  PASS  std::isfinite(in.x)
  PASS  std::isfinite(in.y)
  PASS  std::isfinite(in.x)
  PASS  std::isfinite(in.y)
  PASS  std::isfinite(in.x)
  PASS  std::isfinite(in.y)
  PASS  std::isfinite(in.x)
  PASS  std::isfinite(in.y)
  PASS  std::isfinite(in.x)
  PASS  std::isfinite(in.y)
  PASS  std::isfinite(in.x)
  PASS  std::isfinite(in.y)
  PASS  std::isfinite(in.x)
  PASS  std::isfinite(in.y)
  PASS  std::isfinite(in.x)
  PASS  std::isfinite(in.y)
  PASS  std::isfinite(in.x)
  PASS  std::isfinite(in.y)
  PASS  std::isfinite(in.x)
  PASS  std::isfinite(in.y)
  PASS  std::isfinite(in.x)
  PASS  std::isfinite(in.y)
  PASS  std::isfinite(in.x)
  PASS  std::isfinite(in.y)
  PASS  std::isfinite(in.x)
  PASS  std::isfinite(in.y)
  PASS  std::isfinite(in.x)
  PASS  std::isfinite(in.y)
  PASS  std::isfinite(in.x)
  PASS  std::isfinite(in.y)
  PASS  std::isfinite(in.x)
  PASS  std::isfinite(in.y)
  PASS  std::isfinite(in.x)
  PASS  std::isfinite(in.y)
  PASS  std::isfinite(in.x)
  PASS  std::isfinite(in.y)
  PASS  std::isfinite(in.x)
  PASS  std::isfinite(in.y)
  PASS  std::isfinite(in.x)
  PASS  std::isfinite(in.y)
  PASS  std::isfinite(in.x)
  PASS  std::isfinite(in.y)
  PASS  std::isfinite(in.x)
  PASS  std::isfinite(in.y)
  PASS  std::isfinite(in.x)
  PASS  std::isfinite(in.y)
  PASS  std::isfinite(in.x)
  PASS  std::isfinite(in.y)
  PASS  std::isfinite(in.x)
  PASS  std::isfinite(in.y)
  PASS  std::isfinite(in.x)
  PASS  std::isfinite(in.y)
  PASS  std::isfinite(in.x)
  PASS  std::isfinite(in.y)
  PASS  std::isfinite(in.x)
  PASS  std::isfinite(in.y)
  PASS  std::isfinite(in.x)
  PASS  std::isfinite(in.y)
  PASS  std::isfinite(in.x)
  PASS  std::isfinite(in.y)
  PASS  std::isfinite(in.x)
  PASS  std::isfinite(in.y)
  PASS  std::isfinite(in.x)
  PASS  std::isfinite(in.y)
  PASS  std::isfinite(in.x)
  PASS  std::isfinite(in.y)
  PASS  std::isfinite(in.x)
  PASS  std::isfinite(in.y)
  PASS  std::isfinite(in.x)
  PASS  std::isfinite(in.y)
  PASS  std::isfinite(in.x)
  PASS  std::isfinite(in.y)
  PASS  std::isfinite(in.x)
  PASS  std::isfinite(in.y)
  PASS  std::isfinite(in.x)
  PASS  std::isfinite(in.y)
  PASS  std::isfinite(in.x)
  PASS  std::isfinite(in.y)
  PASS  std::isfinite(in.x)
  PASS  std::isfinite(in.y)
  PASS  std::isfinite(in.x)
  PASS  std::isfinite(in.y)
  PASS  std::isfinite(in.x)
  PASS  std::isfinite(in.y)
  PASS  std::isfinite(in.x)
  PASS  std::isfinite(in.y)
  PASS  std::isfinite(in.x)
  PASS  std::isfinite(in.y)
  PASS  std::isfinite(in.x)
  PASS  std::isfinite(in.y)
  PASS  std::isfinite(in.x)
  PASS  std::isfinite(in.y)
  PASS  std::isfinite(in.x)
  PASS  std::isfinite(in.y)
  PASS  std::isfinite(in.x)
  PASS  std::isfinite(in.y)
  PASS  std::isfinite(in.x)
  PASS  std::isfinite(in.y)
  PASS  std::isfinite(in.x)
  PASS  std::isfinite(in.y)
  PASS  std::isfinite(in.x)
  PASS  std::isfinite(in.y)
  PASS  std::isfinite(in.x)
  PASS  std::isfinite(in.y)
  PASS  std::isfinite(in.x)
  PASS  std::isfinite(in.y)
  PASS  std::isfinite(in.x)
  PASS  std::isfinite(in.y)
  PASS  std::isfinite(in.x)
  PASS  std::isfinite(in.y)
  PASS  std::isfinite(in.x)
  PASS  std::isfinite(in.y)
  PASS  std::isfinite(in.x)
  PASS  std::isfinite(in.y)
  PASS  std::isfinite(in.x)
  PASS  std::isfinite(in.y)
  PASS  std::isfinite(in.x)
  PASS  std::isfinite(in.y)
  PASS  std::isfinite(in.x)
  PASS  std::isfinite(in.y)
  PASS  std::isfinite(in.x)
  PASS  std::isfinite(in.y)
  PASS  std::isfinite(in.x)
  PASS  std::isfinite(in.y)
  PASS  std::isfinite(in.x)
  PASS  std::isfinite(in.y)
  PASS  std::isfinite(in.x)
  PASS  std::isfinite(in.y)
  PASS  std::isfinite(in.x)
  PASS  std::isfinite(in.y)
  PASS  std::isfinite(in.x)
  PASS  std::isfinite(in.y)
  PASS  std::isfinite(in.x)
  PASS  std::isfinite(in.y)
  PASS  std::isfinite(in.x)
  PASS  std::isfinite(in.y)
  PASS  std::isfinite(in.x)
  PASS  std::isfinite(in.y)
  PASS  std::isfinite(in.x)
  PASS  std::isfinite(in.y)
  PASS  std::isfinite(in.x)
  PASS  std::isfinite(in.y)
  PASS  std::isfinite(in.x)
  PASS  std::isfinite(in.y)
  PASS  std::isfinite(in.x)
  PASS  std::isfinite(in.y)
  PASS  std::isfinite(in.x)
  PASS  std::isfinite(in.y)
  PASS  std::isfinite(in.x)
  PASS  std::isfinite(in.y)
  PASS  std::isfinite(in.x)
  PASS  std::isfinite(in.y)
  PASS  std::isfinite(in.x)
  PASS  std::isfinite(in.y)
  PASS  std::isfinite(in.x)
  PASS  std::isfinite(in.y)
  PASS  std::isfinite(in.x)
  PASS  std::isfinite(in.y)
  PASS  std::isfinite(in.x)
  PASS  std::isfinite(in.y)
  PASS  std::isfinite(in.x)
  PASS  std::isfinite(in.y)
  PASS  std::isfinite(in.x)
  PASS  std::isfinite(in.y)
  PASS  std::isfinite(in.x)
  PASS  std::isfinite(in.y)
  PASS  std::isfinite(in.x)
  PASS  std::isfinite(in.y)
  PASS  std::isfinite(in.x)
  PASS  std::isfinite(in.y)
  PASS  std::isfinite(in.x)
  PASS  std::isfinite(in.y)
  PASS  std::isfinite(in.x)
  PASS  std::isfinite(in.y)
  PASS  std::isfinite(in.x)
  PASS  std::isfinite(in.y)
  PASS  std::isfinite(in.x)
  PASS  std::isfinite(in.y)
  PASS  std::isfinite(in.x)
  PASS  std::isfinite(in.y)
  PASS  std::isfinite(in.x)
  PASS  std::isfinite(in.y)
  PASS  std::isfinite(in.x)
  PASS  std::isfinite(in.y)
  PASS  std::isfinite(in.x)
  PASS  std::isfinite(in.y)
  PASS  std::isfinite(in.x)
  PASS  std::isfinite(in.y)
  PASS  std::isfinite(in.x)
  PASS  std::isfinite(in.y)
  PASS  std::isfinite(in.x)
  PASS  std::isfinite(in.y)
  PASS  std::isfinite(in.x)
  PASS  std::isfinite(in.y)
  PASS  std::isfinite(in.x)
  PASS  std::isfinite(in.y)
  PASS  std::isfinite(in.x)
  PASS  std::isfinite(in.y)
  PASS  std::isfinite(in.x)
  PASS  std::isfinite(in.y)
  PASS  std::isfinite(in.x)
  PASS  std::isfinite(in.y)
  PASS  std::isfinite(in.x)
  PASS  std::isfinite(in.y)
  PASS  std::isfinite(in.x)
  PASS  std::isfinite(in.y)
  PASS  std::isfinite(in.x)
  PASS  std::isfinite(in.y)
  PASS  std::isfinite(in.x)
  PASS  std::isfinite(in.y)
  PASS  std::isfinite(in.x)
  PASS  std::isfinite(in.y)
  PASS  std::isfinite(in.x)
  PASS  std::isfinite(in.y)
  PASS  std::isfinite(in.x)
  PASS  std::isfinite(in.y)
  PASS  std::isfinite(in.x)
  PASS  std::isfinite(in.y)
  PASS  std::isfinite(in.x)
  PASS  std::isfinite(in.y)
  PASS  std::isfinite(in.x)
  PASS  std::isfinite(in.y)
  PASS  std::isfinite(in.x)
  PASS  std::isfinite(in.y)
  PASS  std::isfinite(in.x)
  PASS  std::isfinite(in.y)
  PASS  std::isfinite(in.x)
  PASS  std::isfinite(in.y)
  PASS  std::isfinite(in.x)
  PASS  std::isfinite(in.y)
  PASS  std::isfinite(in.x)
  PASS  std::isfinite(in.y)
  PASS  std::isfinite(in.x)
  PASS  std::isfinite(in.y)
  PASS  std::isfinite(in.x)
  PASS  std::isfinite(in.y)
  PASS  std::isfinite(in.x)
  PASS  std::isfinite(in.y)
  PASS  std::isfinite(in.x)
  PASS  std::isfinite(in.y)
  PASS  std::isfinite(in.x)
  PASS  std::isfinite(in.y)
  PASS  std::isfinite(in.x)
  PASS  std::isfinite(in.y)
  PASS  std::isfinite(in.x)
  PASS  std::isfinite(in.y)
  PASS  std::isfinite(in.x)
  PASS  std::isfinite(in.y)
  PASS  std::isfinite(in.x)
  PASS  std::isfinite(in.y)
  PASS  std::isfinite(in.x)
  PASS  std::isfinite(in.y)
  PASS  std::isfinite(in.x)
  PASS  std::isfinite(in.y)
  PASS  std::isfinite(in.x)
  PASS  std::isfinite(in.y)
  PASS  std::isfinite(in.x)
  PASS  std::isfinite(in.y)
  PASS  std::isfinite(in.x)
  PASS  std::isfinite(in.y)
  PASS  std::isfinite(in.x)
  PASS  std::isfinite(in.y)
  PASS  std::isfinite(in.x)
  PASS  std::isfinite(in.y)
  PASS  std::isfinite(in.x)
  PASS  std::isfinite(in.y)
  PASS  std::isfinite(in.x)
  PASS  std::isfinite(in.y)
  PASS  std::isfinite(in.x)
  PASS  std::isfinite(in.y)
  PASS  std::isfinite(in.x)
  PASS  std::isfinite(in.y)
  PASS  std::isfinite(in.x)
  PASS  std::isfinite(in.y)
  PASS  std::isfinite(in.x)
  PASS  std::isfinite(in.y)
  PASS  std::isfinite(in.x)
  PASS  std::isfinite(in.y)
  PASS  std::isfinite(in.x)
  PASS  std::isfinite(in.y)
  PASS  std::isfinite(in.x)
  PASS  std::isfinite(in.y)
  PASS  std::isfinite(in.x)
  PASS  std::isfinite(in.y)
  PASS  std::isfinite(in.x)
  PASS  std::isfinite(in.y)
  PASS  std::isfinite(in.x)
  PASS  std::isfinite(in.y)
  PASS  std::isfinite(in.x)
  PASS  std::isfinite(in.y)
  PASS  std::isfinite(in.x)
  PASS  std::isfinite(in.y)
  PASS  std::isfinite(in.x)
  PASS  std::isfinite(in.y)
  PASS  std::isfinite(in.x)
  PASS  std::isfinite(in.y)
  PASS  std::isfinite(in.x)
  PASS  std::isfinite(in.y)
  PASS  std::isfinite(in.x)
  PASS  std::isfinite(in.y)
  PASS  std::isfinite(in.x)
  PASS  std::isfinite(in.y)
  PASS  std::isfinite(in.x)
  PASS  std::isfinite(in.y)
  PASS  std::isfinite(in.x)
  PASS  std::isfinite(in.y)
  PASS  std::isfinite(in.x)
  PASS  std::isfinite(in.y)
  PASS  std::isfinite(in.x)
  PASS  std::isfinite(in.y)
  PASS  std::isfinite(in.x)
  PASS  std::isfinite(in.y)
  PASS  std::isfinite(in.x)
  PASS  std::isfinite(in.y)
  PASS  std::isfinite(in.x)
  PASS  std::isfinite(in.y)
  PASS  std::isfinite(in.x)
  PASS  std::isfinite(in.y)
  PASS  std::isfinite(in.x)
  PASS  std::isfinite(in.y)
  PASS  std::isfinite(in.x)
  PASS  std::isfinite(in.y)
  PASS  std::isfinite(in.x)
  PASS  std::isfinite(in.y)
  PASS  std::isfinite(in.x)
  PASS  std::isfinite(in.y)
  PASS  std::isfinite(in.x)
  PASS  std::isfinite(in.y)
  PASS  std::isfinite(in.x)
  PASS  std::isfinite(in.y)
  PASS  std::isfinite(in.x)
  PASS  std::isfinite(in.y)
  PASS  std::isfinite(in.x)
  PASS  std::isfinite(in.y)
  PASS  std::isfinite(in.x)
  PASS  std::isfinite(in.y)
  PASS  std::isfinite(in.x)
  PASS  std::isfinite(in.y)
  PASS  std::isfinite(in.x)
  PASS  std::isfinite(in.y)
  PASS  std::isfinite(in.x)
  PASS  std::isfinite(in.y)
  PASS  std::isfinite(in.x)
  PASS  std::isfinite(in.y)
  PASS  std::isfinite(in.x)
  PASS  std::isfinite(in.y)
  PASS  std::isfinite(in.x)
  PASS  std::isfinite(in.y)
  PASS  std::isfinite(in.x)
  PASS  std::isfinite(in.y)
  PASS  std::isfinite(in.x)
  PASS  std::isfinite(in.y)
  PASS  std::isfinite(in.x)
  PASS  std::isfinite(in.y)
  PASS  std::isfinite(in.x)
  PASS  std::isfinite(in.y)
  PASS  std::isfinite(in.x)
  PASS  std::isfinite(in.y)
  PASS  std::isfinite(in.x)
  PASS  std::isfinite(in.y)
  PASS  std::isfinite(in.x)
  PASS  std::isfinite(in.y)
  PASS  std::isfinite(in.x)
  PASS  std::isfinite(in.y)
  PASS  std::isfinite(in.x)
  PASS  std::isfinite(in.y)
  PASS  std::isfinite(in.x)
  PASS  std::isfinite(in.y)
  PASS  std::isfinite(in.x)
  PASS  std::isfinite(in.y)
  PASS  std::isfinite(in.x)
  PASS  std::isfinite(in.y)
  PASS  std::isfinite(in.x)
  PASS  std::isfinite(in.y)
  PASS  std::isfinite(in.x)
  PASS  std::isfinite(in.y)
  PASS  std::isfinite(in.x)
  PASS  std::isfinite(in.y)
  PASS  std::isfinite(in.x)
  PASS  std::isfinite(in.y)
  PASS  std::isfinite(in.x)
  PASS  std::isfinite(in.y)
  PASS  std::isfinite(in.x)
  PASS  std::isfinite(in.y)
  PASS  std::isfinite(in.x)
  PASS  std::isfinite(in.y)
  PASS  std::isfinite(in.x)
  PASS  std::isfinite(in.y)
  PASS  std::isfinite(in.x)
  PASS  std::isfinite(in.y)
  PASS  std::isfinite(in.x)
  PASS  std::isfinite(in.y)
  PASS  std::isfinite(in.x)
  PASS  std::isfinite(in.y)
  PASS  std::isfinite(in.x)
  PASS  std::isfinite(in.y)
  PASS  std::isfinite(in.x)
  PASS  std::isfinite(in.y)
  PASS  std::isfinite(in.x)
  PASS  std::isfinite(in.y)
  PASS  std::isfinite(in.x)
  PASS  std::isfinite(in.y)
  PASS  std::isfinite(in.x)
  PASS  std::isfinite(in.y)
  PASS  std::isfinite(in.x)
  PASS  std::isfinite(in.y)
  PASS  std::isfinite(in.x)
  PASS  std::isfinite(in.y)
  PASS  std::isfinite(in.x)
  PASS  std::isfinite(in.y)
  PASS  std::isfinite(in.x)
  PASS  std::isfinite(in.y)
  PASS  std::isfinite(in.x)
  PASS  std::isfinite(in.y)
  PASS  std::isfinite(in.x)
  PASS  std::isfinite(in.y)
  PASS  std::isfinite(in.x)
  PASS  std::isfinite(in.y)
  PASS  std::isfinite(in.x)
  PASS  std::isfinite(in.y)
  PASS  std::isfinite(in.x)
  PASS  std::isfinite(in.y)
  PASS  std::isfinite(in.x)
  PASS  std::isfinite(in.y)
  PASS  std::isfinite(in.x)
  PASS  std::isfinite(in.y)
  PASS  std::isfinite(in.x)
  PASS  std::isfinite(in.y)
  PASS  std::isfinite(in.x)
  PASS  std::isfinite(in.y)
  PASS  std::isfinite(in.x)
  PASS  std::isfinite(in.y)
  PASS  std::isfinite(in.x)
  PASS  std::isfinite(in.y)
  PASS  std::isfinite(in.x)
  PASS  std::isfinite(in.y)
  PASS  std::isfinite(in.x)
  PASS  std::isfinite(in.y)
  PASS  std::isfinite(in.x)
  PASS  std::isfinite(in.y)
  PASS  std::isfinite(in.x)
  PASS  std::isfinite(in.y)
  PASS  std::isfinite(in.x)
  PASS  std::isfinite(in.y)
  PASS  std::isfinite(in.x)
  PASS  std::isfinite(in.y)
  PASS  std::isfinite(in.x)
  PASS  std::isfinite(in.y)
  PASS  std::isfinite(in.x)
  PASS  std::isfinite(in.y)
  PASS  std::isfinite(in.x)
  PASS  std::isfinite(in.y)
  PASS  std::isfinite(in.x)
  PASS  std::isfinite(in.y)
  PASS  std::isfinite(in.x)
  PASS  std::isfinite(in.y)
  PASS  std::isfinite(in.x)
  PASS  std::isfinite(in.y)
  PASS  std::isfinite(in.x)
  PASS  std::isfinite(in.y)
  PASS  std::isfinite(in.x)
  PASS  std::isfinite(in.y)
  PASS  std::isfinite(in.x)
  PASS  std::isfinite(in.y)
  PASS  std::isfinite(in.x)
  PASS  std::isfinite(in.y)
  PASS  std::isfinite(in.x)
  PASS  std::isfinite(in.y)
  PASS  std::isfinite(in.x)
  PASS  std::isfinite(in.y)
  PASS  std::isfinite(in.x)
  PASS  std::isfinite(in.y)
  PASS  std::isfinite(in.x)
  PASS  std::isfinite(in.y)
  PASS  std::isfinite(in.x)
  PASS  std::isfinite(in.y)
  PASS  std::isfinite(in.x)
  PASS  std::isfinite(in.y)
  PASS  std::isfinite(in.x)
  PASS  std::isfinite(in.y)
  PASS  std::isfinite(in.x)
  PASS  std::isfinite(in.y)
  PASS  std::isfinite(in.x)
  PASS  std::isfinite(in.y)
  PASS  std::isfinite(in.x)
  PASS  std::isfinite(in.y)
  PASS  std::isfinite(in.x)
  PASS  std::isfinite(in.y)
  PASS  std::isfinite(in.x)
  PASS  std::isfinite(in.y)
  PASS  std::isfinite(in.x)
  PASS  std::isfinite(in.y)
  PASS  std::isfinite(in.x)
  PASS  std::isfinite(in.y)
  PASS  std::isfinite(in.x)
  PASS  std::isfinite(in.y)
  PASS  std::isfinite(in.x)
  PASS  std::isfinite(in.y)
  PASS  std::isfinite(in.x)
  PASS  std::isfinite(in.y)
  PASS  std::isfinite(in.x)
  PASS  std::isfinite(in.y)
  PASS  std::isfinite(in.x)
  PASS  std::isfinite(in.y)
  PASS  std::isfinite(in.x)
  PASS  std::isfinite(in.y)
  PASS  std::isfinite(in.x)
  PASS  std::isfinite(in.y)
  PASS  std::isfinite(in.x)
  PASS  std::isfinite(in.y)
  PASS  std::isfinite(in.x)
  PASS  std::isfinite(in.y)
  PASS  std::isfinite(in.x)
  PASS  std::isfinite(in.y)
  PASS  std::isfinite(in.x)
  PASS  std::isfinite(in.y)
  PASS  std::isfinite(in.x)
  PASS  std::isfinite(in.y)
  PASS  std::isfinite(in.x)
  PASS  std::isfinite(in.y)
  PASS  std::isfinite(in.x)
  PASS  std::isfinite(in.y)
  PASS  std::isfinite(in.x)
  PASS  std::isfinite(in.y)
  PASS  std::isfinite(in.x)
  PASS  std::isfinite(in.y)
  PASS  std::isfinite(in.x)
  PASS  std::isfinite(in.y)
  PASS  std::isfinite(in.x)
  PASS  std::isfinite(in.y)
  PASS  std::isfinite(in.x)
  PASS  std::isfinite(in.y)
  PASS  std::isfinite(in.x)
  PASS  std::isfinite(in.y)
  PASS  std::isfinite(in.x)
  PASS  std::isfinite(in.y)
  PASS  std::isfinite(in.x)
  PASS  std::isfinite(in.y)
  PASS  std::isfinite(in.x)
  PASS  std::isfinite(in.y)
  PASS  std::isfinite(in.x)
  PASS  std::isfinite(in.y)
  PASS  std::isfinite(in.x)
  PASS  std::isfinite(in.y)
  PASS  std::isfinite(in.x)
  PASS  std::isfinite(in.y)
  PASS  std::isfinite(in.x)
  PASS  std::isfinite(in.y)
  PASS  std::isfinite(in.x)
  PASS  std::isfinite(in.y)
  PASS  std::isfinite(in.x)
  PASS  std::isfinite(in.y)
  PASS  std::isfinite(in.x)
  PASS  std::isfinite(in.y)
  PASS  std::isfinite(in.x)
  PASS  std::isfinite(in.y)
  PASS  std::isfinite(in.x)
  PASS  std::isfinite(in.y)
  PASS  std::isfinite(in.x)
  PASS  std::isfinite(in.y)
  PASS  std::isfinite(in.x)
  PASS  std::isfinite(in.y)
  PASS  std::isfinite(in.x)
  PASS  std::isfinite(in.y)
  PASS  std::isfinite(in.x)
  PASS  std::isfinite(in.y)
  PASS  std::isfinite(in.x)
  PASS  std::isfinite(in.y)
  PASS  std::isfinite(in.x)
  PASS  std::isfinite(in.y)
  PASS  std::isfinite(in.x)
  PASS  std::isfinite(in.y)
  PASS  std::isfinite(in.x)
  PASS  std::isfinite(in.y)
  PASS  std::isfinite(in.x)
  PASS  std::isfinite(in.y)
  PASS  std::isfinite(in.x)
  PASS  std::isfinite(in.y)
  PASS  std::isfinite(in.x)
  PASS  std::isfinite(in.y)
  PASS  std::isfinite(in.x)
  PASS  std::isfinite(in.y)
  PASS  std::isfinite(in.x)
  PASS  std::isfinite(in.y)
  PASS  std::isfinite(in.x)
  PASS  std::isfinite(in.y)
  PASS  std::isfinite(in.x)
  PASS  std::isfinite(in.y)
  PASS  std::isfinite(in.x)
  PASS  std::isfinite(in.y)
  PASS  std::isfinite(in.x)
  PASS  std::isfinite(in.y)
  PASS  std::isfinite(in.x)
  PASS  std::isfinite(in.y)
  PASS  std::isfinite(in.x)
  PASS  std::isfinite(in.y)
  PASS  std::isfinite(in.x)
  PASS  std::isfinite(in.y)
  PASS  std::isfinite(in.x)
  PASS  std::isfinite(in.y)
  PASS  std::isfinite(in.x)
  PASS  std::isfinite(in.y)
  PASS  std::isfinite(in.x)
  PASS  std::isfinite(in.y)
  PASS  std::isfinite(in.x)
  PASS  std::isfinite(in.y)
  PASS  std::isfinite(in.x)
  PASS  std::isfinite(in.y)
  PASS  std::isfinite(in.x)
  PASS  std::isfinite(in.y)
  PASS  std::isfinite(in.x)
  PASS  std::isfinite(in.y)
  PASS  std::isfinite(in.x)
  PASS  std::isfinite(in.y)
  PASS  std::isfinite(in.x)
  PASS  std::isfinite(in.y)
  PASS  std::isfinite(in.x)
  PASS  std::isfinite(in.y)
  PASS  std::isfinite(in.x)
  PASS  std::isfinite(in.y)
  PASS  std::isfinite(in.x)
  PASS  std::isfinite(in.y)
  PASS  std::isfinite(in.x)
  PASS  std::isfinite(in.y)
  PASS  std::isfinite(in.x)
  PASS  std::isfinite(in.y)
  PASS  std::isfinite(in.x)
  PASS  std::isfinite(in.y)
  PASS  std::isfinite(in.x)
  PASS  std::isfinite(in.y)
  PASS  std::isfinite(in.x)
  PASS  std::isfinite(in.y)
  PASS  std::isfinite(in.x)
  PASS  std::isfinite(in.y)
  PASS  std::isfinite(in.x)
  PASS  std::isfinite(in.y)
  PASS  std::isfinite(in.x)
  PASS  std::isfinite(in.y)
  PASS  std::isfinite(in.x)
  PASS  std::isfinite(in.y)
  PASS  std::isfinite(in.x)
  PASS  std::isfinite(in.y)
  PASS  std::isfinite(in.x)
  PASS  std::isfinite(in.y)
  PASS  std::isfinite(in.x)
  PASS  std::isfinite(in.y)
  PASS  std::isfinite(in.x)
  PASS  std::isfinite(in.y)
  PASS  std::isfinite(in.x)
  PASS  std::isfinite(in.y)
  PASS  std::isfinite(in.x)
  PASS  std::isfinite(in.y)
  PASS  std::isfinite(in.x)
  PASS  std::isfinite(in.y)
  PASS  std::isfinite(in.x)
  PASS  std::isfinite(in.y)
  PASS  std::isfinite(in.x)
  PASS  std::isfinite(in.y)
  PASS  std::isfinite(in.x)
  PASS  std::isfinite(in.y)
  PASS  std::isfinite(in.x)
  PASS  std::isfinite(in.y)
  PASS  std::isfinite(in.x)
  PASS  std::isfinite(in.y)
  PASS  std::isfinite(in.x)
  PASS  std::isfinite(in.y)
  PASS  std::isfinite(in.x)
  PASS  std::isfinite(in.y)
  PASS  std::isfinite(in.x)
  PASS  std::isfinite(in.y)
  PASS  std::isfinite(in.x)
  PASS  std::isfinite(in.y)
  PASS  std::isfinite(in.x)
  PASS  std::isfinite(in.y)
  PASS  std::isfinite(in.x)
  PASS  std::isfinite(in.y)
  PASS  std::isfinite(in.x)
  PASS  std::isfinite(in.y)
  PASS  std::isfinite(in.x)
  PASS  std::isfinite(in.y)
  PASS  std::isfinite(in.x)
  PASS  std::isfinite(in.y)
  PASS  std::isfinite(in.x)
  PASS  std::isfinite(in.y)
  PASS  std::isfinite(in.x)
  PASS  std::isfinite(in.y)
  PASS  std::isfinite(in.x)
  PASS  std::isfinite(in.y)
  PASS  std::isfinite(in.x)
  PASS  std::isfinite(in.y)
  PASS  std::isfinite(in.x)
  PASS  std::isfinite(in.y)
  PASS  std::isfinite(in.x)
  PASS  std::isfinite(in.y)
  PASS  std::isfinite(in.x)
  PASS  std::isfinite(in.y)
  PASS  std::isfinite(in.x)
  PASS  std::isfinite(in.y)
  PASS  std::isfinite(in.x)
  PASS  std::isfinite(in.y)
  PASS  std::isfinite(in.x)
  PASS  std::isfinite(in.y)
  PASS  std::isfinite(in.x)
  PASS  std::isfinite(in.y)
  PASS  std::isfinite(in.x)
  PASS  std::isfinite(in.y)
  PASS  std::isfinite(in.x)
  PASS  std::isfinite(in.y)
  PASS  std::isfinite(in.x)
  PASS  std::isfinite(in.y)
  PASS  std::isfinite(in.x)
  PASS  std::isfinite(in.y)
  PASS  std::isfinite(in.x)
  PASS  std::isfinite(in.y)
  PASS  std::isfinite(in.x)
  PASS  std::isfinite(in.y)
  PASS  std::isfinite(in.x)
  PASS  std::isfinite(in.y)
  PASS  std::isfinite(in.x)
  PASS  std::isfinite(in.y)
  PASS  std::isfinite(in.x)
  PASS  std::isfinite(in.y)
  PASS  std::isfinite(in.x)
  PASS  std::isfinite(in.y)
  PASS  std::isfinite(in.x)
  PASS  std::isfinite(in.y)
  PASS  std::isfinite(in.x)
  PASS  std::isfinite(in.y)
  PASS  std::isfinite(in.x)
  PASS  std::isfinite(in.y)
  PASS  std::isfinite(in.x)
  PASS  std::isfinite(in.y)
  PASS  std::isfinite(in.x)
  PASS  std::isfinite(in.y)
  PASS  std::isfinite(in.x)
  PASS  std::isfinite(in.y)
  PASS  std::isfinite(in.x)
  PASS  std::isfinite(in.y)
  PASS  std::isfinite(in.x)
  PASS  std::isfinite(in.y)
  PASS  std::isfinite(in.x)
  PASS  std::isfinite(in.y)
  PASS  std::isfinite(in.x)
  PASS  std::isfinite(in.y)
  PASS  std::isfinite(in.x)
  PASS  std::isfinite(in.y)
  PASS  std::isfinite(in.x)
  PASS  std::isfinite(in.y)
  PASS  std::isfinite(in.x)
  PASS  std::isfinite(in.y)
  PASS  std::isfinite(in.x)
  PASS  std::isfinite(in.y)
  PASS  std::isfinite(in.x)
  PASS  std::isfinite(in.y)
  PASS  std::isfinite(in.x)
  PASS  std::isfinite(in.y)
  PASS  std::isfinite(in.x)
  PASS  std::isfinite(in.y)
  PASS  std::isfinite(in.x)
  PASS  std::isfinite(in.y)
  PASS  std::isfinite(in.x)
  PASS  std::isfinite(in.y)
  PASS  std::isfinite(in.x)
  PASS  std::isfinite(in.y)
  PASS  std::isfinite(in.x)
  PASS  std::isfinite(in.y)
  PASS  std::isfinite(in.x)
  PASS  std::isfinite(in.y)
  PASS  std::isfinite(in.x)
  PASS  std::isfinite(in.y)
  PASS  std::isfinite(in.x)
  PASS  std::isfinite(in.y)
  PASS  std::isfinite(in.x)
  PASS  std::isfinite(in.y)
  PASS  std::isfinite(in.x)
  PASS  std::isfinite(in.y)
  PASS  std::isfinite(in.x)
  PASS  std::isfinite(in.y)
  PASS  std::isfinite(in.x)
  PASS  std::isfinite(in.y)
  PASS  std::isfinite(in.x)
  PASS  std::isfinite(in.y)
  PASS  std::isfinite(in.x)
  PASS  std::isfinite(in.y)
  PASS  std::isfinite(in.x)
  PASS  std::isfinite(in.y)
  PASS  std::isfinite(in.x)
  PASS  std::isfinite(in.y)
  PASS  std::isfinite(in.x)
  PASS  std::isfinite(in.y)
  PASS  std::isfinite(in.x)
  PASS  std::isfinite(in.y)
  PASS  std::isfinite(in.x)
  PASS  std::isfinite(in.y)
  PASS  std::isfinite(in.x)
  PASS  std::isfinite(in.y)
  PASS  std::isfinite(in.x)
  PASS  std::isfinite(in.y)
  PASS  std::isfinite(in.x)
  PASS  std::isfinite(in.y)
  PASS  std::isfinite(in.x)
  PASS  std::isfinite(in.y)
  PASS  std::isfinite(in.x)
  PASS  std::isfinite(in.y)
  PASS  std::isfinite(in.x)
  PASS  std::isfinite(in.y)
  PASS  std::isfinite(in.x)
  PASS  std::isfinite(in.y)
  PASS  std::isfinite(in.x)
  PASS  std::isfinite(in.y)
  PASS  std::isfinite(in.x)
  PASS  std::isfinite(in.y)
  PASS  std::isfinite(in.x)
  PASS  std::isfinite(in.y)
  PASS  std::isfinite(in.x)
  PASS  std::isfinite(in.y)
  PASS  std::isfinite(in.x)
  PASS  std::isfinite(in.y)
  PASS  std::isfinite(in.x)
  PASS  std::isfinite(in.y)
  PASS  std::isfinite(in.x)
  PASS  std::isfinite(in.y)
  PASS  std::isfinite(in.x)
  PASS  std::isfinite(in.y)
  PASS  std::isfinite(in.x)
  PASS  std::isfinite(in.y)
  PASS  std::isfinite(in.x)
  PASS  std::isfinite(in.y)
  PASS  std::isfinite(in.x)
  PASS  std::isfinite(in.y)
  PASS  std::isfinite(in.x)
  PASS  std::isfinite(in.y)
  PASS  std::isfinite(in.x)
  PASS  std::isfinite(in.y)
  PASS  std::isfinite(in.x)
  PASS  std::isfinite(in.y)
  PASS  std::isfinite(in.x)
  PASS  std::isfinite(in.y)
  PASS  std::isfinite(in.x)
  PASS  std::isfinite(in.y)
  PASS  std::isfinite(in.x)
  PASS  std::isfinite(in.y)
  PASS  std::isfinite(in.x)
  PASS  std::isfinite(in.y)
  PASS  std::isfinite(in.x)
  PASS  std::isfinite(in.y)
  PASS  std::isfinite(in.x)
  PASS  std::isfinite(in.y)
  PASS  std::isfinite(in.x)
  PASS  std::isfinite(in.y)
  PASS  std::isfinite(in.x)
  PASS  std::isfinite(in.y)
  PASS  std::isfinite(in.x)
  PASS  std::isfinite(in.y)
  PASS  std::isfinite(in.x)
  PASS  std::isfinite(in.y)
  PASS  std::isfinite(in.x)
  PASS  std::isfinite(in.y)
  PASS  std::isfinite(in.x)
  PASS  std::isfinite(in.y)
  PASS  std::isfinite(in.x)
  PASS  std::isfinite(in.y)
  PASS  std::isfinite(in.x)
  PASS  std::isfinite(in.y)
  PASS  std::isfinite(in.x)
  PASS  std::isfinite(in.y)
  PASS  std::isfinite(in.x)
  PASS  std::isfinite(in.y)
  PASS  std::isfinite(in.x)
  PASS  std::isfinite(in.y)
  PASS  std::isfinite(in.x)
  PASS  std::isfinite(in.y)
  PASS  std::isfinite(in.x)
  PASS  std::isfinite(in.y)
  PASS  std::isfinite(in.x)
  PASS  std::isfinite(in.y)
  PASS  std::isfinite(in.x)
  PASS  std::isfinite(in.y)
  PASS  std::isfinite(in.x)
  PASS  std::isfinite(in.y)
  PASS  std::isfinite(in.x)
  PASS  std::isfinite(in.y)
  PASS  std::isfinite(in.x)
  PASS  std::isfinite(in.y)
  PASS  std::isfinite(in.x)
  PASS  std::isfinite(in.y)
  PASS  std::isfinite(in.x)
  PASS  std::isfinite(in.y)
  PASS  std::isfinite(in.x)
  PASS  std::isfinite(in.y)
  PASS  std::isfinite(in.x)
  PASS  std::isfinite(in.y)
  PASS  std::isfinite(in.x)
  PASS  std::isfinite(in.y)
  PASS  std::isfinite(in.x)
  PASS  std::isfinite(in.y)
  PASS  std::isfinite(in.x)
  PASS  std::isfinite(in.y)
  PASS  std::isfinite(in.x)
  PASS  std::isfinite(in.y)
  PASS  std::isfinite(in.x)
  PASS  std::isfinite(in.y)
  PASS  std::isfinite(in.x)
  PASS  std::isfinite(in.y)
  PASS  std::isfinite(in.x)
  PASS  std::isfinite(in.y)
  PASS  std::isfinite(in.x)
  PASS  std::isfinite(in.y)
  PASS  std::isfinite(in.x)
  PASS  std::isfinite(in.y)
  PASS  std::isfinite(in.x)
  PASS  std::isfinite(in.y)
  PASS  std::isfinite(in.x)
  PASS  std::isfinite(in.y)
  PASS  std::isfinite(in.x)
  PASS  std::isfinite(in.y)
  PASS  std::isfinite(in.x)
  PASS  std::isfinite(in.y)
  PASS  std::isfinite(in.x)
  PASS  std::isfinite(in.y)
  PASS  std::isfinite(in.x)
  PASS  std::isfinite(in.y)
  PASS  std::isfinite(in.x)
  PASS  std::isfinite(in.y)
  PASS  std::isfinite(in.x)
  PASS  std::isfinite(in.y)
  PASS  std::isfinite(in.x)
  PASS  std::isfinite(in.y)
  PASS  std::isfinite(in.x)
  PASS  std::isfinite(in.y)
  PASS  std::isfinite(in.x)
  PASS  std::isfinite(in.y)
  PASS  std::isfinite(in.x)
  PASS  std::isfinite(in.y)
  PASS  std::isfinite(in.x)
  PASS  std::isfinite(in.y)
  PASS  std::isfinite(in.x)
  PASS  std::isfinite(in.y)
  PASS  std::isfinite(in.x)
  PASS  std::isfinite(in.y)
  PASS  std::isfinite(in.x)
  PASS  std::isfinite(in.y)
  PASS  std::isfinite(in.x)
  PASS  std::isfinite(in.y)
  PASS  std::isfinite(in.x)
  PASS  std::isfinite(in.y)
  PASS  std::isfinite(in.x)
  PASS  std::isfinite(in.y)
  PASS  std::isfinite(in.x)
  PASS  std::isfinite(in.y)
  PASS  std::isfinite(in.x)
  PASS  std::isfinite(in.y)
  PASS  std::isfinite(in.x)
  PASS  std::isfinite(in.y)
  PASS  std::isfinite(in.x)
  PASS  std::isfinite(in.y)
  PASS  std::isfinite(in.x)
  PASS  std::isfinite(in.y)
  PASS  std::isfinite(in.x)
  PASS  std::isfinite(in.y)
  PASS  std::isfinite(in.x)
  PASS  std::isfinite(in.y)
  PASS  std::isfinite(in.x)
  PASS  std::isfinite(in.y)
  PASS  std::isfinite(in.x)
  PASS  std::isfinite(in.y)
  PASS  std::isfinite(in.x)
  PASS  std::isfinite(in.y)
  PASS  std::isfinite(in.x)
  PASS  std::isfinite(in.y)
  PASS  std::isfinite(in.x)
  PASS  std::isfinite(in.y)
  PASS  std::isfinite(in.x)
  PASS  std::isfinite(in.y)
  PASS  std::isfinite(in.x)
  PASS  std::isfinite(in.y)
  PASS  std::isfinite(in.x)
  PASS  std::isfinite(in.y)
  PASS  std::isfinite(in.x)
  PASS  std::isfinite(in.y)
  PASS  std::isfinite(in.x)
  PASS  std::isfinite(in.y)
  PASS  std::isfinite(in.x)
  PASS  std::isfinite(in.y)
  PASS  std::isfinite(in.x)
  PASS  std::isfinite(in.y)
  PASS  std::isfinite(in.x)
  PASS  std::isfinite(in.y)
  PASS  std::isfinite(in.x)
  PASS  std::isfinite(in.y)
  PASS  std::isfinite(in.x)
  PASS  std::isfinite(in.y)
  PASS  std::isfinite(in.x)
  PASS  std::isfinite(in.y)
  PASS  std::isfinite(in.x)
  PASS  std::isfinite(in.y)
  PASS  std::isfinite(in.x)
  PASS  std::isfinite(in.y)
  PASS  std::isfinite(in.x)
  PASS  std::isfinite(in.y)
  PASS  std::isfinite(in.x)
  PASS  std::isfinite(in.y)
  PASS  std::isfinite(in.x)
  PASS  std::isfinite(in.y)
  PASS  std::isfinite(in.x)
  PASS  std::isfinite(in.y)
  PASS  std::isfinite(in.x)
  PASS  std::isfinite(in.y)
  PASS  std::isfinite(in.x)
  PASS  std::isfinite(in.y)
  PASS  std::isfinite(in.x)
  PASS  std::isfinite(in.y)
  PASS  std::isfinite(in.x)
  PASS  std::isfinite(in.y)
  PASS  std::isfinite(in.x)
  PASS  std::isfinite(in.y)
  PASS  std::isfinite(in.x)
  PASS  std::isfinite(in.y)
  PASS  std::isfinite(in.x)
  PASS  std::isfinite(in.y)
  PASS  std::isfinite(in.x)
  PASS  std::isfinite(in.y)
  PASS  std::isfinite(in.x)
  PASS  std::isfinite(in.y)
  PASS  std::isfinite(in.x)
  PASS  std::isfinite(in.y)
  PASS  std::isfinite(in.x)
  PASS  std::isfinite(in.y)
  PASS  std::isfinite(in.x)
  PASS  std::isfinite(in.y)
  PASS  std::isfinite(in.x)
  PASS  std::isfinite(in.y)
  PASS  std::isfinite(in.x)
  PASS  std::isfinite(in.y)
  PASS  std::isfinite(in.x)
  PASS  std::isfinite(in.y)
  PASS  std::isfinite(in.x)
  PASS  std::isfinite(in.y)
  PASS  std::isfinite(in.x)
  PASS  std::isfinite(in.y)
  PASS  std::isfinite(in.x)
  PASS  std::isfinite(in.y)
  PASS  std::isfinite(in.x)
  PASS  std::isfinite(in.y)
  PASS  std::isfinite(in.x)
  PASS  std::isfinite(in.y)
  PASS  std::isfinite(in.x)
  PASS  std::isfinite(in.y)
  PASS  std::isfinite(in.x)
  PASS  std::isfinite(in.y)
  PASS  std::isfinite(in.x)
  PASS  std::isfinite(in.y)
  PASS  std::isfinite(in.x)
  PASS  std::isfinite(in.y)
  PASS  std::isfinite(in.x)
  PASS  std::isfinite(in.y)
  PASS  std::isfinite(in.x)
  PASS  std::isfinite(in.y)
  PASS  std::isfinite(in.x)
  PASS  std::isfinite(in.y)
  PASS  std::isfinite(in.x)
  PASS  std::isfinite(in.y)
  PASS  std::isfinite(in.x)
  PASS  std::isfinite(in.y)
  PASS  std::isfinite(in.x)
  PASS  std::isfinite(in.y)
  PASS  std::isfinite(in.x)
  PASS  std::isfinite(in.y)
  PASS  std::isfinite(in.x)
  PASS  std::isfinite(in.y)
  PASS  std::isfinite(in.x)
  PASS  std::isfinite(in.y)
  PASS  std::isfinite(in.x)
  PASS  std::isfinite(in.y)
  PASS  std::isfinite(in.x)
  PASS  std::isfinite(in.y)
  PASS  std::isfinite(in.x)
  PASS  std::isfinite(in.y)
  PASS  std::isfinite(in.x)
  PASS  std::isfinite(in.y)
  PASS  std::isfinite(in.x)
  PASS  std::isfinite(in.y)
  PASS  std::isfinite(in.x)
  PASS  std::isfinite(in.y)
  PASS  std::isfinite(in.x)
  PASS  std::isfinite(in.y)
  PASS  std::isfinite(in.x)
  PASS  std::isfinite(in.y)
  PASS  std::isfinite(in.x)
  PASS  std::isfinite(in.y)
  PASS  std::isfinite(in.x)
  PASS  std::isfinite(in.y)
  PASS  std::isfinite(in.x)
  PASS  std::isfinite(in.y)
  PASS  std::isfinite(in.x)
  PASS  std::isfinite(in.y)
  PASS  std::isfinite(in.x)
  PASS  std::isfinite(in.y)
  PASS  std::isfinite(in.x)
  PASS  std::isfinite(in.y)
  PASS  std::isfinite(in.x)
  PASS  std::isfinite(in.y)
  PASS  std::isfinite(in.x)
  PASS  std::isfinite(in.y)
  PASS  std::isfinite(in.x)
  PASS  std::isfinite(in.y)
  PASS  std::isfinite(in.x)
  PASS  std::isfinite(in.y)
  PASS  std::isfinite(in.x)
  PASS  std::isfinite(in.y)
  PASS  std::isfinite(in.x)
  PASS  std::isfinite(in.y)
  PASS  std::isfinite(in.x)
  PASS  std::isfinite(in.y)
  PASS  std::isfinite(in.x)
  PASS  std::isfinite(in.y)
  PASS  std::isfinite(in.x)
  PASS  std::isfinite(in.y)
  PASS  std::isfinite(in.x)
  PASS  std::isfinite(in.y)
  PASS  std::isfinite(in.x)
  PASS  std::isfinite(in.y)
  PASS  std::isfinite(in.x)
  PASS  std::isfinite(in.y)
  PASS  std::isfinite(in.x)
  PASS  std::isfinite(in.y)
  PASS  std::isfinite(in.x)
  PASS  std::isfinite(in.y)
  PASS  std::isfinite(in.x)
  PASS  std::isfinite(in.y)
  PASS  std::isfinite(in.x)
  PASS  std::isfinite(in.y)
  PASS  std::isfinite(in.x)
  PASS  std::isfinite(in.y)
  PASS  std::isfinite(in.x)
  PASS  std::isfinite(in.y)
  PASS  std::isfinite(in.x)
  PASS  std::isfinite(in.y)
  PASS  std::isfinite(in.x)
  PASS  std::isfinite(in.y)
  PASS  std::isfinite(in.x)
  PASS  std::isfinite(in.y)
  PASS  std::isfinite(in.x)
  PASS  std::isfinite(in.y)
  PASS  std::isfinite(in.x)
  PASS  std::isfinite(in.y)
  PASS  std::isfinite(in.x)
  PASS  std::isfinite(in.y)
  PASS  std::isfinite(in.x)
  PASS  std::isfinite(in.y)
  PASS  std::isfinite(in.x)
  PASS  std::isfinite(in.y)
  PASS  std::isfinite(in.x)
  PASS  std::isfinite(in.y)
  PASS  std::isfinite(in.x)
  PASS  std::isfinite(in.y)
  PASS  std::isfinite(in.x)
  PASS  std::isfinite(in.y)
  PASS  std::isfinite(in.x)
  PASS  std::isfinite(in.y)
  PASS  std::isfinite(in.x)
  PASS  std::isfinite(in.y)
  PASS  std::isfinite(in.x)
  PASS  std::isfinite(in.y)
  PASS  std::isfinite(in.x)
  PASS  std::isfinite(in.y)
  PASS  std::isfinite(in.x)
  PASS  std::isfinite(in.y)
  PASS  std::isfinite(in.x)
  PASS  std::isfinite(in.y)
  PASS  std::isfinite(in.x)
  PASS  std::isfinite(in.y)
  PASS  std::isfinite(in.x)
  PASS  std::isfinite(in.y)
  PASS  std::isfinite(in.x)
  PASS  std::isfinite(in.y)
  PASS  std::isfinite(in.x)
  PASS  std::isfinite(in.y)
  PASS  std::isfinite(in.x)
  PASS  std::isfinite(in.y)
  PASS  std::isfinite(in.x)
  PASS  std::isfinite(in.y)
  PASS  std::isfinite(in.x)
  PASS  std::isfinite(in.y)
  PASS  std::isfinite(in.x)
  PASS  std::isfinite(in.y)
  PASS  std::isfinite(in.x)
  PASS  std::isfinite(in.y)
  PASS  std::isfinite(in.x)
  PASS  std::isfinite(in.y)
  PASS  std::isfinite(in.x)
  PASS  std::isfinite(in.y)
  PASS  std::isfinite(in.x)
  PASS  std::isfinite(in.y)
  PASS  std::isfinite(in.x)
  PASS  std::isfinite(in.y)
  PASS  std::isfinite(in.x)
  PASS  std::isfinite(in.y)
  PASS  std::isfinite(in.x)
  PASS  std::isfinite(in.y)
  PASS  std::isfinite(in.x)
  PASS  std::isfinite(in.y)
  PASS  std::isfinite(in.x)
  PASS  std::isfinite(in.y)
  PASS  std::isfinite(in.x)
  PASS  std::isfinite(in.y)
  PASS  std::isfinite(in.x)
  PASS  std::isfinite(in.y)
  PASS  std::isfinite(in.x)
  PASS  std::isfinite(in.y)
  PASS  std::isfinite(in.x)
  PASS  std::isfinite(in.y)
  PASS  std::isfinite(in.x)
  PASS  std::isfinite(in.y)
  PASS  std::isfinite(in.x)
  PASS  std::isfinite(in.y)
  PASS  std::isfinite(in.x)
  PASS  std::isfinite(in.y)
  PASS  std::isfinite(in.x)
  PASS  std::isfinite(in.y)
  PASS  std::isfinite(in.x)
  PASS  std::isfinite(in.y)
  PASS  std::isfinite(in.x)
  PASS  std::isfinite(in.y)
  PASS  std::isfinite(in.x)
  PASS  std::isfinite(in.y)
  PASS  std::isfinite(in.x)
  PASS  std::isfinite(in.y)
  PASS  std::isfinite(in.x)
  PASS  std::isfinite(in.y)
  PASS  std::isfinite(in.x)
  PASS  std::isfinite(in.y)
  PASS  std::isfinite(in.x)
  PASS  std::isfinite(in.y)
  PASS  std::isfinite(in.x)
  PASS  std::isfinite(in.y)
  PASS  std::isfinite(in.x)
  PASS  std::isfinite(in.y)
  PASS  std::isfinite(in.x)
  PASS  std::isfinite(in.y)
  PASS  std::isfinite(in.x)
  PASS  std::isfinite(in.y)
  PASS  std::isfinite(in.x)
  PASS  std::isfinite(in.y)
  PASS  std::isfinite(in.x)
  PASS  std::isfinite(in.y)
  PASS  std::isfinite(in.x)
  PASS  std::isfinite(in.y)
  PASS  std::isfinite(in.x)
  PASS  std::isfinite(in.y)
  PASS  std::isfinite(in.x)
  PASS  std::isfinite(in.y)
  PASS  std::isfinite(in.x)
  PASS  std::isfinite(in.y)
  PASS  std::isfinite(in.x)
  PASS  std::isfinite(in.y)
  PASS  std::isfinite(in.x)
  PASS  std::isfinite(in.y)
  PASS  std::isfinite(in.x)
  PASS  std::isfinite(in.y)
  PASS  std::isfinite(in.x)
  PASS  std::isfinite(in.y)
  PASS  std::isfinite(in.x)
  PASS  std::isfinite(in.y)
  PASS  std::isfinite(in.x)
  PASS  std::isfinite(in.y)
  PASS  std::isfinite(in.x)
  PASS  std::isfinite(in.y)
  PASS  std::isfinite(in.x)
  PASS  std::isfinite(in.y)
  PASS  std::isfinite(in.x)
  PASS  std::isfinite(in.y)
  PASS  std::isfinite(in.x)
  PASS  std::isfinite(in.y)
  PASS  std::isfinite(in.x)
  PASS  std::isfinite(in.y)
  PASS  std::isfinite(in.x)
  PASS  std::isfinite(in.y)
  PASS  std::isfinite(in.x)
  PASS  std::isfinite(in.y)
  PASS  std::isfinite(in.x)
  PASS  std::isfinite(in.y)
  PASS  std::isfinite(in.x)
  PASS  std::isfinite(in.y)
  PASS  std::isfinite(in.x)
  PASS  std::isfinite(in.y)
  PASS  std::isfinite(in.x)
  PASS  std::isfinite(in.y)
  PASS  std::isfinite(in.x)
  PASS  std::isfinite(in.y)
  PASS  std::isfinite(in.x)
  PASS  std::isfinite(in.y)
  PASS  std::isfinite(in.x)
  PASS  std::isfinite(in.y)
  PASS  std::isfinite(in.x)
  PASS  std::isfinite(in.y)
  PASS  std::isfinite(in.x)
  PASS  std::isfinite(in.y)
  PASS  std::isfinite(in.x)
  PASS  std::isfinite(in.y)
  PASS  std::isfinite(in.x)
  PASS  std::isfinite(in.y)
  PASS  std::isfinite(in.x)
  PASS  std::isfinite(in.y)
  PASS  std::isfinite(in.x)
  PASS  std::isfinite(in.y)
  PASS  std::isfinite(in.x)
  PASS  std::isfinite(in.y)
  PASS  std::isfinite(in.x)
  PASS  std::isfinite(in.y)
  PASS  std::isfinite(in.x)
  PASS  std::isfinite(in.y)
  PASS  std::isfinite(in.x)
  PASS  std::isfinite(in.y)
  PASS  std::isfinite(in.x)
  PASS  std::isfinite(in.y)
  PASS  std::isfinite(in.x)
  PASS  std::isfinite(in.y)
  PASS  std::isfinite(in.x)
  PASS  std::isfinite(in.y)
  PASS  std::isfinite(in.x)
  PASS  std::isfinite(in.y)
  PASS  std::isfinite(in.x)
  PASS  std::isfinite(in.y)
  PASS  std::isfinite(in.x)
  PASS  std::isfinite(in.y)
  PASS  std::isfinite(in.x)
  PASS  std::isfinite(in.y)
  PASS  std::isfinite(in.x)
  PASS  std::isfinite(in.y)
  PASS  std::isfinite(in.x)
  PASS  std::isfinite(in.y)
  PASS  std::isfinite(in.x)
  PASS  std::isfinite(in.y)
  PASS  std::isfinite(in.x)
  PASS  std::isfinite(in.y)
  PASS  std::isfinite(in.x)
  PASS  std::isfinite(in.y)
  PASS  std::isfinite(in.x)
  PASS  std::isfinite(in.y)
  PASS  std::isfinite(in.x)
  PASS  std::isfinite(in.y)
  PASS  std::isfinite(in.x)
  PASS  std::isfinite(in.y)
  PASS  std::isfinite(in.x)
  PASS  std::isfinite(in.y)
  PASS  std::isfinite(in.x)
  PASS  std::isfinite(in.y)
  PASS  std::isfinite(in.x)
  PASS  std::isfinite(in.y)
  PASS  std::isfinite(in.x)
  PASS  std::isfinite(in.y)
  PASS  std::isfinite(in.x)
  PASS  std::isfinite(in.y)
  PASS  std::isfinite(in.x)
  PASS  std::isfinite(in.y)
  PASS  std::isfinite(in.x)
  PASS  std::isfinite(in.y)
  PASS  std::isfinite(in.x)
  PASS  std::isfinite(in.y)
  PASS  std::isfinite(in.x)
  PASS  std::isfinite(in.y)
  PASS  std::isfinite(in.x)
  PASS  std::isfinite(in.y)
  PASS  std::isfinite(in.x)
  PASS  std::isfinite(in.y)
  PASS  std::isfinite(in.x)
  PASS  std::isfinite(in.y)
  PASS  std::isfinite(in.x)
  PASS  std::isfinite(in.y)
  PASS  std::isfinite(in.x)
  PASS  std::isfinite(in.y)
  PASS  std::isfinite(in.x)
  PASS  std::isfinite(in.y)
  PASS  std::isfinite(in.x)
  PASS  std::isfinite(in.y)
  PASS  std::isfinite(in.x)
  PASS  std::isfinite(in.y)
  PASS  std::isfinite(in.x)
  PASS  std::isfinite(in.y)
  PASS  std::isfinite(in.x)
  PASS  std::isfinite(in.y)
  PASS  std::isfinite(in.x)
  PASS  std::isfinite(in.y)
  PASS  std::isfinite(in.x)
  PASS  std::isfinite(in.y)
  PASS  std::isfinite(in.x)
  PASS  std::isfinite(in.y)
  PASS  std::isfinite(in.x)
  PASS  std::isfinite(in.y)
  PASS  std::isfinite(in.x)
  PASS  std::isfinite(in.y)
  PASS  std::isfinite(in.x)
  PASS  std::isfinite(in.y)
  PASS  std::isfinite(in.x)
  PASS  std::isfinite(in.y)
  PASS  std::isfinite(in.x)
  PASS  std::isfinite(in.y)
  PASS  std::isfinite(in.x)
  PASS  std::isfinite(in.y)
  PASS  std::isfinite(in.x)
  PASS  std::isfinite(in.y)
  PASS  std::isfinite(in.x)
  PASS  std::isfinite(in.y)
  PASS  std::isfinite(in.x)
  PASS  std::isfinite(in.y)
  PASS  std::isfinite(in.x)
  PASS  std::isfinite(in.y)
  PASS  std::isfinite(in.x)
  PASS  std::isfinite(in.y)
  PASS  std::isfinite(in.x)
  PASS  std::isfinite(in.y)
  PASS  std::isfinite(in.x)
  PASS  std::isfinite(in.y)
  PASS  std::isfinite(in.x)
  PASS  std::isfinite(in.y)
  PASS  std::isfinite(in.x)
  PASS  std::isfinite(in.y)
  PASS  std::isfinite(in.x)
  PASS  std::isfinite(in.y)
  PASS  std::isfinite(in.x)
  PASS  std::isfinite(in.y)
  PASS  std::isfinite(in.x)
  PASS  std::isfinite(in.y)
  PASS  std::isfinite(in.x)
  PASS  std::isfinite(in.y)
  PASS  std::isfinite(in.x)
  PASS  std::isfinite(in.y)
  PASS  std::isfinite(in.x)
  PASS  std::isfinite(in.y)
  PASS  std::isfinite(in.x)
  PASS  std::isfinite(in.y)
  PASS  std::isfinite(in.x)
  PASS  std::isfinite(in.y)
  PASS  std::isfinite(in.x)
  PASS  std::isfinite(in.y)
  PASS  std::isfinite(in.x)
  PASS  std::isfinite(in.y)
  PASS  std::isfinite(in.x)
  PASS  std::isfinite(in.y)
  PASS  std::isfinite(in.x)
  PASS  std::isfinite(in.y)
  PASS  std::isfinite(in.x)
  PASS  std::isfinite(in.y)
  PASS  std::isfinite(in.x)
  PASS  std::isfinite(in.y)
  PASS  std::isfinite(in.x)
  PASS  std::isfinite(in.y)
  PASS  std::isfinite(in.x)
  PASS  std::isfinite(in.y)
  PASS  std::isfinite(in.x)
  PASS  std::isfinite(in.y)
  PASS  std::isfinite(in.x)
  PASS  std::isfinite(in.y)
  PASS  std::isfinite(in.x)
  PASS  std::isfinite(in.y)
  PASS  std::isfinite(in.x)
  PASS  std::isfinite(in.y)
  PASS  std::isfinite(in.x)
  PASS  std::isfinite(in.y)
  PASS  std::isfinite(in.x)
  PASS  std::isfinite(in.y)
  PASS  std::isfinite(in.x)
  PASS  std::isfinite(in.y)
  PASS  std::isfinite(in.x)
  PASS  std::isfinite(in.y)
  PASS  std::isfinite(in.x)
  PASS  std::isfinite(in.y)
  PASS  std::isfinite(in.x)
  PASS  std::isfinite(in.y)
  PASS  std::isfinite(in.x)
  PASS  std::isfinite(in.y)
  PASS  std::isfinite(in.x)
  PASS  std::isfinite(in.y)
  PASS  std::isfinite(in.x)
  PASS  std::isfinite(in.y)
  PASS  std::isfinite(in.x)
  PASS  std::isfinite(in.y)
  PASS  std::isfinite(in.x)
  PASS  std::isfinite(in.y)
  PASS  std::isfinite(in.x)
  PASS  std::isfinite(in.y)
  PASS  std::isfinite(in.x)
  PASS  std::isfinite(in.y)
  PASS  std::isfinite(in.x)
  PASS  std::isfinite(in.y)
  PASS  std::isfinite(in.x)
  PASS  std::isfinite(in.y)
  PASS  std::isfinite(in.x)
  PASS  std::isfinite(in.y)
  PASS  std::isfinite(in.x)
  PASS  std::isfinite(in.y)
  PASS  std::fabs(total_out_x) > 100.0
  PASS  std::fabs(total_out_y) > 100.0
  PASS  std::fabs(rem_x) < 1.0
  PASS  std::fabs(rem_y) < 1.0

[R15 — EMA smoother: 100K iterations, no drift or divergence]
  PASS  last ≈ 5.0  (5 ≈ 5)
  PASS  std::isfinite(last)
  PASS  last >= 0.0 && last <= 10.0
  PASS  last ≈ 5.0  (5 ≈ 5)
  PASS  std::isfinite(v)

[R15 — config round-trip: all fields at boundary values]
  PASS  dp2.name == dp.name
  PASS  dp2.device_id == dp.device_id
  PASS  dp2.dev_cfg.dpi == dp.dev_cfg.dpi
  PASS  dp2.dev_cfg.polling_rate == dp.dev_cfg.polling_rate
  PASS  dp2.prof.degrees_rotation ≈ 359.99  (359.99 ≈ 359.99)
  PASS  dp2.prof.degrees_snap ≈ p.degrees_snap  (45 ≈ 45)
  PASS  dp2.prof.speed_min ≈ p.speed_min  (0 ≈ 0)
  PASS  dp2.prof.speed_max ≈ p.speed_max  (500 ≈ 500)
  PASS  dp2.prof.output_dpi ≈ p.output_dpi  (32000 ≈ 32000)
  PASS  dp2.prof.lr_output_dpi_ratio ≈ p.lr_output_dpi_ratio  (100 ≈ 100)
  PASS  dp2.prof.ud_output_dpi_ratio ≈ p.ud_output_dpi_ratio  (0.01 ≈ 0.01)
  PASS  dp2.prof.raw_passthrough == false
  PASS  ax2.mode == accel_mode::classic
  PASS  ax2.gain == true
  PASS  ax2.acceleration ≈ 20.0  (20 ≈ 20)
  PASS  ax2.exponent_classic ≈ 10.0  (10 ≈ 10)
  PASS  ax2.limit ≈ 100.0  (100 ≈ 100)
  PASS  ax2.input_offset ≈ 100.0  (100 ≈ 100)
  PASS  ax2.output_offset ≈ 100.0  (100 ≈ 100)
  PASS  ax2.scale ≈ 100.0  (100 ≈ 100)
  PASS  ax2.cap.x ≈ 500.0  (500 ≈ 500)
  PASS  ax2.cap.y ≈ 100.0  (100 ≈ 100)
  PASS  dp2.prof.accel_y.mode == accel_mode::natural
  PASS  dp2.prof.speed_processor_args.lp_norm ≈ 32.0  (32 ≈ 32)
  PASS  dp2.prof.speed_processor_args.input_speed_smooth_halflife ≈ 200.0  (200 ≈ 200)

[R15 — rotate/direction identity and edge cases]
  PASS  r0.x ≈ 3.0  (3 ≈ 3)
  PASS  r0.y ≈ 4.0  (4 ≈ 4)
  PASS  r360.x ≈ 3.0  (3 ≈ 3)
  PASS  r360.y ≈ 4.0  (4 ≈ 4)
  PASS  back.x ≈ 3.0  (3 ≈ 3)
  PASS  back.y ≈ 4.0  (4 ≈ 4)
  PASS  rot90.x ≈ 0.0  (6.12323e-17 ≈ 0)
  PASS  rot90.y ≈ 1.0  (1 ≈ 1)
  PASS  rot180.x ≈ -1.0  (-1 ≈ -1)
  PASS  rot180.y ≈ 0.0  (1.22465e-16 ≈ 0)
  PASS  magnitude(rv) ≈ magnitude(v)  (5 ≈ 5)
  PASS  magnitude(rv) ≈ magnitude(v)  (5 ≈ 5)
  PASS  magnitude(rv) ≈ magnitude(v)  (5 ≈ 5)
  PASS  magnitude(rv) ≈ magnitude(v)  (5 ≈ 5)
  PASS  magnitude(rv) ≈ magnitude(v)  (5 ≈ 5)
  PASS  magnitude(rv) ≈ magnitude(v)  (5 ≈ 5)
  PASS  magnitude(rv) ≈ magnitude(v)  (5 ≈ 5)
  PASS  magnitude(rv) ≈ magnitude(v)  (5 ≈ 5)
  PASS  magnitude(rv) ≈ magnitude(v)  (5 ≈ 5)
  PASS  magnitude(rv) ≈ magnitude(v)  (5 ≈ 5)
  PASS  magnitude(rv) ≈ magnitude(v)  (5 ≈ 5)
  PASS  magnitude(rv) ≈ magnitude(v)  (5 ≈ 5)
  PASS  magnitude(rv) ≈ magnitude(v)  (5 ≈ 5)
  PASS  magnitude(rv) ≈ magnitude(v)  (5 ≈ 5)
  PASS  magnitude(rv) ≈ magnitude(v)  (5 ≈ 5)
  PASS  magnitude(rv) ≈ magnitude(v)  (5 ≈ 5)
  PASS  magnitude(rv) ≈ magnitude(v)  (5 ≈ 5)
  PASS  magnitude(rv) ≈ magnitude(v)  (5 ≈ 5)
  PASS  magnitude(rv) ≈ magnitude(v)  (5 ≈ 5)
  PASS  magnitude(rv) ≈ magnitude(v)  (5 ≈ 5)
  PASS  magnitude(rv) ≈ magnitude(v)  (5 ≈ 5)

[R15 — vec2 helpers: maxsd, minsd, clampsd, lp_distance]
  PASS  maxsd(3.0, 7.0) ≈ 7.0  (7 ≈ 7)
  PASS  maxsd(-1.0, -5.0) ≈ -1.0  (-1 ≈ -1)
  PASS  maxsd(0.0, 0.0) ≈ 0.0  (0 ≈ 0)
  PASS  minsd(3.0, 7.0) ≈ 3.0  (3 ≈ 3)
  PASS  minsd(-1.0, -5.0) ≈ -5.0  (-5 ≈ -5)
  PASS  clampsd(5.0, 0.0, 10.0) ≈ 5.0  (5 ≈ 5)
  PASS  clampsd(-5.0, 0.0, 10.0) ≈ 0.0  (0 ≈ 0)
  PASS  clampsd(15.0, 0.0, 10.0) ≈ 10.0  (10 ≈ 10)
  PASS  clampsd(0.0, 0.0, 0.0) ≈ 0.0  (0 ≈ 0)
  PASS  lp_distance(v, 2.0) ≈ 5.0  (5 ≈ 5)
  PASS  lp_distance(v, 1.0) ≈ 7.0  (7 ≈ 7)
  PASS  lp_distance(v, 100.0) ≈ 4.0  (4 ≈ 4)
  PASS  lp_distance({0, 0}, 2.0) ≈ 0.0  (0 ≈ 0)
  PASS  lp_distance({0, 0}, 0.5) ≈ 0.0  (0 ≈ 0)
  PASS  lp_distance({0, 0}, -1.0) ≈ 0.0  (0 ≈ 0)

[R15 — lat_stats stress: 1M records + periodic snapshots]
  PASS  ls.count == 1000000
  PASS  ls.min_us ≈ 0.0  (0 ≈ 0)
  PASS  ls.max_us ≈ 999.0  (999 ≈ 999)
  PASS  ls.sum_us / ls.count ≈ 499.5  (499.5 ≈ 499.5)
  PASS  snap.count == 1000000
  PASS  ls.count == 0
  PASS  snap.hist[0] > 0
  PASS  snap.hist[998] > 0
  PASS  snap.over > 0
  PASS  ls.count == 1
  PASS  ls.min_us ≈ 42.0  (42 ≈ 42)
  PASS  ls.max_us ≈ 42.0  (42 ≈ 42)

[R15 — all modes: sanitize → init → apply cycle]
  PASS  std::isfinite(g)
  PASS  g >= 0.0
  PASS  std::isfinite(g)
  PASS  g >= 0.0
  PASS  std::isfinite(g)
  PASS  g >= 0.0
  PASS  std::isfinite(g)
  PASS  g >= 0.0
  PASS  std::isfinite(g)
  PASS  g >= 0.0
  PASS  std::isfinite(g)
  PASS  g >= 0.0
  PASS  std::isfinite(g)
  PASS  g >= 0.0
  PASS  std::isfinite(g)
  PASS  g >= 0.0
  PASS  std::isfinite(g)
  PASS  g >= 0.0
  PASS  std::isfinite(g)
  PASS  g >= 0.0
  PASS  std::isfinite(g)
  PASS  g >= 0.0
  PASS  std::isfinite(g)
  PASS  g >= 0.0
  PASS  std::isfinite(g)
  PASS  g >= 0.0
  PASS  std::isfinite(g)
  PASS  g >= 0.0
  PASS  std::isfinite(g)
  PASS  g >= 0.0
  PASS  std::isfinite(g)
  PASS  g >= 0.0
  PASS  std::isfinite(g)
  PASS  g >= 0.0
  PASS  std::isfinite(g)
  PASS  g >= 0.0
  PASS  std::isfinite(g)
  PASS  g >= 0.0
  PASS  std::isfinite(g)
  PASS  g >= 0.0
  PASS  std::isfinite(g)
  PASS  g >= 0.0
  PASS  std::isfinite(g)
  PASS  g >= 0.0
  PASS  std::isfinite(g)
  PASS  g >= 0.0
  PASS  std::isfinite(g)
  PASS  g >= 0.0
  PASS  std::isfinite(g)
  PASS  g >= 0.0
  PASS  std::isfinite(g)
  PASS  g >= 0.0
  PASS  std::isfinite(g)
  PASS  g >= 0.0
  PASS  std::isfinite(g)
  PASS  g >= 0.0
  PASS  std::isfinite(g)
  PASS  g >= 0.0
  PASS  std::isfinite(g)
  PASS  g >= 0.0
  PASS  std::isfinite(g)
  PASS  g >= 0.0
  PASS  std::isfinite(g)
  PASS  g >= 0.0
  PASS  std::isfinite(g)
  PASS  g >= 0.0
  PASS  std::isfinite(g)
  PASS  g >= 0.0
  PASS  std::isfinite(g)
  PASS  g >= 0.0
  PASS  std::isfinite(g)
  PASS  g >= 0.0
  PASS  std::isfinite(g)
  PASS  g >= 0.0
  PASS  std::isfinite(g)
  PASS  g >= 0.0
  PASS  std::isfinite(g)
  PASS  g >= 0.0
  PASS  std::isfinite(g)
  PASS  g >= 0.0
  PASS  std::isfinite(g)
  PASS  g >= 0.0
  PASS  std::isfinite(g)
  PASS  g >= 0.0
  PASS  std::isfinite(g)
  PASS  g >= 0.0
  PASS  std::isfinite(g)
  PASS  g >= 0.0
  PASS  std::isfinite(g)
  PASS  g >= 0.0
  PASS  std::isfinite(g)
  PASS  g >= 0.0
  PASS  std::isfinite(g)
  PASS  g >= 0.0
  PASS  std::isfinite(g)
  PASS  g >= 0.0
  PASS  std::isfinite(g)
  PASS  g >= 0.0
  PASS  std::isfinite(g)
  PASS  g >= 0.0
  PASS  std::isfinite(g)
  PASS  g >= 0.0
  PASS  std::isfinite(g)
  PASS  g >= 0.0
  PASS  std::isfinite(g)
  PASS  g >= 0.0
  PASS  std::isfinite(g)
  PASS  g >= 0.0
  PASS  std::isfinite(g)
  PASS  g >= 0.0
  PASS  std::isfinite(g)
  PASS  g >= 0.0
  PASS  std::isfinite(g)
  PASS  g >= 0.0
  PASS  std::isfinite(g)
  PASS  g >= 0.0
  PASS  std::isfinite(g)
  PASS  g >= 0.0
  PASS  std::isfinite(g)
  PASS  g >= 0.0
  PASS  std::isfinite(g)
  PASS  g >= 0.0
  PASS  std::isfinite(g)
  PASS  g >= 0.0
  PASS  std::isfinite(g)
  PASS  g >= 0.0
  PASS  std::isfinite(g)
  PASS  g >= 0.0
  PASS  std::isfinite(g)
  PASS  g >= 0.0
  PASS  std::isfinite(g)
  PASS  g >= 0.0
  PASS  std::isfinite(g)
  PASS  g >= 0.0
  PASS  std::isfinite(g)
  PASS  g >= 0.0
  PASS  std::isfinite(g)
  PASS  g >= 0.0
  PASS  std::isfinite(g)
  PASS  g >= 0.0
  PASS  std::isfinite(g)
  PASS  g >= 0.0
  PASS  std::isfinite(g)
  PASS  g >= 0.0
  PASS  std::isfinite(g)
  PASS  g >= 0.0
  PASS  std::isfinite(g)
  PASS  g >= 0.0
  PASS  std::isfinite(g)
  PASS  g >= 0.0
  PASS  std::isfinite(g)
  PASS  g >= 0.0
  PASS  std::isfinite(g)
  PASS  g >= 0.0
  PASS  std::isfinite(g)
  PASS  g >= 0.0
  PASS  std::isfinite(g)
  PASS  g >= 0.0
  PASS  std::isfinite(g)
  PASS  g >= 0.0
  PASS  std::isfinite(g)
  PASS  g >= 0.0
  PASS  std::isfinite(g)
  PASS  g >= 0.0
  PASS  std::isfinite(g)
  PASS  g >= 0.0
  PASS  std::isfinite(g)
  PASS  g >= 0.0
  PASS  std::isfinite(g)
  PASS  g >= 0.0
  PASS  std::isfinite(g)
  PASS  g >= 0.0
  PASS  std::isfinite(g)
  PASS  g >= 0.0
  PASS  std::isfinite(g)
  PASS  g >= 0.0
  PASS  std::isfinite(g)
  PASS  g >= 0.0
  PASS  std::isfinite(g)
  PASS  g >= 0.0
  PASS  std::isfinite(g)
  PASS  g >= 0.0
  PASS  std::isfinite(g)
  PASS  g >= 0.0
  PASS  std::isfinite(g)
  PASS  g >= 0.0
  PASS  std::isfinite(g)
  PASS  g >= 0.0
  PASS  std::isfinite(g)
  PASS  g >= 0.0
  PASS  std::isfinite(g)
  PASS  g >= 0.0
  PASS  std::isfinite(g)
  PASS  g >= 0.0
  PASS  std::isfinite(g)
  PASS  g >= 0.0
  PASS  std::isfinite(g)
  PASS  g >= 0.0
  PASS  std::isfinite(g)
  PASS  g >= 0.0
  PASS  std::isfinite(g)
  PASS  g >= 0.0
  PASS  std::isfinite(g)
  PASS  g >= 0.0
  PASS  std::isfinite(g)
  PASS  g >= 0.0
  PASS  std::isfinite(g)
  PASS  g >= 0.0
  PASS  std::isfinite(g)
  PASS  g >= 0.0
  PASS  std::isfinite(g)
  PASS  g >= 0.0
  PASS  std::isfinite(g)
  PASS  g >= 0.0
  PASS  std::isfinite(g)
  PASS  g >= 0.0
  PASS  std::isfinite(g)
  PASS  g >= 0.0
  PASS  std::isfinite(g)
  PASS  g >= 0.0
  PASS  std::isfinite(g)
  PASS  g >= 0.0
  PASS  std::isfinite(g)
  PASS  g >= 0.0
  PASS  std::isfinite(g)
  PASS  g >= 0.0
  PASS  std::isfinite(g)
  PASS  g >= 0.0
  PASS  std::isfinite(g)
  PASS  g >= 0.0
  PASS  std::isfinite(g)
  PASS  g >= 0.0
  PASS  std::isfinite(g)
  PASS  g >= 0.0
  PASS  std::isfinite(g)
  PASS  g >= 0.0
  PASS  std::isfinite(g)
  PASS  g >= 0.0
  PASS  std::isfinite(g)
  PASS  g >= 0.0
  PASS  std::isfinite(g)
  PASS  g >= 0.0
  PASS  std::isfinite(g)
  PASS  g >= 0.0
  PASS  std::isfinite(g)
  PASS  g >= 0.0
  PASS  std::isfinite(g)
  PASS  g >= 0.0
  PASS  std::isfinite(g)
  PASS  g >= 0.0
  PASS  std::isfinite(g)
  PASS  g >= 0.0
  PASS  std::isfinite(g)
  PASS  g >= 0.0
  PASS  std::isfinite(g)
  PASS  g >= 0.0
  PASS  std::isfinite(g)
  PASS  g >= 0.0
  PASS  std::isfinite(g)
  PASS  g >= 0.0
  PASS  std::isfinite(g)
  PASS  g >= 0.0
  PASS  std::isfinite(g)
  PASS  g >= 0.0
  PASS  std::isfinite(g)
  PASS  g >= 0.0
  PASS  std::isfinite(g)
  PASS  g >= 0.0
  PASS  std::isfinite(g)
  PASS  g >= 0.0
  PASS  std::isfinite(g)
  PASS  g >= 0.0
  PASS  std::isfinite(g)
  PASS  g >= 0.0
  PASS  std::isfinite(g)
  PASS  g >= 0.0
  PASS  std::isfinite(g)
  PASS  g >= 0.0
  PASS  std::isfinite(g)
  PASS  g >= 0.0
  PASS  std::isfinite(g)
  PASS  g >= 0.0
  PASS  std::isfinite(g)
  PASS  g >= 0.0
  PASS  std::isfinite(g)
  PASS  g >= 0.0
  PASS  std::isfinite(g)
  PASS  g >= 0.0
  PASS  std::isfinite(g)
  PASS  g >= 0.0
  PASS  std::isfinite(g)
  PASS  g >= 0.0
  PASS  std::isfinite(g)
  PASS  g >= 0.0
  PASS  std::isfinite(g)
  PASS  g >= 0.0
  PASS  std::isfinite(g)
  PASS  g >= 0.0
  PASS  std::isfinite(g)
  PASS  g >= 0.0
  PASS  std::isfinite(g)
  PASS  g >= 0.0
  PASS  std::isfinite(g)
  PASS  g >= 0.0
  PASS  std::isfinite(g)
  PASS  g >= 0.0
  PASS  std::isfinite(g)
  PASS  g >= 0.0
  PASS  std::isfinite(g)
  PASS  g >= 0.0
  PASS  std::isfinite(g)
  PASS  g >= 0.0
  PASS  std::isfinite(g)
  PASS  g >= 0.0
  PASS  std::isfinite(g)
  PASS  g >= 0.0
  PASS  std::isfinite(g)
  PASS  g >= 0.0
  PASS  std::isfinite(g)
  PASS  g >= 0.0
  PASS  std::isfinite(g)
  PASS  g >= 0.0
  PASS  std::isfinite(g)
  PASS  g >= 0.0
  PASS  std::isfinite(g)
  PASS  g >= 0.0
  PASS  std::isfinite(g)
  PASS  g >= 0.0
  PASS  std::isfinite(g)
  PASS  g >= 0.0
  PASS  std::isfinite(g)
  PASS  g >= 0.0
  PASS  std::isfinite(g)
  PASS  g >= 0.0
  PASS  std::isfinite(g)
  PASS  g >= 0.0
  PASS  std::isfinite(g)
  PASS  g >= 0.0
  PASS  std::isfinite(g)
  PASS  g >= 0.0
  PASS  std::isfinite(g)
  PASS  g >= 0.0
  PASS  std::isfinite(g)
  PASS  g >= 0.0
  PASS  std::isfinite(g)
  PASS  g >= 0.0
  PASS  std::isfinite(g)
  PASS  g >= 0.0
  PASS  std::isfinite(g)
  PASS  g >= 0.0
  PASS  std::isfinite(g)
  PASS  g >= 0.0
  PASS  std::isfinite(g)
  PASS  g >= 0.0
  PASS  std::isfinite(g)
  PASS  g >= 0.0
  PASS  std::isfinite(g)
  PASS  g >= 0.0
  PASS  std::isfinite(g)
  PASS  g >= 0.0
  PASS  std::isfinite(g)
  PASS  g >= 0.0
  PASS  std::isfinite(g)
  PASS  g >= 0.0
  PASS  std::isfinite(g)
  PASS  g >= 0.0
  PASS  std::isfinite(g)
  PASS  g >= 0.0
  PASS  std::isfinite(g)
  PASS  g >= 0.0
  PASS  std::isfinite(g)
  PASS  g >= 0.0
  PASS  std::isfinite(g)
  PASS  g >= 0.0
  PASS  std::isfinite(g)
  PASS  g >= 0.0
  PASS  std::isfinite(g)
  PASS  g >= 0.0
  PASS  std::isfinite(g)
  PASS  g >= 0.0
  PASS  std::isfinite(g)
  PASS  g >= 0.0
  PASS  std::isfinite(g)
  PASS  g >= 0.0
  PASS  std::isfinite(g)
  PASS  g >= 0.0
  PASS  std::isfinite(g)
  PASS  g >= 0.0
  PASS  std::isfinite(g)
  PASS  g >= 0.0
  PASS  std::isfinite(g)
  PASS  g >= 0.0
  PASS  std::isfinite(g)
  PASS  g >= 0.0
  PASS  std::isfinite(g)
  PASS  g >= 0.0
  PASS  std::isfinite(g)
  PASS  g >= 0.0
  PASS  std::isfinite(g)
  PASS  g >= 0.0
  PASS  std::isfinite(g)
  PASS  g >= 0.0
  PASS  std::isfinite(g)
  PASS  g >= 0.0
  PASS  std::isfinite(g)
  PASS  g >= 0.0
  PASS  std::isfinite(g)
  PASS  g >= 0.0
  PASS  std::isfinite(g)
  PASS  g >= 0.0
  PASS  std::isfinite(g)
  PASS  g >= 0.0
  PASS  std::isfinite(g)
  PASS  g >= 0.0
  PASS  std::isfinite(g)
  PASS  g >= 0.0
  PASS  std::isfinite(g)
  PASS  g >= 0.0
  PASS  std::isfinite(g)
  PASS  g >= 0.0
  PASS  std::isfinite(g)
  PASS  g >= 0.0
  PASS  std::isfinite(g)
  PASS  g >= 0.0
  PASS  std::isfinite(g)
  PASS  g >= 0.0
  PASS  std::isfinite(g)
  PASS  g >= 0.0
  PASS  std::isfinite(g)
  PASS  g >= 0.0
  PASS  std::isfinite(g)
  PASS  g >= 0.0
  PASS  std::isfinite(g)
  PASS  g >= 0.0
  PASS  std::isfinite(g)
  PASS  g >= 0.0
  PASS  std::isfinite(g)
  PASS  g >= 0.0
  PASS  std::isfinite(g)
  PASS  g >= 0.0
  PASS  std::isfinite(g)
  PASS  g >= 0.0
  PASS  std::isfinite(g)
  PASS  g >= 0.0
  PASS  std::isfinite(g)
  PASS  g >= 0.0
  PASS  std::isfinite(g)
  PASS  g >= 0.0
  PASS  std::isfinite(g)
  PASS  g >= 0.0
  PASS  std::isfinite(g)
  PASS  g >= 0.0
  PASS  std::isfinite(g)
  PASS  g >= 0.0
  PASS  std::isfinite(g)
  PASS  g >= 0.0
  PASS  std::isfinite(g)
  PASS  g >= 0.0
  PASS  std::isfinite(g)
  PASS  g >= 0.0
  PASS  std::isfinite(g)
  PASS  g >= 0.0
  PASS  std::isfinite(g)
  PASS  g >= 0.0
  PASS  std::isfinite(g)
  PASS  g >= 0.0
  PASS  std::isfinite(g)
  PASS  g >= 0.0
  PASS  std::isfinite(g)
  PASS  g >= 0.0
  PASS  std::isfinite(g)
  PASS  g >= 0.0
  PASS  std::isfinite(g)
  PASS  g >= 0.0
  PASS  std::isfinite(g)
  PASS  g >= 0.0
  PASS  std::isfinite(g)
  PASS  g >= 0.0
  PASS  std::isfinite(g)
  PASS  g >= 0.0
  PASS  std::isfinite(g)
  PASS  g >= 0.0
  PASS  std::isfinite(g)
  PASS  g >= 0.0
  PASS  std::isfinite(g)
  PASS  g >= 0.0
  PASS  std::isfinite(g)
  PASS  g >= 0.0
  PASS  std::isfinite(g)
  PASS  g >= 0.0
  PASS  std::isfinite(g)
  PASS  g >= 0.0
  PASS  std::isfinite(g)
  PASS  g >= 0.0
  PASS  std::isfinite(g)
  PASS  g >= 0.0
  PASS  std::isfinite(g)
  PASS  g >= 0.0
  PASS  std::isfinite(g)
  PASS  g >= 0.0
  PASS  std::isfinite(g)
  PASS  g >= 0.0
  PASS  std::isfinite(g)
  PASS  g >= 0.0
  PASS  std::isfinite(g)
  PASS  g >= 0.0
  PASS  std::isfinite(g)
  PASS  g >= 0.0
  PASS  std::isfinite(g)
  PASS  g >= 0.0
  PASS  std::isfinite(g)
  PASS  g >= 0.0
  PASS  std::isfinite(g)
  PASS  g >= 0.0
  PASS  std::isfinite(g)
  PASS  g >= 0.0
  PASS  std::isfinite(g)
  PASS  g >= 0.0
  PASS  std::isfinite(g)
  PASS  g >= 0.0
  PASS  std::isfinite(g)
  PASS  g >= 0.0
  PASS  std::isfinite(g)
  PASS  g >= 0.0
  PASS  std::isfinite(g)
  PASS  g >= 0.0
  PASS  std::isfinite(g)
  PASS  g >= 0.0
  PASS  std::isfinite(g)
  PASS  g >= 0.0
  PASS  std::isfinite(g)
  PASS  g >= 0.0
  PASS  std::isfinite(g)
  PASS  g >= 0.0
  PASS  std::isfinite(g)
  PASS  g >= 0.0
  PASS  std::isfinite(g)
  PASS  g >= 0.0
  PASS  std::isfinite(g)
  PASS  g >= 0.0
  PASS  std::isfinite(g)
  PASS  g >= 0.0
  PASS  std::isfinite(g)
  PASS  g >= 0.0
  PASS  std::isfinite(g)
  PASS  g >= 0.0
  PASS  std::isfinite(g)
  PASS  g >= 0.0
  PASS  std::isfinite(g)
  PASS  g >= 0.0
  PASS  std::isfinite(g)
  PASS  g >= 0.0
  PASS  std::isfinite(g)
  PASS  g >= 0.0
  PASS  std::isfinite(g)
  PASS  g >= 0.0
  PASS  std::isfinite(g)
  PASS  g >= 0.0
  PASS  std::isfinite(g)
  PASS  g >= 0.0
  PASS  std::isfinite(g)
  PASS  g >= 0.0
  PASS  std::isfinite(g)
  PASS  g >= 0.0
  PASS  std::isfinite(g)
  PASS  g >= 0.0
  PASS  std::isfinite(g)
  PASS  g >= 0.0
  PASS  std::isfinite(g)
  PASS  g >= 0.0
  PASS  std::isfinite(g)
  PASS  g >= 0.0
  PASS  std::isfinite(g)
  PASS  g >= 0.0

[R15 — config round-trip: Unicode profile names]
  PASS  cfg2.profiles.size() == 1
  PASS  cfg2.profiles[0].name == dp.name
  PASS  cfg2.profiles[0].device_id == dp.device_id
  PASS  cfg2.active_profile == dp.name

[R15 — synchronous edge cases: near sync_speed, extreme power]
  PASS  std::isfinite(g)
  PASS  g > 0.0
  PASS  std::isfinite(g_below)
  PASS  std::isfinite(g_above)
  PASS  std::fabs(g_below - g_above) < 0.1
  PASS  au.apply(5.0, a) ≈ 0.742577  (0.742577 ≈ 0.742577)

[P86 — synchronous gain_apply: huge speed (1e300) → finite, no UB]
  PASS  std::isfinite(g_huge)
  PASS  std::isfinite(g_1e15)
  PASS  std::isfinite(g_4e133)
  PASS  std::isfinite(g_normal)
  PASS  g_normal > 0.0

[P91 — denormal speed (1e-300) finite and reasonable in every mode]
  PASS  std::isfinite(g)
  PASS  g >= 0.0
  PASS  g < 1000.0
  PASS  std::isfinite(g)
  PASS  g >= 0.0
  PASS  g < 1000.0
  PASS  std::isfinite(g)
  PASS  g >= 0.0
  PASS  g < 1000.0
  PASS  std::isfinite(g)
  PASS  g >= 0.0
  PASS  g < 1000.0
  PASS  std::isfinite(g)
  PASS  g >= 0.0
  PASS  g < 1000.0
  PASS  std::isfinite(g)
  PASS  g >= 0.0
  PASS  g < 1000.0
  PASS  std::isfinite(g)
  PASS  g >= 0.0
  PASS  g < 1000.0
  PASS  std::isfinite(cl(1e-300, ca))
  PASS  std::isfinite(nt(1e-300, na))
  PASS  std::isfinite(pw(1e-300, pa))
  PASS  std::isfinite(sy(1e-300, sa))
  PASS  std::isfinite(cl(5e-324, ca))
  PASS  std::isfinite(pw(5e-324, pa))

[P91 — denormal DPI factor through modifier pipeline]
  PASS  std::isfinite(input.x)
  PASS  std::isfinite(input.y)
  PASS  input.x < 1000.0
  PASS  input.y < 1000.0
  PASS  std::isfinite(input.x)
  PASS  std::isfinite(input.y)
  PASS  input.x < 1000.0
  PASS  input.y < 1000.0
  PASS  std::isfinite(input.x)
  PASS  std::isfinite(input.y)
  PASS  input.x < 1000.0
  PASS  input.y < 1000.0
  PASS  std::isfinite(input.x)
  PASS  std::isfinite(input.y)
  PASS  input.x < 1000.0
  PASS  input.y < 1000.0
  PASS  std::isfinite(input.x)
  PASS  std::isfinite(input.y)
  PASS  input.x < 1000.0
  PASS  input.y < 1000.0
  PASS  std::isfinite(input.x)
  PASS  std::isfinite(input.y)
  PASS  input.x < 1000.0
  PASS  input.y < 1000.0
  PASS  std::isfinite(input.x)
  PASS  std::isfinite(input.y)
  PASS  input.x < 1000.0
  PASS  input.y < 1000.0

[P91 — denormal cursor delta (1e-300) through apply_motion_math]
  PASS  out_x == 0
  PASS  out_y == 0
  PASS  std::isfinite(rx)
  PASS  std::isfinite(ry)
  PASS  rx > 0.0 && rx < 1.0
  PASS  ry > 0.0 && ry < 1.0

[P91 — natural gain at extreme high speed (1e9 ips) stays finite]
  PASS  std::isfinite(g)
  PASS  g > 0.0
  PASS  g ≈ 1.5  (1.5 ≈ 1.5)

[P91 — s(0) identity rows (power/synchronous at speed 0)]
  PASS  pw(0.0, pa) ≈ 1.0  (1 ≈ 1)
  PASS  sy(0.0, sa) ≈ 1.0  (1 ≈ 1)
  PASS  std::isfinite(g_tiny_p)
  PASS  g_tiny_p > 0.0
  PASS  g_tiny_p < 1000.0

[P91 — classic exp<=1 constant-gain (documented linear path)]
  PASS  std::isfinite(g_low)
  PASS  std::isfinite(g_mid)
  PASS  std::isfinite(g_high)
  PASS  g_low ≈ g_mid  (1.005 ≈ 1.005)
  PASS  g_low ≈ g_high  (1.005 ≈ 1.005)
  PASS  std::isfinite(g_low)
  PASS  std::isfinite(g_mid)
  PASS  std::isfinite(g_high)
  PASS  g_low ≈ g_mid  (1.005 ≈ 1.005)
  PASS  g_low ≈ g_high  (1.005 ≈ 1.005)
  PASS  g_a > 1.0
  PASS  g_b > g_a + 1e-6

[P96-A — power legacy io with cap.x=0: finite, movable gain (no silent kill)]
  PASS  std::isfinite(g)
  PASS  g >= 0.0
  PASS  std::isfinite(g)
  PASS  g >= 0.0
  PASS  std::isfinite(g)
  PASS  g >= 0.0
  PASS  std::isfinite(g)
  PASS  g >= 0.0
  PASS  std::isfinite(g)
  PASS  g >= 0.0
  PASS  std::isfinite(g)
  PASS  g >= 0.0
  PASS  std::isfinite(g)
  PASS  g >= 0.0
  PASS  g_mid > 0.0
  PASS  g_mid <= a.cap.y + 1e-9
  PASS  g_high <= a.cap.y + 1e-9

[P96-A — power legacy io cap.x=0 across exponent extremes]
  PASS  std::isfinite(g)
  PASS  g >= 0.0
  PASS  std::isfinite(g)
  PASS  g >= 0.0
  PASS  std::isfinite(g)
  PASS  g >= 0.0
  PASS  std::isfinite(g)
  PASS  g >= 0.0
  PASS  std::isfinite(g)
  PASS  g >= 0.0
  PASS  std::isfinite(g)
  PASS  g >= 0.0
  PASS  std::isfinite(g)
  PASS  g >= 0.0
  PASS  std::isfinite(g)
  PASS  g >= 0.0

[P96-A — power GAIN io with cap.x=0 stays finite (flat gain = cap)]
  PASS  std::isfinite(g)
  PASS  g >= 0.0
  PASS  std::isfinite(g)
  PASS  g >= 0.0
  PASS  std::isfinite(g)
  PASS  g >= 0.0
  PASS  std::isfinite(g)
  PASS  g >= 0.0
  PASS  std::isfinite(g)
  PASS  g >= 0.0
  PASS  std::isfinite(g)
  PASS  g >= 0.0
  PASS  std::isfinite(g)
  PASS  g >= 0.0
  PASS  std::isfinite(g)
  PASS  g >= 0.0
  PASS  std::isfinite(g)
  PASS  g >= 0.0
  PASS  std::isfinite(g)
  PASS  g >= 0.0
  PASS  std::isfinite(g)
  PASS  g >= 0.0
  PASS  std::isfinite(g)
  PASS  g >= 0.0
  PASS  std::isfinite(g)
  PASS  g >= 0.0
  PASS  std::isfinite(g)
  PASS  g >= 0.0
  PASS  std::isfinite(g)
  PASS  g >= 0.0
  PASS  std::isfinite(g)
  PASS  g >= 0.0
  PASS  std::isfinite(g)
  PASS  g >= 0.0
  PASS  std::isfinite(g)
  PASS  g >= 0.0
  PASS  std::isfinite(g)
  PASS  g >= 0.0
  PASS  std::isfinite(g)
  PASS  g >= 0.0

[P96-B — jump GAIN smooth: extreme smooth*cap.x → finite (no NaN/Inf)]
  PASS  std::isfinite(g)
  PASS  g >= 0.0
  PASS  g <= a.cap.y + 1e-6
  PASS  std::isfinite(g)
  PASS  g >= 0.0
  PASS  g <= a.cap.y + 1e-6
  PASS  std::isfinite(g)
  PASS  g >= 0.0
  PASS  g <= a.cap.y + 1e-6
  PASS  std::isfinite(g)
  PASS  g >= 0.0
  PASS  g <= a.cap.y + 1e-6
  PASS  std::isfinite(g)
  PASS  g >= 0.0
  PASS  g <= a.cap.y + 1e-6
  PASS  std::isfinite(g)
  PASS  g >= 0.0
  PASS  g <= a.cap.y + 1e-6
  PASS  std::isfinite(g)
  PASS  g >= 0.0
  PASS  g <= a.cap.y + 1e-6
  PASS  std::isfinite(g)
  PASS  g >= 0.0
  PASS  g <= a.cap.y + 1e-6
  PASS  std::isfinite(g)
  PASS  g >= 0.0
  PASS  g <= a.cap.y + 1e-6
  PASS  std::isfinite(g)
  PASS  g >= 0.0
  PASS  g <= a.cap.y + 1e-6
  PASS  std::isfinite(g)
  PASS  g >= 0.0
  PASS  g <= a.cap.y + 1e-6
  PASS  std::isfinite(g)
  PASS  g >= 0.0
  PASS  g <= a.cap.y + 1e-6
  PASS  std::isfinite(g)
  PASS  g >= 0.0
  PASS  g <= a.cap.y + 1e-6
  PASS  std::isfinite(g)
  PASS  g >= 0.0
  PASS  g <= a.cap.y + 1e-6
  PASS  std::isfinite(g)
  PASS  g >= 0.0
  PASS  g <= a.cap.y + 1e-6
  PASS  std::isfinite(g)
  PASS  g >= 0.0
  PASS  g <= a.cap.y + 1e-6
  PASS  std::isfinite(g)
  PASS  g >= 0.0
  PASS  g <= a.cap.y + 1e-6
  PASS  std::isfinite(g)
  PASS  g >= 0.0
  PASS  g <= a.cap.y + 1e-6
  PASS  std::isfinite(g)
  PASS  g >= 0.0
  PASS  g <= a.cap.y + 1e-6
  PASS  std::isfinite(g)
  PASS  g >= 0.0
  PASS  g <= a.cap.y + 1e-6
  PASS  std::isfinite(g)
  PASS  g >= 0.0
  PASS  g <= a.cap.y + 1e-6
  PASS  std::isfinite(g)
  PASS  g >= 0.0
  PASS  g <= a.cap.y + 1e-6
  PASS  std::isfinite(g)
  PASS  g >= 0.0
  PASS  g <= a.cap.y + 1e-6
  PASS  std::isfinite(g)
  PASS  g >= 0.0
  PASS  g <= a.cap.y + 1e-6
  PASS  std::isfinite(g)
  PASS  g >= 0.0
  PASS  g <= a.cap.y + 1e-6
  PASS  std::isfinite(g)
  PASS  g >= 0.0
  PASS  g <= a.cap.y + 1e-6
  PASS  std::isfinite(g)
  PASS  g >= 0.0
  PASS  g <= a.cap.y + 1e-6
  PASS  std::isfinite(g)
  PASS  g >= 0.0
  PASS  g <= a.cap.y + 1e-6
  PASS  std::isfinite(g)
  PASS  g >= 0.0
  PASS  g <= a.cap.y + 1e-6
  PASS  std::isfinite(g)
  PASS  g >= 0.0
  PASS  g <= a.cap.y + 1e-6
  PASS  std::isfinite(g)
  PASS  g >= 0.0
  PASS  g <= a.cap.y + 1e-6
  PASS  std::isfinite(g)
  PASS  g >= 0.0
  PASS  g <= a.cap.y + 1e-6
  PASS  std::isfinite(g)
  PASS  g >= 0.0
  PASS  g <= a.cap.y + 1e-6
  PASS  std::isfinite(g)
  PASS  g >= 0.0
  PASS  g <= a.cap.y + 1e-6
  PASS  std::isfinite(g)
  PASS  g >= 0.0
  PASS  g <= a.cap.y + 1e-6
  PASS  std::isfinite(g)
  PASS  g >= 0.0
  PASS  g <= a.cap.y + 1e-6

[P96-B — jump legacy smooth extreme stays finite (control, untouched path)]
  PASS  std::isfinite(g)
  PASS  g >= 0.0
  PASS  g <= 1.0 + a.cap.y
  PASS  std::isfinite(g)
  PASS  g >= 0.0
  PASS  g <= 1.0 + a.cap.y
  PASS  std::isfinite(g)
  PASS  g >= 0.0
  PASS  g <= 1.0 + a.cap.y
  PASS  std::isfinite(g)
  PASS  g >= 0.0
  PASS  g <= 1.0 + a.cap.y
  PASS  std::isfinite(g)
  PASS  g >= 0.0
  PASS  g <= 1.0 + a.cap.y
  PASS  std::isfinite(g)
  PASS  g >= 0.0
  PASS  g <= 1.0 + a.cap.y
  PASS  std::isfinite(g)
  PASS  g >= 0.0
  PASS  g <= 1.0 + a.cap.y
  PASS  std::isfinite(g)
  PASS  g >= 0.0
  PASS  g <= 1.0 + a.cap.y
  PASS  std::isfinite(g)
  PASS  g >= 0.0
  PASS  g <= 1.0 + a.cap.y
  PASS  std::isfinite(g)
  PASS  g >= 0.0
  PASS  g <= 1.0 + a.cap.y
  PASS  std::isfinite(g)
  PASS  g >= 0.0
  PASS  g <= 1.0 + a.cap.y
  PASS  std::isfinite(g)
  PASS  g >= 0.0
  PASS  g <= 1.0 + a.cap.y

[P96-C — param-extremes property sweep: every mode stays finite/non-negative]
  PASS  sweep_bad[0][m] == 0
  PASS  sweep_bad[0][m] == 0
  PASS  sweep_bad[0][m] == 0
  PASS  sweep_bad[0][m] == 0
  PASS  sweep_bad[0][m] == 0
  PASS  sweep_bad[0][m] == 0
  PASS  sweep_bad[0][m] == 0
  PASS  sweep_bad[1][m] == 0
  PASS  sweep_bad[1][m] == 0
  PASS  sweep_bad[1][m] == 0
  PASS  sweep_bad[1][m] == 0
  PASS  sweep_bad[1][m] == 0
  PASS  sweep_bad[1][m] == 0
  PASS  sweep_bad[1][m] == 0

[P96-C — mode-specific extremes: natural limit/decay, sync params]
  PASS  std::isfinite(g)
  PASS  g >= -1e-6
  PASS  std::isfinite(g)
  PASS  g >= -1e-6
  PASS  std::isfinite(g)
  PASS  g >= -1e-6
  PASS  std::isfinite(g)
  PASS  g >= -1e-6
  PASS  std::isfinite(g)
  PASS  g >= -1e-6
  PASS  std::isfinite(g)
  PASS  g >= -1e-6
  PASS  std::isfinite(g)
  PASS  g >= -1e-6
  PASS  std::isfinite(g)
  PASS  g >= -1e-6
  PASS  std::isfinite(g)
  PASS  g >= -1e-6
  PASS  std::isfinite(g)
  PASS  g >= -1e-6
  PASS  std::isfinite(g)
  PASS  g >= -1e-6
  PASS  std::isfinite(g)
  PASS  g >= -1e-6
  PASS  std::isfinite(g)
  PASS  g >= -1e-6
  PASS  std::isfinite(g)
  PASS  g >= -1e-6
  PASS  std::isfinite(g)
  PASS  g >= -1e-6
  PASS  std::isfinite(g)
  PASS  g >= -1e-6
  PASS  std::isfinite(g)
  PASS  g >= -1e-6
  PASS  std::isfinite(g)
  PASS  g >= -1e-6
  PASS  std::isfinite(g)
  PASS  g >= -1e-6
  PASS  std::isfinite(g)
  PASS  g >= -1e-6
  PASS  std::isfinite(g)
  PASS  g >= -1e-6
  PASS  std::isfinite(g)
  PASS  g >= -1e-6
  PASS  std::isfinite(g)
  PASS  g >= -1e-6
  PASS  std::isfinite(g)
  PASS  g >= -1e-6
  PASS  std::isfinite(g)
  PASS  g >= -1e-6
  PASS  std::isfinite(g)
  PASS  g >= -1e-6
  PASS  std::isfinite(g)
  PASS  g >= -1e-6
  PASS  std::isfinite(g)
  PASS  g >= -1e-6
  PASS  std::isfinite(g)
  PASS  g >= -1e-6
  PASS  std::isfinite(g)
  PASS  g >= -1e-6
  PASS  std::isfinite(g)
  PASS  g >= -1e-6
  PASS  std::isfinite(g)
  PASS  g >= -1e-6
  PASS  std::isfinite(g)
  PASS  g >= -1e-6
  PASS  std::isfinite(g)
  PASS  g >= -1e-6
  PASS  std::isfinite(g)
  PASS  g >= -1e-6
  PASS  std::isfinite(g)
  PASS  g >= -1e-6
  PASS  std::isfinite(g)
  PASS  g >= -1e-6
  PASS  std::isfinite(g)
  PASS  g >= -1e-6
  PASS  std::isfinite(g)
  PASS  g >= -1e-6
  PASS  std::isfinite(g)
  PASS  g >= -1e-6
  PASS  std::isfinite(g)
  PASS  g >= -1e-6
  PASS  std::isfinite(g)
  PASS  g >= -1e-6
  PASS  std::isfinite(g)
  PASS  g >= -1e-6
  PASS  std::isfinite(g)
  PASS  g >= -1e-6
  PASS  std::isfinite(g)
  PASS  g >= -1e-6
  PASS  std::isfinite(g)
  PASS  g >= -1e-6
  PASS  std::isfinite(g)
  PASS  g >= -1e-6
  PASS  std::isfinite(g)
  PASS  g >= -1e-6
  PASS  std::isfinite(g)
  PASS  g >= -1e-6
  PASS  std::isfinite(g)
  PASS  g >= -1e-6
  PASS  std::isfinite(g)
  PASS  g >= -1e-6
  PASS  std::isfinite(g)
  PASS  g >= -1e-6
  PASS  std::isfinite(g)
  PASS  g >= -1e-6
  PASS  std::isfinite(g)
  PASS  g >= -1e-6
  PASS  std::isfinite(g)
  PASS  g >= -1e-6
  PASS  std::isfinite(g)
  PASS  g >= -1e-6
  PASS  std::isfinite(g)
  PASS  g >= -1e-6
  PASS  std::isfinite(g)
  PASS  g >= -1e-6
  PASS  std::isfinite(g)
  PASS  g >= -1e-6
  PASS  std::isfinite(g)
  PASS  g >= -1e-6
  PASS  std::isfinite(g)
  PASS  g >= -1e-6
  PASS  std::isfinite(g)
  PASS  g >= -1e-6
  PASS  std::isfinite(g)
  PASS  g >= -1e-6
  PASS  std::isfinite(g)
  PASS  g >= -1e-6
  PASS  std::isfinite(g)
  PASS  g >= -1e-6
  PASS  std::isfinite(g)
  PASS  g >= -1e-6
  PASS  std::isfinite(g)
  PASS  g >= -1e-6
  PASS  std::isfinite(g)
  PASS  g >= -1e-6
  PASS  std::isfinite(g)
  PASS  g >= -1e-6
  PASS  std::isfinite(g)
  PASS  g >= -1e-6
  PASS  std::isfinite(g)
  PASS  g >= -1e-6
  PASS  std::isfinite(g)
  PASS  g >= -1e-6
  PASS  std::isfinite(g)
  PASS  g >= -1e-6
  PASS  std::isfinite(g)
  PASS  g >= -1e-6
  PASS  std::isfinite(g)
  PASS  g >= -1e-6
  PASS  std::isfinite(g)
  PASS  g >= -1e-6
  PASS  std::isfinite(g)
  PASS  g >= -1e-6
  PASS  std::isfinite(g)
  PASS  g >= -1e-6
  PASS  std::isfinite(g)
  PASS  g >= -1e-6
  PASS  std::isfinite(g)
  PASS  g >= -1e-6
  PASS  std::isfinite(g)
  PASS  g >= -1e-6
  PASS  std::isfinite(g)
  PASS  g >= -1e-6
  PASS  std::isfinite(g)
  PASS  g >= -1e-6
  PASS  std::isfinite(g)
  PASS  g >= -1e-6
  PASS  std::isfinite(g)
  PASS  g >= -1e-6
  PASS  std::isfinite(g)
  PASS  g >= -1e-6
  PASS  std::isfinite(g)
  PASS  g >= -1e-6
  PASS  std::isfinite(g)
  PASS  g >= -1e-6
  PASS  std::isfinite(g)
  PASS  g >= -1e-6
  PASS  std::isfinite(g)
  PASS  g >= -1e-6
  PASS  std::isfinite(g)
  PASS  g >= -1e-6
  PASS  std::isfinite(g)
  PASS  g >= -1e-6
  PASS  std::isfinite(g)
  PASS  g >= -1e-6
  PASS  std::isfinite(g)
  PASS  g >= -1e-6
  PASS  std::isfinite(g)
  PASS  g >= -1e-6
  PASS  std::isfinite(g)
  PASS  g >= -1e-6
  PASS  std::isfinite(g)
  PASS  g >= -1e-6
  PASS  std::isfinite(g)
  PASS  g >= -1e-6
  PASS  std::isfinite(g)
  PASS  g >= -1e-6
  PASS  std::isfinite(g)
  PASS  g >= -1e-6
  PASS  std::isfinite(g)
  PASS  g >= -1e-6
  PASS  std::isfinite(g)
  PASS  g >= -1e-6
  PASS  std::isfinite(g)
  PASS  g >= -1e-6
  PASS  std::isfinite(g)
  PASS  g >= -1e-6
  PASS  std::isfinite(g)
  PASS  g >= -1e-6
  PASS  std::isfinite(g)
  PASS  g >= -1e-6
  PASS  std::isfinite(g)
  PASS  g >= -1e-6
  PASS  std::isfinite(g)
  PASS  g >= -1e-6
  PASS  std::isfinite(g)
  PASS  g >= -1e-6
  PASS  std::isfinite(g)
  PASS  g >= -1e-6
  PASS  std::isfinite(g)
  PASS  g >= -1e-6
  PASS  std::isfinite(g)
  PASS  g >= -1e-6
  PASS  std::isfinite(g)
  PASS  g >= -1e-6
  PASS  std::isfinite(g)
  PASS  g >= -1e-6
  PASS  std::isfinite(g)
  PASS  g >= -1e-6
  PASS  std::isfinite(g)
  PASS  g >= -1e-6
  PASS  std::isfinite(g)
  PASS  g >= -1e-6
  PASS  std::isfinite(g)
  PASS  g >= -1e-6
  PASS  std::isfinite(g)
  PASS  g >= -1e-6
  PASS  std::isfinite(g)
  PASS  g >= -1e-6
  PASS  std::isfinite(g)
  PASS  g >= -1e-6
  PASS  std::isfinite(g)
  PASS  g >= -1e-6
  PASS  std::isfinite(g)
  PASS  g >= -1e-6
  PASS  std::isfinite(g)
  PASS  g >= -1e-6
  PASS  std::isfinite(g)
  PASS  g >= -1e-6
  PASS  std::isfinite(g)
  PASS  g >= -1e-6
  PASS  std::isfinite(g)
  PASS  g >= -1e-6
  PASS  std::isfinite(g)
  PASS  g >= -1e-6
  PASS  std::isfinite(g)
  PASS  g >= -1e-6
  PASS  std::isfinite(g)
  PASS  g >= -1e-6
  PASS  std::isfinite(g)
  PASS  g >= -1e-6
  PASS  std::isfinite(g)
  PASS  g >= -1e-6
  PASS  std::isfinite(g)
  PASS  g >= -1e-6
  PASS  std::isfinite(g)
  PASS  g >= -1e-6
  PASS  std::isfinite(g)
  PASS  g >= -1e-6
  PASS  std::isfinite(g)
  PASS  g >= -1e-6
  PASS  std::isfinite(g)
  PASS  g >= -1e-6
  PASS  std::isfinite(g)
  PASS  g >= -1e-6
  PASS  std::isfinite(g)
  PASS  g >= -1e-6
  PASS  std::isfinite(g)
  PASS  g >= -1e-6
  PASS  std::isfinite(g)
  PASS  g >= -1e-6
  PASS  std::isfinite(g)
  PASS  g >= -1e-6
  PASS  std::isfinite(g)
  PASS  g >= -1e-6
  PASS  std::isfinite(g)
  PASS  g >= -1e-6
  PASS  std::isfinite(g)
  PASS  g >= -1e-6
  PASS  std::isfinite(g)
  PASS  g >= -1e-6
  PASS  std::isfinite(g)
  PASS  g >= -1e-6
  PASS  std::isfinite(g)
  PASS  g >= -1e-6
  PASS  std::isfinite(g)
  PASS  g >= -1e-6
  PASS  std::isfinite(g)
  PASS  g >= -1e-6
  PASS  std::isfinite(g)
  PASS  g >= -1e-6
  PASS  std::isfinite(g)
  PASS  g >= -1e-6
  PASS  std::isfinite(g)
  PASS  g >= -1e-6
  PASS  std::isfinite(g)
  PASS  g >= -1e-6
  PASS  std::isfinite(g)
  PASS  g >= -1e-6
  PASS  std::isfinite(g)
  PASS  g >= -1e-6
  PASS  std::isfinite(g)
  PASS  g >= -1e-6
  PASS  std::isfinite(g)
  PASS  g >= -1e-6
  PASS  std::isfinite(g)
  PASS  g >= -1e-6
  PASS  std::isfinite(g)
  PASS  g >= -1e-6
  PASS  std::isfinite(g)
  PASS  g >= -1e-6
  PASS  std::isfinite(g)
  PASS  g >= -1e-6
  PASS  std::isfinite(g)
  PASS  g >= -1e-6
  PASS  std::isfinite(g)
  PASS  g >= -1e-6
  PASS  std::isfinite(g)
  PASS  g >= -1e-6
  PASS  std::isfinite(g)
  PASS  g >= -1e-6
  PASS  std::isfinite(g)
  PASS  g >= -1e-6
  PASS  std::isfinite(g)
  PASS  g >= -1e-6
  PASS  std::isfinite(g)
  PASS  g >= -1e-6
  PASS  std::isfinite(g)
  PASS  g >= -1e-6
  PASS  std::isfinite(g)
  PASS  g >= -1e-6
  PASS  std::isfinite(g)
  PASS  g >= -1e-6
  PASS  std::isfinite(g)
  PASS  g >= -1e-6
  PASS  std::isfinite(g)
  PASS  g >= -1e-6
  PASS  std::isfinite(g)
  PASS  g >= -1e-6
  PASS  std::isfinite(g)
  PASS  g >= -1e-6
  PASS  std::isfinite(g)
  PASS  g >= -1e-6
  PASS  std::isfinite(g)
  PASS  g >= -1e-6
  PASS  std::isfinite(g)
  PASS  g >= -1e-6
  PASS  std::isfinite(g)
  PASS  g >= -1e-6
  PASS  std::isfinite(g)
  PASS  g >= -1e-6
  PASS  std::isfinite(g)
  PASS  g >= -1e-6
  PASS  std::isfinite(g)
  PASS  g >= -1e-6
  PASS  std::isfinite(g)
  PASS  g >= -1e-6
  PASS  std::isfinite(g)
  PASS  g >= -1e-6
  PASS  std::isfinite(g)
  PASS  g >= -1e-6
  PASS  std::isfinite(g)
  PASS  g >= -1e-6
  PASS  std::isfinite(g)
  PASS  g >= -1e-6
  PASS  std::isfinite(g)
  PASS  g >= -1e-6
  PASS  std::isfinite(g)
  PASS  g >= -1e-6
  PASS  std::isfinite(g)
  PASS  g >= -1e-6
  PASS  std::isfinite(g)
  PASS  g >= -1e-6
  PASS  std::isfinite(g)
  PASS  g >= -1e-6
  PASS  std::isfinite(g)
  PASS  g >= -1e-6
  PASS  std::isfinite(g)
  PASS  g >= -1e-6
  PASS  std::isfinite(g)
  PASS  g >= -1e-6
  PASS  std::isfinite(g)
  PASS  g >= -1e-6
  PASS  std::isfinite(g)
  PASS  g >= -1e-6
  PASS  std::isfinite(g)
  PASS  g >= -1e-6
  PASS  std::isfinite(g)
  PASS  g >= -1e-6
  PASS  std::isfinite(g)
  PASS  g >= -1e-6
  PASS  std::isfinite(g)
  PASS  g >= -1e-6
  PASS  std::isfinite(g)
  PASS  g >= -1e-6
  PASS  std::isfinite(g)
  PASS  g >= -1e-6
  PASS  std::isfinite(g)
  PASS  g >= -1e-6
  PASS  std::isfinite(g)
  PASS  g >= -1e-6
  PASS  std::isfinite(g)
  PASS  g >= -1e-6
  PASS  std::isfinite(g)
  PASS  g >= -1e-6
  PASS  std::isfinite(g)
  PASS  g >= -1e-6
  PASS  std::isfinite(g)
  PASS  g >= -1e-6
  PASS  std::isfinite(g)
  PASS  g >= -1e-6
  PASS  std::isfinite(g)
  PASS  g >= -1e-6
  PASS  std::isfinite(g)
  PASS  g >= -1e-6
  PASS  std::isfinite(g)
  PASS  g >= -1e-6
  PASS  std::isfinite(g)
  PASS  g >= -1e-6
  PASS  std::isfinite(g)
  PASS  g >= -1e-6
  PASS  std::isfinite(g)
  PASS  g >= -1e-6
  PASS  std::isfinite(g)
  PASS  g >= -1e-6
  PASS  std::isfinite(g)
  PASS  g >= -1e-6
  PASS  std::isfinite(g)
  PASS  g >= -1e-6
  PASS  std::isfinite(g)
  PASS  g >= -1e-6
  PASS  std::isfinite(g)
  PASS  g >= -1e-6
  PASS  std::isfinite(g)
  PASS  g >= -1e-6
  PASS  std::isfinite(g)
  PASS  g >= -1e-6
  PASS  std::isfinite(g)
  PASS  g >= -1e-6
  PASS  std::isfinite(g)
  PASS  g >= -1e-6
  PASS  std::isfinite(g)
  PASS  g >= -1e-6
  PASS  std::isfinite(g)
  PASS  g >= -1e-6
  PASS  std::isfinite(g)
  PASS  g >= -1e-6
  PASS  std::isfinite(g)
  PASS  g >= -1e-6
  PASS  std::isfinite(g)
  PASS  g >= -1e-6
  PASS  std::isfinite(g)
  PASS  g >= -1e-6
  PASS  std::isfinite(g)
  PASS  g >= -1e-6
  PASS  std::isfinite(g)
  PASS  g >= -1e-6
  PASS  std::isfinite(g)
  PASS  g >= -1e-6
  PASS  std::isfinite(g)
  PASS  g >= -1e-6
  PASS  std::isfinite(g)
  PASS  g >= -1e-6
  PASS  std::isfinite(g)
  PASS  g >= -1e-6
  PASS  std::isfinite(g)
  PASS  g >= -1e-6
  PASS  std::isfinite(g)
  PASS  g >= -1e-6
  PASS  std::isfinite(g)
  PASS  g >= -1e-6
  PASS  std::isfinite(g)
  PASS  g >= -1e-6
  PASS  std::isfinite(g)
  PASS  g >= -1e-6
  PASS  std::isfinite(g)
  PASS  g >= -1e-6
  PASS  std::isfinite(g)
  PASS  g >= -1e-6
  PASS  std::isfinite(g)
  PASS  g >= -1e-6
  PASS  std::isfinite(g)
  PASS  g >= -1e-6
  PASS  std::isfinite(g)
  PASS  g >= -1e-6
  PASS  std::isfinite(g)
  PASS  g >= -1e-6
  PASS  std::isfinite(g)
  PASS  g >= -1e-6
  PASS  std::isfinite(g)
  PASS  g >= -1e-6
  PASS  std::isfinite(g)
  PASS  g >= -1e-6
  PASS  std::isfinite(g)
  PASS  g >= -1e-6
  PASS  std::isfinite(g)
  PASS  g >= -1e-6
  PASS  std::isfinite(g)
  PASS  g >= -1e-6
  PASS  std::isfinite(g)
  PASS  g >= -1e-6
  PASS  std::isfinite(g)
  PASS  g >= -1e-6
  PASS  std::isfinite(g)
  PASS  g >= -1e-6
  PASS  std::isfinite(g)
  PASS  g >= -1e-6
  PASS  std::isfinite(g)
  PASS  g >= -1e-6
  PASS  std::isfinite(g)
  PASS  g >= -1e-6
  PASS  std::isfinite(g)
  PASS  g >= -1e-6
  PASS  std::isfinite(g)
  PASS  g >= -1e-6
  PASS  std::isfinite(g)
  PASS  g >= -1e-6
  PASS  std::isfinite(g)
  PASS  g >= -1e-6
  PASS  std::isfinite(g)
  PASS  g >= -1e-6
  PASS  std::isfinite(g)
  PASS  g >= -1e-6
  PASS  std::isfinite(g)
  PASS  g >= -1e-6
  PASS  std::isfinite(g)
  PASS  g >= -1e-6
  PASS  std::isfinite(g)
  PASS  g >= -1e-6
  PASS  std::isfinite(g)
  PASS  g >= -1e-6
  PASS  std::isfinite(g)
  PASS  g >= -1e-6
  PASS  std::isfinite(g)
  PASS  g >= -1e-6
  PASS  std::isfinite(g)
  PASS  g >= -1e-6
  PASS  std::isfinite(g)
  PASS  g >= -1e-6
  PASS  std::isfinite(g)
  PASS  g >= -1e-6
  PASS  std::isfinite(g)
  PASS  g >= -1e-6
  PASS  std::isfinite(g)
  PASS  g >= -1e-6
  PASS  std::isfinite(g)
  PASS  g >= -1e-6
  PASS  std::isfinite(g)
  PASS  g >= -1e-6
  PASS  std::isfinite(g)
  PASS  g >= -1e-6
  PASS  std::isfinite(g)
  PASS  g >= -1e-6
  PASS  std::isfinite(g)
  PASS  g >= -1e-6
  PASS  std::isfinite(g)
  PASS  g >= -1e-6
  PASS  std::isfinite(g)
  PASS  g >= -1e-6
  PASS  std::isfinite(g)
  PASS  g >= -1e-6
  PASS  std::isfinite(g)
  PASS  g >= -1e-6
  PASS  std::isfinite(g)
  PASS  g >= -1e-6
  PASS  std::isfinite(g)
  PASS  g >= -1e-6
  PASS  std::isfinite(g)
  PASS  g >= -1e-6
  PASS  std::isfinite(g)
  PASS  g >= -1e-6
  PASS  std::isfinite(g)
  PASS  g >= -1e-6
  PASS  std::isfinite(g)
  PASS  g >= -1e-6
  PASS  std::isfinite(g)
  PASS  g >= -1e-6
  PASS  std::isfinite(g)
  PASS  g >= -1e-6
  PASS  std::isfinite(g)
  PASS  g >= -1e-6
  PASS  std::isfinite(g)
  PASS  g >= -1e-6
  PASS  std::isfinite(g)
  PASS  g >= -1e-6
  PASS  std::isfinite(g)
  PASS  g >= -1e-6
  PASS  std::isfinite(g)
  PASS  g >= -1e-6
  PASS  std::isfinite(g)
  PASS  g >= -1e-6
  PASS  std::isfinite(g)
  PASS  g >= -1e-6
  PASS  std::isfinite(g)
  PASS  g >= -1e-6
  PASS  std::isfinite(g)
  PASS  g >= -1e-6
  PASS  std::isfinite(g)
  PASS  g >= -1e-6
  PASS  std::isfinite(g)
  PASS  g >= -1e-6
  PASS  std::isfinite(g)
  PASS  g >= -1e-6
  PASS  std::isfinite(g)
  PASS  g >= -1e-6
  PASS  std::isfinite(g)
  PASS  g >= -1e-6
  PASS  std::isfinite(g)
  PASS  g >= -1e-6
  PASS  std::isfinite(g)
  PASS  g >= -1e-6
  PASS  std::isfinite(g)
  PASS  g >= -1e-6
  PASS  std::isfinite(g)
  PASS  g >= -1e-6
  PASS  std::isfinite(g)
  PASS  g >= -1e-6
  PASS  std::isfinite(g)
  PASS  g >= -1e-6
  PASS  std::isfinite(g)
  PASS  g >= -1e-6
  PASS  std::isfinite(g)
  PASS  g >= -1e-6
  PASS  std::isfinite(g)
  PASS  g >= -1e-6
  PASS  std::isfinite(g)
  PASS  g >= -1e-6
  PASS  std::isfinite(g)
  PASS  g >= -1e-6
  PASS  std::isfinite(g)
  PASS  g >= -1e-6
  PASS  std::isfinite(g)
  PASS  g >= -1e-6
  PASS  std::isfinite(g)
  PASS  g >= -1e-6
  PASS  std::isfinite(g)
  PASS  g >= -1e-6
  PASS  std::isfinite(g)
  PASS  g >= -1e-6
  PASS  std::isfinite(g)
  PASS  g >= -1e-6
  PASS  std::isfinite(g)
  PASS  g >= -1e-6
  PASS  std::isfinite(g)
  PASS  g >= -1e-6
  PASS  std::isfinite(g)
  PASS  g >= -1e-6
  PASS  std::isfinite(g)
  PASS  g >= -1e-6
  PASS  std::isfinite(g)
  PASS  g >= -1e-6
  PASS  std::isfinite(g)
  PASS  g >= -1e-6
  PASS  std::isfinite(g)
  PASS  g >= -1e-6
  PASS  std::isfinite(g)
  PASS  g >= -1e-6
  PASS  std::isfinite(g)
  PASS  g >= -1e-6
  PASS  std::isfinite(g)
  PASS  g >= -1e-6
  PASS  std::isfinite(g)
  PASS  g >= -1e-6
  PASS  std::isfinite(g)
  PASS  g >= -1e-6
  PASS  std::isfinite(g)
  PASS  g >= -1e-6
  PASS  std::isfinite(g)
  PASS  g >= -1e-6
  PASS  std::isfinite(g)
  PASS  g >= -1e-6
  PASS  std::isfinite(g)
  PASS  g >= -1e-6
  PASS  std::isfinite(g)
  PASS  g >= -1e-6
  PASS  std::isfinite(g)
  PASS  g >= -1e-6
  PASS  std::isfinite(g)
  PASS  g >= -1e-6
  PASS  std::isfinite(g)
  PASS  g >= -1e-6
  PASS  std::isfinite(g)
  PASS  g >= -1e-6
  PASS  std::isfinite(g)
  PASS  g >= -1e-6
  PASS  std::isfinite(g)
  PASS  g >= -1e-6
  PASS  std::isfinite(g)
  PASS  g >= -1e-6
  PASS  std::isfinite(g)
  PASS  g >= -1e-6
  PASS  std::isfinite(g)
  PASS  g >= -1e-6
  PASS  std::isfinite(g)
  PASS  g >= -1e-6
  PASS  std::isfinite(g)
  PASS  g >= -1e-6
  PASS  std::isfinite(g)
  PASS  g >= -1e-6
  PASS  std::isfinite(g)
  PASS  g >= -1e-6
  PASS  std::isfinite(g)
  PASS  g >= -1e-6
  PASS  std::isfinite(g)
  PASS  g >= -1e-6
  PASS  std::isfinite(g)
  PASS  g >= -1e-6
  PASS  std::isfinite(g)
  PASS  g >= -1e-6
  PASS  std::isfinite(g)
  PASS  g >= -1e-6
  PASS  std::isfinite(g)
  PASS  g >= -1e-6
  PASS  std::isfinite(g)
  PASS  g >= -1e-6
  PASS  std::isfinite(g)
  PASS  g >= -1e-6
  PASS  std::isfinite(g)
  PASS  g >= -1e-6
  PASS  std::isfinite(g)
  PASS  g >= -1e-6
  PASS  std::isfinite(g)
  PASS  g >= -1e-6
  PASS  std::isfinite(g)
  PASS  g >= -1e-6
  PASS  std::isfinite(g)
  PASS  g >= -1e-6
  PASS  std::isfinite(g)
  PASS  g >= -1e-6
  PASS  std::isfinite(g)
  PASS  g >= -1e-6
  PASS  std::isfinite(g)
  PASS  g >= -1e-6
  PASS  std::isfinite(g)
  PASS  g >= -1e-6
  PASS  std::isfinite(g)
  PASS  g >= -1e-6
  PASS  std::isfinite(g)
  PASS  g >= -1e-6
  PASS  std::isfinite(g)
  PASS  g >= -1e-6
  PASS  std::isfinite(g)
  PASS  g >= -1e-6
  PASS  std::isfinite(g)
  PASS  g >= -1e-6
  PASS  std::isfinite(g)
  PASS  g >= -1e-6
  PASS  std::isfinite(g)
  PASS  g >= -1e-6
  PASS  std::isfinite(g)
  PASS  g >= -1e-6
  PASS  std::isfinite(g)
  PASS  g >= -1e-6
  PASS  std::isfinite(g)
  PASS  g >= -1e-6
  PASS  std::isfinite(g)
  PASS  g >= -1e-6
  PASS  std::isfinite(g)
  PASS  g >= -1e-6
  PASS  std::isfinite(g)
  PASS  g >= -1e-6
  PASS  std::isfinite(g)
  PASS  g >= -1e-6
  PASS  std::isfinite(g)
  PASS  g >= -1e-6
  PASS  std::isfinite(g)
  PASS  g >= -1e-6
  PASS  std::isfinite(g)
  PASS  g >= -1e-6
  PASS  std::isfinite(g)
  PASS  g >= -1e-6
  PASS  std::isfinite(g)
  PASS  g >= -1e-6
  PASS  std::isfinite(g)
  PASS  g >= -1e-6
  PASS  std::isfinite(g)
  PASS  g >= -1e-6
  PASS  std::isfinite(g)
  PASS  g >= -1e-6
  PASS  std::isfinite(g)
  PASS  g >= -1e-6
  PASS  std::isfinite(g)
  PASS  g >= -1e-6
  PASS  std::isfinite(g)
  PASS  g >= -1e-6
  PASS  std::isfinite(g)
  PASS  g >= -1e-6
  PASS  std::isfinite(g)
  PASS  g >= -1e-6
  PASS  std::isfinite(g)
  PASS  g >= -1e-6
  PASS  std::isfinite(g)
  PASS  g >= -1e-6
  PASS  std::isfinite(g)
  PASS  g >= -1e-6
  PASS  std::isfinite(g)
  PASS  g >= -1e-6
  PASS  std::isfinite(g)
  PASS  g >= -1e-6
  PASS  std::isfinite(g)
  PASS  g >= -1e-6
  PASS  std::isfinite(g)
  PASS  g >= -1e-6
  PASS  std::isfinite(g)
  PASS  g >= -1e-6
  PASS  std::isfinite(g)
  PASS  g >= -1e-6
  PASS  std::isfinite(g)
  PASS  g >= -1e-6
  PASS  std::isfinite(g)
  PASS  g >= -1e-6
  PASS  std::isfinite(g)
  PASS  g >= -1e-6
  PASS  std::isfinite(g)
  PASS  g >= -1e-6
  PASS  std::isfinite(g)
  PASS  g >= -1e-6
  PASS  std::isfinite(g)
  PASS  g >= -1e-6
  PASS  std::isfinite(g)
  PASS  g >= -1e-6
  PASS  std::isfinite(g)
  PASS  g >= -1e-6
  PASS  std::isfinite(g)
  PASS  g >= -1e-6
  PASS  std::isfinite(g)
  PASS  g >= -1e-6
  PASS  std::isfinite(g)
  PASS  g >= -1e-6
  PASS  std::isfinite(g)
  PASS  g >= -1e-6
  PASS  std::isfinite(g)
  PASS  g >= -1e-6
  PASS  std::isfinite(g)
  PASS  g >= -1e-6
  PASS  std::isfinite(g)
  PASS  g >= -1e-6
  PASS  std::isfinite(g)
  PASS  g >= -1e-6
  PASS  std::isfinite(g)
  PASS  g >= -1e-6
  PASS  std::isfinite(g)
  PASS  g >= -1e-6
  PASS  std::isfinite(g)
  PASS  g >= -1e-6
  PASS  std::isfinite(g)
  PASS  g >= -1e-6
  PASS  std::isfinite(g)
  PASS  g >= -1e-6
  PASS  std::isfinite(g)
  PASS  g >= -1e-6
  PASS  std::isfinite(g)
  PASS  g >= -1e-6
  PASS  std::isfinite(g)
  PASS  g >= -1e-6
  PASS  std::isfinite(g)
  PASS  g >= -1e-6
  PASS  std::isfinite(g)
  PASS  g >= -1e-6
  PASS  std::isfinite(g)
  PASS  g >= -1e-6
  PASS  std::isfinite(g)
  PASS  g >= -1e-6
  PASS  std::isfinite(g)
  PASS  g >= -1e-6
  PASS  std::isfinite(g)
  PASS  g >= -1e-6
  PASS  std::isfinite(g)
  PASS  g >= -1e-6
  PASS  std::isfinite(g)
  PASS  g >= -1e-6
  PASS  std::isfinite(g)
  PASS  g >= -1e-6
  PASS  std::isfinite(g)
  PASS  g >= -1e-6
  PASS  std::isfinite(g)
  PASS  g >= -1e-6
  PASS  std::isfinite(g)
  PASS  g >= -1e-6
  PASS  std::isfinite(g)
  PASS  g >= -1e-6
  PASS  std::isfinite(g)
  PASS  g >= -1e-6
  PASS  std::isfinite(g)
  PASS  g >= -1e-6
  PASS  std::isfinite(g)
  PASS  g >= -1e-6
  PASS  std::isfinite(g)
  PASS  g >= -1e-6
  PASS  std::isfinite(g)
  PASS  g >= -1e-6
  PASS  std::isfinite(g)
  PASS  g >= -1e-6
  PASS  std::isfinite(g)
  PASS  g >= -1e-6
  PASS  std::isfinite(g)
  PASS  g >= -1e-6
  PASS  std::isfinite(g)
  PASS  g >= -1e-6
  PASS  std::isfinite(g)
  PASS  g >= -1e-6
  PASS  std::isfinite(g)
  PASS  g >= -1e-6
  PASS  std::isfinite(g)
  PASS  g >= -1e-6
  PASS  std::isfinite(g)
  PASS  g >= -1e-6
  PASS  std::isfinite(g)
  PASS  g >= -1e-6
  PASS  std::isfinite(g)
  PASS  g >= -1e-6
  PASS  std::isfinite(g)
  PASS  g >= -1e-6
  PASS  std::isfinite(g)
  PASS  g >= -1e-6
  PASS  std::isfinite(g)
  PASS  g >= -1e-6
  PASS  std::isfinite(g)
  PASS  g >= -1e-6
  PASS  std::isfinite(g)
  PASS  g >= -1e-6
  PASS  std::isfinite(g)
  PASS  g >= -1e-6
  PASS  std::isfinite(g)
  PASS  g >= -1e-6
  PASS  std::isfinite(g)
  PASS  g >= -1e-6
  PASS  std::isfinite(g)
  PASS  g >= -1e-6
  PASS  std::isfinite(g)
  PASS  g >= -1e-6
  PASS  std::isfinite(g)
  PASS  g >= -1e-6
  PASS  std::isfinite(g)
  PASS  g >= -1e-6
  PASS  std::isfinite(g)
  PASS  g >= -1e-6
  PASS  std::isfinite(g)
  PASS  g >= -1e-6
  PASS  std::isfinite(g)
  PASS  g >= -1e-6
  PASS  std::isfinite(g)
  PASS  g >= -1e-6
  PASS  std::isfinite(g)
  PASS  g >= -1e-6
  PASS  std::isfinite(g)
  PASS  g >= -1e-6
  PASS  std::isfinite(g)
  PASS  g >= -1e-6
  PASS  std::isfinite(g)
  PASS  g >= -1e-6
  PASS  std::isfinite(g)
  PASS  g >= -1e-6
  PASS  std::isfinite(g)
  PASS  g >= -1e-6
  PASS  std::isfinite(g)
  PASS  g >= -1e-6
  PASS  std::isfinite(g)
  PASS  g >= -1e-6
  PASS  std::isfinite(g)
  PASS  g >= -1e-6
  PASS  std::isfinite(g)
  PASS  g >= -1e-6
  PASS  std::isfinite(g)
  PASS  g >= -1e-6
  PASS  std::isfinite(g)
  PASS  g >= -1e-6
  PASS  std::isfinite(g)
  PASS  g >= -1e-6
  PASS  std::isfinite(g)
  PASS  g >= -1e-6
  PASS  std::isfinite(g)
  PASS  g >= -1e-6
  PASS  std::isfinite(g)
  PASS  g >= -1e-6
  PASS  std::isfinite(g)
  PASS  g >= -1e-6
  PASS  std::isfinite(g)
  PASS  g >= -1e-6
  PASS  std::isfinite(g)
  PASS  g >= -1e-6
  PASS  std::isfinite(g)
  PASS  g >= -1e-6
  PASS  std::isfinite(g)
  PASS  g >= -1e-6
  PASS  std::isfinite(g)
  PASS  g >= -1e-6
  PASS  std::isfinite(g)
  PASS  g >= -1e-6
  PASS  std::isfinite(g)
  PASS  g >= -1e-6
  PASS  std::isfinite(g)
  PASS  g >= -1e-6
  PASS  std::isfinite(g)
  PASS  g >= -1e-6
  PASS  std::isfinite(g)
  PASS  g >= -1e-6
  PASS  std::isfinite(g)
  PASS  g >= -1e-6
  PASS  std::isfinite(g)
  PASS  g >= -1e-6
  PASS  std::isfinite(g)
  PASS  g >= -1e-6
  PASS  std::isfinite(g)
  PASS  g >= -1e-6
  PASS  std::isfinite(g)
  PASS  g >= -1e-6
  PASS  std::isfinite(g)
  PASS  g >= -1e-6
  PASS  std::isfinite(g)
  PASS  g >= -1e-6
  PASS  std::isfinite(g)
  PASS  g >= -1e-6
  PASS  std::isfinite(g)
  PASS  g >= -1e-6
  PASS  std::isfinite(g)
  PASS  g >= -1e-6
  PASS  std::isfinite(g)
  PASS  g >= -1e-6
  PASS  std::isfinite(g)
  PASS  g >= -1e-6
  PASS  std::isfinite(g)
  PASS  g >= -1e-6
  PASS  std::isfinite(g)
  PASS  g >= -1e-6
  PASS  std::isfinite(g)
  PASS  g >= -1e-6
  PASS  std::isfinite(g)
  PASS  g >= -1e-6
  PASS  std::isfinite(g)
  PASS  g >= -1e-6
  PASS  std::isfinite(g)
  PASS  g >= -1e-6
  PASS  std::isfinite(g)
  PASS  g >= -1e-6
  PASS  std::isfinite(g)
  PASS  g >= -1e-6
  PASS  std::isfinite(g)
  PASS  g >= -1e-6
  PASS  std::isfinite(g)
  PASS  g >= -1e-6
  PASS  std::isfinite(g)
  PASS  g >= -1e-6
  PASS  std::isfinite(g)
  PASS  g >= -1e-6
  PASS  std::isfinite(g)
  PASS  g >= -1e-6
  PASS  std::isfinite(g)
  PASS  g >= -1e-6
  PASS  std::isfinite(g)
  PASS  g >= -1e-6
  PASS  std::isfinite(g)
  PASS  g >= -1e-6
  PASS  std::isfinite(g)
  PASS  g >= -1e-6
  PASS  std::isfinite(g)
  PASS  g >= -1e-6
  PASS  std::isfinite(g)
  PASS  g >= -1e-6
  PASS  std::isfinite(g)
  PASS  g >= -1e-6
  PASS  std::isfinite(g)
  PASS  g >= -1e-6
  PASS  std::isfinite(g)
  PASS  g >= -1e-6
  PASS  std::isfinite(g)
  PASS  g >= -1e-6
  PASS  std::isfinite(g)
  PASS  g >= -1e-6
  PASS  std::isfinite(g)
  PASS  g >= -1e-6
  PASS  std::isfinite(g)
  PASS  g >= -1e-6
  PASS  std::isfinite(g)
  PASS  g >= -1e-6
  PASS  std::isfinite(g)
  PASS  g >= -1e-6
  PASS  std::isfinite(g)
  PASS  g >= -1e-6
  PASS  std::isfinite(g)
  PASS  g >= -1e-6
  PASS  std::isfinite(g)
  PASS  g >= -1e-6
  PASS  std::isfinite(g)
  PASS  g >= -1e-6
  PASS  std::isfinite(g)
  PASS  g >= -1e-6
  PASS  std::isfinite(g)
  PASS  g >= -1e-6
  PASS  std::isfinite(g)
  PASS  g >= -1e-6
  PASS  std::isfinite(g)
  PASS  g >= -1e-6
  PASS  std::isfinite(g)
  PASS  g >= -1e-6
  PASS  std::isfinite(g)
  PASS  g >= -1e-6
  PASS  std::isfinite(g)
  PASS  g >= -1e-6
  PASS  std::isfinite(g)
  PASS  g >= -1e-6
  PASS  std::isfinite(g)
  PASS  g >= -1e-6
  PASS  std::isfinite(g)
  PASS  g >= -1e-6
  PASS  std::isfinite(g)
  PASS  g >= -1e-6
  PASS  std::isfinite(g)
  PASS  g >= -1e-6
  PASS  std::isfinite(g)
  PASS  g >= -1e-6
  PASS  std::isfinite(g)
  PASS  g >= -1e-6
  PASS  std::isfinite(g)
  PASS  g >= -1e-6
  PASS  std::isfinite(g)
  PASS  g >= -1e-6
  PASS  std::isfinite(g)
  PASS  g >= -1e-6
  PASS  std::isfinite(g)
  PASS  g >= -1e-6
  PASS  std::isfinite(g)
  PASS  g >= -1e-6
  PASS  std::isfinite(g)
  PASS  g >= -1e-6
  PASS  std::isfinite(g)
  PASS  g >= -1e-6
  PASS  std::isfinite(g)
  PASS  g >= -1e-6
  PASS  std::isfinite(g)
  PASS  g >= -1e-6
  PASS  std::isfinite(g)
  PASS  g >= -1e-6
  PASS  std::isfinite(g)
  PASS  g >= -1e-6
  PASS  std::isfinite(g)
  PASS  g >= -1e-6
  PASS  std::isfinite(g)
  PASS  g >= -1e-6
  PASS  std::isfinite(g)
  PASS  g >= -1e-6
  PASS  std::isfinite(g)
  PASS  g >= -1e-6
  PASS  std::isfinite(g)
  PASS  g >= -1e-6
  PASS  std::isfinite(g)
  PASS  g >= -1e-6
  PASS  std::isfinite(g)
  PASS  g >= -1e-6
  PASS  std::isfinite(g)
  PASS  g >= -1e-6
  PASS  std::isfinite(g)
  PASS  g >= -1e-6
  PASS  std::isfinite(g)
  PASS  g >= -1e-6
  PASS  std::isfinite(g)
  PASS  g >= -1e-6
  PASS  std::isfinite(g)
  PASS  g >= -1e-6
  PASS  std::isfinite(g)
  PASS  g >= -1e-6
  PASS  std::isfinite(g)
  PASS  g >= -1e-6
  PASS  std::isfinite(g)
  PASS  g >= -1e-6
  PASS  std::isfinite(g)
  PASS  g >= -1e-6
  PASS  std::isfinite(g)
  PASS  g >= -1e-6
  PASS  std::isfinite(g)
  PASS  g >= -1e-6
  PASS  std::isfinite(g)
  PASS  g >= -1e-6
  PASS  std::isfinite(g)
  PASS  g >= -1e-6
  PASS  std::isfinite(g)
  PASS  g >= -1e-6
  PASS  std::isfinite(g)
  PASS  g >= -1e-6
  PASS  std::isfinite(g)
  PASS  g >= -1e-6
  PASS  std::isfinite(g)
  PASS  g >= -1e-6
  PASS  std::isfinite(g)
  PASS  g >= -1e-6
  PASS  std::isfinite(g)
  PASS  g >= -1e-6
  PASS  std::isfinite(g)
  PASS  g >= -1e-6
  PASS  std::isfinite(g)
  PASS  g >= -1e-6
  PASS  std::isfinite(g)
  PASS  g >= -1e-6
  PASS  std::isfinite(g)
  PASS  g >= -1e-6
  PASS  std::isfinite(g)
  PASS  g >= -1e-6
  PASS  std::isfinite(g)
  PASS  g >= -1e-6
  PASS  std::isfinite(g)
  PASS  g >= -1e-6
  PASS  std::isfinite(g)
  PASS  g >= -1e-6
  PASS  std::isfinite(g)
  PASS  g >= -1e-6
  PASS  std::isfinite(g)
  PASS  g >= -1e-6
  PASS  std::isfinite(g)
  PASS  g >= -1e-6
  PASS  std::isfinite(g)
  PASS  g >= -1e-6
  PASS  std::isfinite(g)
  PASS  g >= -1e-6
  PASS  std::isfinite(g)
  PASS  g >= -1e-6
  PASS  std::isfinite(g)
  PASS  g >= -1e-6
  PASS  std::isfinite(g)
  PASS  g >= -1e-6
  PASS  std::isfinite(g)
  PASS  g >= -1e-6
  PASS  std::isfinite(g)
  PASS  g >= -1e-6
  PASS  std::isfinite(g)
  PASS  g >= -1e-6
  PASS  std::isfinite(g)
  PASS  g >= -1e-6
  PASS  std::isfinite(g)
  PASS  g >= -1e-6
  PASS  std::isfinite(g)
  PASS  g >= -1e-6
  PASS  std::isfinite(g)
  PASS  g >= -1e-6
  PASS  std::isfinite(g)
  PASS  g >= -1e-6
  PASS  std::isfinite(g)
  PASS  g >= -1e-6
  PASS  std::isfinite(g)
  PASS  g >= -1e-6
  PASS  std::isfinite(g)
  PASS  g >= -1e-6
  PASS  std::isfinite(g)
  PASS  g >= -1e-6
  PASS  std::isfinite(g)
  PASS  g >= -1e-6
  PASS  std::isfinite(g)
  PASS  g >= -1e-6
  PASS  std::isfinite(g)
  PASS  g >= -1e-6
  PASS  std::isfinite(g)
  PASS  g >= -1e-6
  PASS  std::isfinite(g)
  PASS  g >= -1e-6
  PASS  std::isfinite(g)
  PASS  g >= -1e-6
  PASS  std::isfinite(g)
  PASS  g >= -1e-6
  PASS  std::isfinite(g)
  PASS  g >= -1e-6
  PASS  std::isfinite(g)
  PASS  g >= -1e-6
  PASS  std::isfinite(g)
  PASS  g >= -1e-6
  PASS  std::isfinite(g)
  PASS  g >= -1e-6
  PASS  std::isfinite(g)
  PASS  g >= -1e-6
  PASS  std::isfinite(g)
  PASS  g >= -1e-6
  PASS  std::isfinite(g)
  PASS  g >= -1e-6
  PASS  std::isfinite(g)
  PASS  g >= -1e-6
  PASS  std::isfinite(g)
  PASS  g >= -1e-6
  PASS  std::isfinite(g)
  PASS  g >= -1e-6
  PASS  std::isfinite(g)
  PASS  g >= -1e-6
  PASS  std::isfinite(g)
  PASS  g >= -1e-6
  PASS  std::isfinite(g)
  PASS  g >= -1e-6
  PASS  std::isfinite(g)
  PASS  g >= -1e-6
  PASS  std::isfinite(g)
  PASS  g >= -1e-6
  PASS  std::isfinite(g)
  PASS  g >= -1e-6
  PASS  std::isfinite(g)
  PASS  g >= -1e-6
  PASS  std::isfinite(g)
  PASS  g >= -1e-6
  PASS  std::isfinite(g)
  PASS  g >= -1e-6
  PASS  std::isfinite(g)
  PASS  g >= -1e-6
  PASS  std::isfinite(g)
  PASS  g >= -1e-6
  PASS  std::isfinite(g)
  PASS  g >= -1e-6
  PASS  std::isfinite(g)
  PASS  g >= -1e-6
  PASS  std::isfinite(g)
  PASS  g >= -1e-6
  PASS  std::isfinite(g)
  PASS  g >= -1e-6
  PASS  std::isfinite(g)
  PASS  g >= -1e-6
  PASS  std::isfinite(g)
  PASS  g >= -1e-6
  PASS  std::isfinite(g)
  PASS  g >= -1e-6
  PASS  std::isfinite(g)
  PASS  g >= -1e-6
  PASS  std::isfinite(g)
  PASS  g >= -1e-6
  PASS  std::isfinite(g)
  PASS  g >= -1e-6
  PASS  std::isfinite(g)
  PASS  g >= -1e-6
  PASS  std::isfinite(g)
  PASS  g >= -1e-6
  PASS  std::isfinite(g)
  PASS  g >= -1e-6
  PASS  std::isfinite(g)
  PASS  g >= -1e-6
  PASS  std::isfinite(g)
  PASS  g >= -1e-6
  PASS  std::isfinite(g)
  PASS  g >= -1e-6
  PASS  std::isfinite(g)
  PASS  g >= -1e-6
  PASS  std::isfinite(g)
  PASS  g >= -1e-6
  PASS  std::isfinite(g)
  PASS  g >= -1e-6
  PASS  std::isfinite(g)
  PASS  g >= -1e-6
  PASS  std::isfinite(g)
  PASS  g >= -1e-6
  PASS  std::isfinite(g)
  PASS  g >= -1e-6
  PASS  std::isfinite(g)
  PASS  g >= -1e-6
  PASS  std::isfinite(g)
  PASS  g >= -1e-6
  PASS  std::isfinite(g)
  PASS  g >= -1e-6
  PASS  std::isfinite(g)
  PASS  g >= -1e-6
  PASS  std::isfinite(g)
  PASS  g >= -1e-6
  PASS  std::isfinite(g)
  PASS  g >= -1e-6
  PASS  std::isfinite(g)
  PASS  g >= -1e-6
  PASS  std::isfinite(g)
  PASS  g >= -1e-6
  PASS  std::isfinite(g)
  PASS  g >= -1e-6
  PASS  std::isfinite(g)
  PASS  g >= -1e-6
  PASS  std::isfinite(g)
  PASS  g >= -1e-6
  PASS  std::isfinite(g)
  PASS  g >= -1e-6
  PASS  std::isfinite(g)
  PASS  g >= -1e-6
  PASS  std::isfinite(g)
  PASS  g >= -1e-6
  PASS  std::isfinite(g)
  PASS  g >= -1e-6
  PASS  std::isfinite(g)
  PASS  g >= -1e-6
  PASS  std::isfinite(g)
  PASS  g >= -1e-6
  PASS  std::isfinite(g)
  PASS  g >= -1e-6
  PASS  std::isfinite(g)
  PASS  g >= -1e-6
  PASS  std::isfinite(g)
  PASS  g >= -1e-6
  PASS  std::isfinite(g)
  PASS  g >= -1e-6
  PASS  std::isfinite(g)
  PASS  g >= -1e-6
  PASS  std::isfinite(g)
  PASS  g >= -1e-6
  PASS  std::isfinite(g)
  PASS  g >= -1e-6
  PASS  std::isfinite(g)
  PASS  g >= -1e-6
  PASS  std::isfinite(g)
  PASS  g >= -1e-6
  PASS  std::isfinite(g)
  PASS  g >= -1e-6
  PASS  std::isfinite(g)
  PASS  g >= -1e-6
  PASS  std::isfinite(g)
  PASS  g >= -1e-6
  PASS  std::isfinite(g)
  PASS  g >= -1e-6
  PASS  std::isfinite(g)
  PASS  g >= -1e-6
  PASS  std::isfinite(g)
  PASS  g >= -1e-6
  PASS  std::isfinite(g)
  PASS  g >= -1e-6
  PASS  std::isfinite(g)
  PASS  g >= -1e-6
  PASS  std::isfinite(g)
  PASS  g >= -1e-6
  PASS  std::isfinite(g)
  PASS  g >= -1e-6
  PASS  std::isfinite(g)
  PASS  g >= -1e-6
  PASS  std::isfinite(g)
  PASS  g >= -1e-6
  PASS  std::isfinite(g)
  PASS  g >= -1e-6
  PASS  std::isfinite(g)
  PASS  g >= -1e-6
  PASS  std::isfinite(g)
  PASS  g >= -1e-6
  PASS  std::isfinite(g)
  PASS  g >= -1e-6
  PASS  std::isfinite(g)
  PASS  g >= -1e-6
  PASS  std::isfinite(g)
  PASS  g >= -1e-6
  PASS  std::isfinite(g)
  PASS  g >= -1e-6
  PASS  std::isfinite(g)
  PASS  g >= -1e-6
  PASS  std::isfinite(g)
  PASS  g >= -1e-6
  PASS  std::isfinite(g)
  PASS  g >= -1e-6
  PASS  std::isfinite(g)
  PASS  g >= -1e-6
  PASS  std::isfinite(g)
  PASS  g >= -1e-6
  PASS  std::isfinite(g)
  PASS  g >= -1e-6
  PASS  std::isfinite(g)
  PASS  g >= -1e-6
  PASS  std::isfinite(g)
  PASS  g >= -1e-6
  PASS  std::isfinite(g)
  PASS  g >= -1e-6
  PASS  std::isfinite(g)
  PASS  g >= -1e-6
  PASS  std::isfinite(g)
  PASS  g >= -1e-6
  PASS  std::isfinite(g)
  PASS  g >= -1e-6
  PASS  std::isfinite(g)
  PASS  g >= -1e-6
  PASS  std::isfinite(g)
  PASS  g >= -1e-6
  PASS  std::isfinite(g)
  PASS  g >= -1e-6
  PASS  std::isfinite(g)
  PASS  g >= -1e-6
  PASS  std::isfinite(g)
  PASS  g >= -1e-6
  PASS  std::isfinite(g)
  PASS  g >= -1e-6
  PASS  std::isfinite(g)
  PASS  g >= -1e-6
  PASS  std::isfinite(g)
  PASS  g >= -1e-6
  PASS  std::isfinite(g)
  PASS  g >= -1e-6
  PASS  std::isfinite(g)
  PASS  g >= -1e-6
  PASS  std::isfinite(g)
  PASS  g >= -1e-6
  PASS  std::isfinite(g)
  PASS  g >= -1e-6
  PASS  std::isfinite(g)
  PASS  g >= -1e-6
  PASS  std::isfinite(g)
  PASS  g >= -1e-6
  PASS  std::isfinite(g)
  PASS  g >= -1e-6
  PASS  std::isfinite(g)
  PASS  g >= -1e-6
  PASS  std::isfinite(g)
  PASS  g >= -1e-6
  PASS  std::isfinite(g)
  PASS  g >= -1e-6
  PASS  std::isfinite(g)
  PASS  g >= -1e-6
  PASS  std::isfinite(g)
  PASS  g >= -1e-6
  PASS  std::isfinite(g)
  PASS  g >= -1e-6
  PASS  std::isfinite(g)
  PASS  g >= -1e-6
  PASS  std::isfinite(g)
  PASS  g >= -1e-6
  PASS  std::isfinite(g)
  PASS  g >= -1e-6
  PASS  std::isfinite(g)
  PASS  g >= -1e-6
  PASS  std::isfinite(g)
  PASS  g >= -1e-6
  PASS  std::isfinite(g)
  PASS  g >= -1e-6
  PASS  std::isfinite(g)
  PASS  g >= -1e-6
  PASS  std::isfinite(g)
  PASS  g >= -1e-6
  PASS  std::isfinite(g)
  PASS  g >= -1e-6
  PASS  std::isfinite(g)
  PASS  g >= -1e-6
  PASS  std::isfinite(g)
  PASS  g >= -1e-6
  PASS  std::isfinite(g)
  PASS  g >= -1e-6
  PASS  std::isfinite(g)
  PASS  g >= -1e-6
  PASS  std::isfinite(g)
  PASS  g >= -1e-6
  PASS  std::isfinite(g)
  PASS  g >= -1e-6
  PASS  std::isfinite(g)
  PASS  g >= -1e-6
  PASS  std::isfinite(g)
  PASS  g >= -1e-6
  PASS  std::isfinite(g)
  PASS  g >= -1e-6
  PASS  std::isfinite(g)
  PASS  g >= -1e-6
  PASS  std::isfinite(g)
  PASS  g >= -1e-6
  PASS  std::isfinite(g)
  PASS  g >= -1e-6
  PASS  std::isfinite(g)
  PASS  g >= -1e-6
  PASS  std::isfinite(g)
  PASS  g >= -1e-6
  PASS  std::isfinite(g)
  PASS  g >= -1e-6
  PASS  std::isfinite(g)
  PASS  g >= -1e-6
  PASS  std::isfinite(g)
  PASS  g >= -1e-6
  PASS  std::isfinite(g)
  PASS  g >= -1e-6
  PASS  std::isfinite(g)
  PASS  g >= -1e-6
  PASS  std::isfinite(g)
  PASS  g >= -1e-6
  PASS  std::isfinite(g)
  PASS  g >= -1e-6
  PASS  std::isfinite(g)
  PASS  g >= -1e-6
  PASS  std::isfinite(g)
  PASS  g >= -1e-6
  PASS  std::isfinite(g)
  PASS  g >= -1e-6
  PASS  std::isfinite(g)
  PASS  g >= -1e-6
  PASS  std::isfinite(g)
  PASS  g >= -1e-6
  PASS  std::isfinite(g)
  PASS  g >= -1e-6
  PASS  std::isfinite(g)
  PASS  g >= -1e-6
  PASS  std::isfinite(g)
  PASS  g >= -1e-6
  PASS  std::isfinite(g)
  PASS  g >= -1e-6
  PASS  std::isfinite(g)
  PASS  g >= -1e-6
  PASS  std::isfinite(g)
  PASS  g >= -1e-6
  PASS  std::isfinite(g)
  PASS  g >= -1e-6
  PASS  std::isfinite(g)
  PASS  g >= -1e-6
  PASS  std::isfinite(g)
  PASS  g >= -1e-6
  PASS  std::isfinite(g)
  PASS  g >= -1e-6
  PASS  std::isfinite(g)
  PASS  g >= -1e-6
  PASS  std::isfinite(g)
  PASS  g >= -1e-6
  PASS  std::isfinite(g)
  PASS  g >= -1e-6
  PASS  std::isfinite(g)
  PASS  g >= -1e-6
  PASS  std::isfinite(g)
  PASS  g >= -1e-6
  PASS  std::isfinite(g)
  PASS  g >= -1e-6
  PASS  std::isfinite(g)
  PASS  g >= -1e-6
  PASS  std::isfinite(g)
  PASS  g >= -1e-6
  PASS  std::isfinite(g)
  PASS  g >= -1e-6
  PASS  std::isfinite(g)
  PASS  g >= -1e-6
  PASS  std::isfinite(g)
  PASS  g >= -1e-6
  PASS  std::isfinite(g)
  PASS  g >= -1e-6
  PASS  std::isfinite(g)
  PASS  g >= -1e-6
  PASS  std::isfinite(g)
  PASS  g >= -1e-6
  PASS  std::isfinite(g)
  PASS  g >= -1e-6
  PASS  std::isfinite(g)
  PASS  g >= -1e-6
  PASS  std::isfinite(g)
  PASS  g >= -1e-6
  PASS  std::isfinite(g)
  PASS  g >= -1e-6
  PASS  std::isfinite(g)
  PASS  g >= -1e-6
  PASS  std::isfinite(g)
  PASS  g >= -1e-6
  PASS  std::isfinite(g)
  PASS  g >= -1e-6
  PASS  std::isfinite(g)
  PASS  g >= -1e-6
  PASS  std::isfinite(g)
  PASS  g >= -1e-6
  PASS  std::isfinite(g)
  PASS  g >= -1e-6
  PASS  std::isfinite(g)
  PASS  g >= -1e-6
  PASS  std::isfinite(g)
  PASS  g >= -1e-6
  PASS  std::isfinite(g)
  PASS  g >= -1e-6
  PASS  std::isfinite(g)
  PASS  g >= -1e-6
  PASS  std::isfinite(g)
  PASS  g >= -1e-6
  PASS  std::isfinite(g)
  PASS  g >= -1e-6
  PASS  std::isfinite(g)
  PASS  g >= -1e-6
  PASS  std::isfinite(g)
  PASS  g >= -1e-6
  PASS  std::isfinite(g)
  PASS  g >= -1e-6
  PASS  std::isfinite(g)
  PASS  g >= -1e-6
  PASS  std::isfinite(g)
  PASS  g >= -1e-6
  PASS  std::isfinite(g)
  PASS  g >= -1e-6
  PASS  std::isfinite(g)
  PASS  g >= -1e-6
  PASS  std::isfinite(g)
  PASS  g >= -1e-6
  PASS  std::isfinite(g)
  PASS  g >= -1e-6
  PASS  std::isfinite(g)
  PASS  g >= -1e-6
  PASS  std::isfinite(g)
  PASS  g >= -1e-6
  PASS  std::isfinite(g)
  PASS  g >= -1e-6
  PASS  std::isfinite(g)
  PASS  g >= -1e-6
  PASS  std::isfinite(g)
  PASS  g >= -1e-6
  PASS  std::isfinite(g)
  PASS  g >= -1e-6
  PASS  std::isfinite(g)
  PASS  g >= -1e-6
  PASS  std::isfinite(g)
  PASS  g >= -1e-6
  PASS  std::isfinite(g)
  PASS  g >= -1e-6
  PASS  std::isfinite(g)
  PASS  g >= -1e-6
  PASS  std::isfinite(g)
  PASS  g >= -1e-6
  PASS  std::isfinite(g)
  PASS  g >= -1e-6
  PASS  std::isfinite(g)
  PASS  g >= -1e-6
  PASS  std::isfinite(g)
  PASS  g >= -1e-6
  PASS  std::isfinite(g)
  PASS  g >= -1e-6
  PASS  std::isfinite(g)
  PASS  g >= -1e-6
  PASS  std::isfinite(g)
  PASS  g >= -1e-6
  PASS  std::isfinite(g)
  PASS  g >= -1e-6
  PASS  std::isfinite(g)
  PASS  g >= -1e-6
  PASS  std::isfinite(g)
  PASS  g >= -1e-6
  PASS  std::isfinite(g)
  PASS  g >= -1e-6
  PASS  std::isfinite(g)
  PASS  g >= -1e-6
  PASS  std::isfinite(g)
  PASS  g >= -1e-6
  PASS  std::isfinite(g)
  PASS  g >= -1e-6
  PASS  std::isfinite(g)
  PASS  g >= -1e-6
  PASS  std::isfinite(g)
  PASS  g >= -1e-6
  PASS  std::isfinite(g)
  PASS  g >= -1e-6
  PASS  std::isfinite(g)
  PASS  g >= -1e-6
  PASS  std::isfinite(g)
  PASS  g >= -1e-6
  PASS  std::isfinite(g)
  PASS  g >= -1e-6
  PASS  std::isfinite(g)
  PASS  g >= -1e-6
  PASS  std::isfinite(g)
  PASS  g >= -1e-6
  PASS  std::isfinite(g)
  PASS  g >= -1e-6
  PASS  std::isfinite(g)
  PASS  g >= -1e-6
  PASS  std::isfinite(g)
  PASS  g >= -1e-6
  PASS  std::isfinite(g)
  PASS  g >= -1e-6
  PASS  std::isfinite(g)
  PASS  g >= -1e-6
  PASS  std::isfinite(g)
  PASS  g >= -1e-6
  PASS  std::isfinite(g)
  PASS  g >= -1e-6
  PASS  std::isfinite(g)
  PASS  g >= -1e-6
  PASS  std::isfinite(g)
  PASS  g >= -1e-6
  PASS  std::isfinite(g)
  PASS  g >= -1e-6
  PASS  std::isfinite(g)
  PASS  g >= -1e-6
  PASS  std::isfinite(g)
  PASS  g >= -1e-6
  PASS  std::isfinite(g)
  PASS  g >= -1e-6
  PASS  std::isfinite(g)
  PASS  g >= -1e-6
  PASS  std::isfinite(g)
  PASS  g >= -1e-6
  PASS  std::isfinite(g)
  PASS  g >= -1e-6
  PASS  std::isfinite(g)
  PASS  g >= -1e-6
  PASS  std::isfinite(g)
  PASS  g >= -1e-6
  PASS  std::isfinite(g)
  PASS  g >= -1e-6
  PASS  std::isfinite(g)
  PASS  g >= -1e-6
  PASS  std::isfinite(g)
  PASS  g >= -1e-6
  PASS  std::isfinite(g)
  PASS  g >= -1e-6
  PASS  std::isfinite(g)
  PASS  g >= -1e-6
  PASS  std::isfinite(g)
  PASS  g >= -1e-6
  PASS  std::isfinite(g)
  PASS  g >= -1e-6
  PASS  std::isfinite(g)
  PASS  g >= -1e-6
  PASS  std::isfinite(g)
  PASS  g >= -1e-6
  PASS  std::isfinite(g)
  PASS  g >= -1e-6
  PASS  std::isfinite(g)
  PASS  g >= -1e-6
  PASS  std::isfinite(g)
  PASS  g >= -1e-6
  PASS  std::isfinite(g)
  PASS  g >= -1e-6
  PASS  std::isfinite(g)
  PASS  g >= -1e-6
  PASS  std::isfinite(g)
  PASS  g >= -1e-6
  PASS  std::isfinite(g)
  PASS  g >= -1e-6
  PASS  std::isfinite(g)
  PASS  g >= -1e-6
  PASS  std::isfinite(g)
  PASS  g >= -1e-6
  PASS  std::isfinite(g)
  PASS  g >= -1e-6
  PASS  std::isfinite(g)
  PASS  g >= -1e-6
  PASS  std::isfinite(g)
  PASS  g >= -1e-6
  PASS  std::isfinite(g)
  PASS  g >= -1e-6
  PASS  std::isfinite(g)
  PASS  g >= -1e-6
  PASS  std::isfinite(g)
  PASS  g >= -1e-6
  PASS  std::isfinite(g)
  PASS  g >= -1e-6
  PASS  std::isfinite(g)
  PASS  g >= -1e-6
  PASS  std::isfinite(g)
  PASS  g >= -1e-6
  PASS  std::isfinite(g)
  PASS  g >= -1e-6
  PASS  std::isfinite(g)
  PASS  g >= -1e-6
  PASS  std::isfinite(g)
  PASS  g >= -1e-6
  PASS  std::isfinite(g)
  PASS  g >= -1e-6
  PASS  std::isfinite(g)
  PASS  g >= -1e-6
  PASS  std::isfinite(g)
  PASS  g >= -1e-6
  PASS  std::isfinite(g)
  PASS  g >= -1e-6
  PASS  std::isfinite(g)
  PASS  g >= -1e-6
  PASS  std::isfinite(g)
  PASS  g >= -1e-6
  PASS  std::isfinite(g)
  PASS  g >= -1e-6
  PASS  std::isfinite(g)
  PASS  g >= -1e-6
  PASS  std::isfinite(g)
  PASS  g >= -1e-6
  PASS  std::isfinite(g)
  PASS  g >= -1e-6
  PASS  std::isfinite(g)
  PASS  g >= -1e-6
  PASS  std::isfinite(g)
  PASS  g >= -1e-6
  PASS  std::isfinite(g)
  PASS  g >= -1e-6
  PASS  std::isfinite(g)
  PASS  g >= -1e-6
  PASS  std::isfinite(g)
  PASS  g >= -1e-6
  PASS  std::isfinite(g)
  PASS  g >= -1e-6
  PASS  std::isfinite(g)
  PASS  g >= -1e-6
  PASS  std::isfinite(g)
  PASS  g >= -1e-6
  PASS  std::isfinite(g)
  PASS  g >= -1e-6
  PASS  std::isfinite(g)
  PASS  g >= -1e-6
  PASS  std::isfinite(g)
  PASS  g >= -1e-6
  PASS  std::isfinite(g)
  PASS  g >= -1e-6
  PASS  std::isfinite(g)
  PASS  g >= -1e-6
  PASS  std::isfinite(g)
  PASS  g >= -1e-6
  PASS  std::isfinite(g)
  PASS  g >= -1e-6
  PASS  std::isfinite(g)
  PASS  g >= -1e-6
  PASS  std::isfinite(g)
  PASS  g >= -1e-6
  PASS  std::isfinite(g)
  PASS  g >= -1e-6
  PASS  std::isfinite(g)
  PASS  g >= -1e-6
  PASS  std::isfinite(g)
  PASS  g >= -1e-6
  PASS  std::isfinite(g)
  PASS  g >= -1e-6
  PASS  std::isfinite(g)
  PASS  g >= -1e-6
  PASS  std::isfinite(g)
  PASS  g >= -1e-6
  PASS  std::isfinite(g)
  PASS  g >= -1e-6
  PASS  std::isfinite(g)
  PASS  g >= -1e-6
  PASS  std::isfinite(g)
  PASS  g >= -1e-6
  PASS  std::isfinite(g)
  PASS  g >= -1e-6
  PASS  std::isfinite(g)
  PASS  g >= -1e-6
  PASS  std::isfinite(g)
  PASS  g >= -1e-6
  PASS  std::isfinite(g)
  PASS  g >= -1e-6
  PASS  std::isfinite(g)
  PASS  g >= -1e-6
  PASS  std::isfinite(g)
  PASS  g >= -1e-6
  PASS  std::isfinite(g)
  PASS  g >= -1e-6
  PASS  std::isfinite(g)
  PASS  g >= -1e-6
  PASS  std::isfinite(g)
  PASS  g >= -1e-6
  PASS  std::isfinite(g)
  PASS  g >= -1e-6
  PASS  std::isfinite(g)
  PASS  g >= -1e-6
  PASS  std::isfinite(g)
  PASS  g >= -1e-6
  PASS  std::isfinite(g)
  PASS  g >= -1e-6
  PASS  std::isfinite(g)
  PASS  g >= -1e-6
  PASS  std::isfinite(g)
  PASS  g >= -1e-6
  PASS  std::isfinite(g)
  PASS  g >= -1e-6
  PASS  std::isfinite(g)
  PASS  g >= -1e-6
  PASS  std::isfinite(g)
  PASS  g >= -1e-6
  PASS  std::isfinite(g)
  PASS  g >= -1e-6
  PASS  std::isfinite(g)
  PASS  g >= -1e-6
  PASS  std::isfinite(g)
  PASS  g >= -1e-6
  PASS  std::isfinite(g)
  PASS  g >= -1e-6
  PASS  std::isfinite(g)
  PASS  g >= -1e-6
  PASS  std::isfinite(g)
  PASS  g >= -1e-6
  PASS  std::isfinite(g)
  PASS  g >= -1e-6
  PASS  std::isfinite(g)
  PASS  g >= -1e-6
  PASS  std::isfinite(g)
  PASS  g >= -1e-6
  PASS  std::isfinite(g)
  PASS  g >= -1e-6
  PASS  std::isfinite(g)
  PASS  g >= -1e-6
  PASS  std::isfinite(g)
  PASS  g >= -1e-6
  PASS  std::isfinite(g)
  PASS  g >= -1e-6
  PASS  std::isfinite(g)
  PASS  g >= -1e-6
  PASS  std::isfinite(g)
  PASS  g >= -1e-6
  PASS  std::isfinite(g)
  PASS  g >= -1e-6
  PASS  std::isfinite(g)
  PASS  g >= -1e-6
  PASS  std::isfinite(g)
  PASS  g >= -1e-6
  PASS  std::isfinite(g)
  PASS  g >= -1e-6
  PASS  std::isfinite(g)
  PASS  g >= -1e-6
  PASS  std::isfinite(g)
  PASS  g >= -1e-6
  PASS  std::isfinite(g)
  PASS  g >= -1e-6
  PASS  std::isfinite(g)
  PASS  g >= -1e-6
  PASS  std::isfinite(g)
  PASS  g >= -1e-6
  PASS  std::isfinite(g)
  PASS  g >= -1e-6
  PASS  std::isfinite(g)
  PASS  g >= -1e-6
  PASS  std::isfinite(g)
  PASS  g >= -1e-6
  PASS  std::isfinite(g)
  PASS  g >= -1e-6
  PASS  std::isfinite(g)
  PASS  g >= -1e-6
  PASS  std::isfinite(g)
  PASS  g >= -1e-6
  PASS  std::isfinite(g)
  PASS  g >= -1e-6
  PASS  std::isfinite(g)
  PASS  g >= -1e-6
  PASS  std::isfinite(g)
  PASS  g >= -1e-6
  PASS  std::isfinite(g)
  PASS  g >= -1e-6
  PASS  std::isfinite(g)
  PASS  g >= -1e-6
  PASS  std::isfinite(g)
  PASS  g >= -1e-6
  PASS  std::isfinite(g)
  PASS  g >= -1e-6
  PASS  std::isfinite(g)
  PASS  g >= -1e-6
  PASS  std::isfinite(g)
  PASS  g >= -1e-6
  PASS  std::isfinite(g)
  PASS  g >= -1e-6
  PASS  std::isfinite(g)
  PASS  g >= -1e-6
  PASS  std::isfinite(g)
  PASS  g >= -1e-6
  PASS  std::isfinite(g)
  PASS  g >= -1e-6
  PASS  std::isfinite(g)
  PASS  g >= -1e-6
  PASS  std::isfinite(g)
  PASS  g >= -1e-6
  PASS  std::isfinite(g)
  PASS  g >= -1e-6
  PASS  std::isfinite(g)
  PASS  g >= -1e-6
  PASS  std::isfinite(g)
  PASS  g >= -1e-6
  PASS  std::isfinite(g)
  PASS  g >= -1e-6
  PASS  std::isfinite(g)
  PASS  g >= -1e-6
  PASS  std::isfinite(g)
  PASS  g >= -1e-6
  PASS  std::isfinite(g)
  PASS  g >= -1e-6
  PASS  std::isfinite(g)
  PASS  g >= -1e-6
  PASS  std::isfinite(g)
  PASS  g >= -1e-6
  PASS  std::isfinite(g)
  PASS  g >= -1e-6
  PASS  std::isfinite(g)
  PASS  g >= -1e-6
  PASS  std::isfinite(g)
  PASS  g >= -1e-6
  PASS  std::isfinite(g)
  PASS  g >= -1e-6
  PASS  std::isfinite(g)
  PASS  g >= -1e-6
  PASS  std::isfinite(g)
  PASS  g >= -1e-6
  PASS  std::isfinite(g)
  PASS  g >= -1e-6
  PASS  std::isfinite(g)
  PASS  g >= -1e-6
  PASS  std::isfinite(g)
  PASS  g >= -1e-6
  PASS  std::isfinite(g)
  PASS  g >= -1e-6
  PASS  std::isfinite(g)
  PASS  g >= -1e-6
  PASS  std::isfinite(g)
  PASS  g >= -1e-6
  PASS  std::isfinite(g)
  PASS  g >= -1e-6
  PASS  std::isfinite(g)
  PASS  g >= -1e-6
  PASS  std::isfinite(g)
  PASS  g >= -1e-6
  PASS  std::isfinite(g)
  PASS  g >= -1e-6
  PASS  std::isfinite(g)
  PASS  g >= -1e-6
  PASS  std::isfinite(g)
  PASS  g >= -1e-6
  PASS  std::isfinite(g)
  PASS  g >= -1e-6
  PASS  std::isfinite(g)
  PASS  g >= -1e-6
  PASS  std::isfinite(g)
  PASS  g >= -1e-6
  PASS  std::isfinite(g)
  PASS  g >= -1e-6
  PASS  std::isfinite(g)
  PASS  g >= -1e-6
  PASS  std::isfinite(g)
  PASS  g >= -1e-6
  PASS  std::isfinite(g)
  PASS  g >= -1e-6
  PASS  std::isfinite(g)
  PASS  g >= -1e-6
  PASS  std::isfinite(g)
  PASS  g >= -1e-6
  PASS  std::isfinite(g)
  PASS  g >= -1e-6
  PASS  std::isfinite(g)
  PASS  g >= -1e-6
  PASS  std::isfinite(g)
  PASS  g >= -1e-6
  PASS  std::isfinite(g)
  PASS  g >= -1e-6
  PASS  std::isfinite(g)
  PASS  g >= -1e-6
  PASS  std::isfinite(g)
  PASS  g >= -1e-6
  PASS  std::isfinite(g)
  PASS  g >= -1e-6
  PASS  std::isfinite(g)
  PASS  g >= -1e-6
  PASS  std::isfinite(g)
  PASS  g >= -1e-6
  PASS  std::isfinite(g)
  PASS  g >= -1e-6
  PASS  std::isfinite(g)
  PASS  g >= -1e-6
  PASS  std::isfinite(g)
  PASS  g >= -1e-6
  PASS  std::isfinite(g)
  PASS  g >= -1e-6
  PASS  std::isfinite(g)
  PASS  g >= -1e-6
  PASS  std::isfinite(g)
  PASS  g >= -1e-6
  PASS  std::isfinite(g)
  PASS  g >= -1e-6
  PASS  std::isfinite(g)
  PASS  g >= -1e-6
  PASS  std::isfinite(g)
  PASS  g >= -1e-6
  PASS  std::isfinite(g)
  PASS  g >= -1e-6
  PASS  std::isfinite(g)
  PASS  g >= -1e-6
  PASS  std::isfinite(g)
  PASS  g >= -1e-6
  PASS  std::isfinite(g)
  PASS  g >= -1e-6
  PASS  std::isfinite(g)
  PASS  g >= -1e-6
  PASS  std::isfinite(g)
  PASS  g >= -1e-6
  PASS  std::isfinite(g)
  PASS  g >= -1e-6
  PASS  std::isfinite(g)
  PASS  g >= -1e-6
  PASS  std::isfinite(g)
  PASS  g >= -1e-6
  PASS  std::isfinite(g)
  PASS  g >= -1e-6
  PASS  std::isfinite(g)
  PASS  g >= -1e-6
  PASS  std::isfinite(g)
  PASS  g >= -1e-6
  PASS  std::isfinite(g)
  PASS  g >= -1e-6
  PASS  std::isfinite(g)
  PASS  g >= -1e-6
  PASS  std::isfinite(g)
  PASS  g >= -1e-6
  PASS  std::isfinite(g)
  PASS  g >= -1e-6
  PASS  std::isfinite(g)
  PASS  g >= -1e-6
  PASS  std::isfinite(g)
  PASS  g >= -1e-6
  PASS  std::isfinite(g)
  PASS  g >= -1e-6
  PASS  std::isfinite(g)
  PASS  g >= -1e-6
  PASS  std::isfinite(g)
  PASS  g >= -1e-6
  PASS  std::isfinite(g)
  PASS  g >= -1e-6
  PASS  std::isfinite(g)
  PASS  g >= -1e-6
  PASS  std::isfinite(g)
  PASS  g >= -1e-6
  PASS  std::isfinite(g)
  PASS  g >= -1e-6
  PASS  std::isfinite(g)
  PASS  g >= -1e-6
  PASS  std::isfinite(g)
  PASS  g >= -1e-6
  PASS  std::isfinite(g)
  PASS  g >= -1e-6
  PASS  std::isfinite(g)
  PASS  g >= -1e-6
  PASS  std::isfinite(g)
  PASS  g >= -1e-6
  PASS  std::isfinite(g)
  PASS  g >= -1e-6
  PASS  std::isfinite(g)
  PASS  g >= -1e-6
  PASS  std::isfinite(g)
  PASS  g >= -1e-6
  PASS  std::isfinite(g)
  PASS  g >= -1e-6
  PASS  std::isfinite(g)
  PASS  g >= -1e-6
  PASS  std::isfinite(g)
  PASS  g >= -1e-6
  PASS  std::isfinite(g)
  PASS  g >= -1e-6
  PASS  std::isfinite(g)
  PASS  g >= -1e-6
  PASS  std::isfinite(g)
  PASS  g >= -1e-6
  PASS  std::isfinite(g)
  PASS  g >= -1e-6
  PASS  std::isfinite(g)
  PASS  g >= -1e-6
  PASS  std::isfinite(g)
  PASS  g >= -1e-6
  PASS  std::isfinite(g)
  PASS  g >= -1e-6
  PASS  std::isfinite(g)
  PASS  g >= -1e-6
  PASS  std::isfinite(g)
  PASS  g >= -1e-6
  PASS  std::isfinite(g)
  PASS  g >= -1e-6
  PASS  std::isfinite(g)
  PASS  g >= -1e-6
  PASS  std::isfinite(g)
  PASS  g >= -1e-6
  PASS  std::isfinite(g)
  PASS  g >= -1e-6
  PASS  std::isfinite(g)
  PASS  g >= -1e-6
  PASS  std::isfinite(g)
  PASS  g >= -1e-6
  PASS  std::isfinite(g)
  PASS  g >= -1e-6
  PASS  std::isfinite(g)
  PASS  g >= -1e-6
  PASS  std::isfinite(g)
  PASS  g >= -1e-6
  PASS  std::isfinite(g)
  PASS  g >= -1e-6
  PASS  std::isfinite(g)
  PASS  g >= -1e-6
  PASS  std::isfinite(g)
  PASS  g >= -1e-6
  PASS  std::isfinite(g)
  PASS  g >= -1e-6
  PASS  std::isfinite(g)
  PASS  g >= -1e-6
  PASS  std::isfinite(g)
  PASS  g >= -1e-6
  PASS  std::isfinite(g)
  PASS  g >= -1e-6
  PASS  std::isfinite(g)
  PASS  g >= -1e-6
  PASS  std::isfinite(g)
  PASS  g >= -1e-6
  PASS  std::isfinite(g)
  PASS  g >= -1e-6
  PASS  std::isfinite(g)
  PASS  g >= -1e-6
  PASS  std::isfinite(g)
  PASS  g >= -1e-6
  PASS  std::isfinite(g)
  PASS  g >= -1e-6
  PASS  std::isfinite(g)
  PASS  g >= -1e-6
  PASS  std::isfinite(g)
  PASS  g >= -1e-6
  PASS  std::isfinite(g)
  PASS  g >= -1e-6
  PASS  std::isfinite(g)
  PASS  g >= -1e-6
  PASS  std::isfinite(g)
  PASS  g >= -1e-6
  PASS  std::isfinite(g)
  PASS  g >= -1e-6
  PASS  std::isfinite(g)
  PASS  g >= -1e-6
  PASS  std::isfinite(g)
  PASS  g >= -1e-6
  PASS  std::isfinite(g)
  PASS  g >= -1e-6
  PASS  std::isfinite(g)
  PASS  g >= -1e-6
  PASS  std::isfinite(g)
  PASS  g >= -1e-6
  PASS  std::isfinite(g)
  PASS  g >= -1e-6
  PASS  std::isfinite(g)
  PASS  g >= -1e-6
  PASS  std::isfinite(g)
  PASS  g >= -1e-6
  PASS  std::isfinite(g)
  PASS  g >= -1e-6
  PASS  std::isfinite(g)
  PASS  g >= -1e-6
  PASS  std::isfinite(g)
  PASS  g >= -1e-6
  PASS  std::isfinite(g)
  PASS  g >= -1e-6
  PASS  std::isfinite(g)
  PASS  g >= -1e-6
  PASS  std::isfinite(g)
  PASS  g >= -1e-6
  PASS  std::isfinite(g)
  PASS  g >= -1e-6
  PASS  std::isfinite(g)
  PASS  g >= -1e-6
  PASS  std::isfinite(g)
  PASS  g >= -1e-6
  PASS  std::isfinite(g)
  PASS  g >= -1e-6
  PASS  std::isfinite(g)
  PASS  g >= -1e-6
  PASS  std::isfinite(g)
  PASS  g >= -1e-6
  PASS  std::isfinite(g)
  PASS  g >= -1e-6
  PASS  std::isfinite(g)
  PASS  g >= -1e-6
  PASS  std::isfinite(g)
  PASS  g >= -1e-6
  PASS  std::isfinite(g)
  PASS  g >= -1e-6
  PASS  std::isfinite(g)
  PASS  g >= -1e-6
  PASS  std::isfinite(g)
  PASS  g >= -1e-6
  PASS  std::isfinite(g)
  PASS  g >= -1e-6
  PASS  std::isfinite(g)
  PASS  g >= -1e-6
  PASS  std::isfinite(g)
  PASS  g >= -1e-6
  PASS  std::isfinite(g)
  PASS  g >= -1e-6
  PASS  std::isfinite(g)
  PASS  g >= -1e-6
  PASS  std::isfinite(g)
  PASS  g >= -1e-6
  PASS  std::isfinite(g)
  PASS  g >= -1e-6
  PASS  std::isfinite(g)
  PASS  g >= -1e-6
  PASS  std::isfinite(g)
  PASS  g >= -1e-6
  PASS  std::isfinite(g)
  PASS  g >= -1e-6
  PASS  std::isfinite(g)
  PASS  g >= -1e-6
  PASS  std::isfinite(g)
  PASS  g >= -1e-6
  PASS  std::isfinite(g)
  PASS  g >= -1e-6
  PASS  std::isfinite(g)
  PASS  g >= -1e-6
  PASS  std::isfinite(g)
  PASS  g >= -1e-6
  PASS  std::isfinite(g)
  PASS  g >= -1e-6
  PASS  std::isfinite(g)
  PASS  g >= -1e-6
  PASS  std::isfinite(g)
  PASS  g >= -1e-6
  PASS  std::isfinite(g)
  PASS  g >= -1e-6
  PASS  std::isfinite(g)
  PASS  g >= -1e-6
  PASS  std::isfinite(g)
  PASS  g >= -1e-6
  PASS  std::isfinite(g)
  PASS  g >= -1e-6
  PASS  std::isfinite(g)
  PASS  g >= -1e-6
  PASS  std::isfinite(g)
  PASS  g >= -1e-6
  PASS  std::isfinite(g)
  PASS  g >= -1e-6
  PASS  std::isfinite(g)
  PASS  g >= -1e-6
  PASS  std::isfinite(g)
  PASS  g >= -1e-6
  PASS  std::isfinite(g)
  PASS  g >= -1e-6
  PASS  std::isfinite(g)
  PASS  g >= -1e-6
  PASS  std::isfinite(g)
  PASS  g >= -1e-6
  PASS  std::isfinite(g)
  PASS  g >= -1e-6
  PASS  std::isfinite(g)
  PASS  g >= -1e-6
  PASS  std::isfinite(g)
  PASS  g >= -1e-6
  PASS  std::isfinite(g)
  PASS  g >= -1e-6
  PASS  std::isfinite(g)
  PASS  g >= -1e-6
  PASS  std::isfinite(g)
  PASS  g >= -1e-6
  PASS  std::isfinite(g)
  PASS  g >= -1e-6
  PASS  std::isfinite(g)
  PASS  g >= -1e-6
  PASS  std::isfinite(g)
  PASS  g >= -1e-6
  PASS  std::isfinite(g)
  PASS  g >= -1e-6
  PASS  std::isfinite(g)
  PASS  g >= -1e-6
  PASS  std::isfinite(g)
  PASS  g >= -1e-6
  PASS  std::isfinite(g)
  PASS  g >= -1e-6
  PASS  std::isfinite(g)
  PASS  g >= -1e-6
  PASS  std::isfinite(g)
  PASS  g >= -1e-6
  PASS  std::isfinite(g)
  PASS  g >= -1e-6
  PASS  std::isfinite(g)
  PASS  g >= -1e-6
  PASS  std::isfinite(g)
  PASS  g >= -1e-6
  PASS  std::isfinite(g)
  PASS  g >= -1e-6
  PASS  std::isfinite(g)
  PASS  g >= -1e-6
  PASS  std::isfinite(g)
  PASS  g >= -1e-6
  PASS  std::isfinite(g)
  PASS  g >= -1e-6
  PASS  std::isfinite(g)
  PASS  g >= -1e-6
  PASS  std::isfinite(g)
  PASS  g >= -1e-6
  PASS  std::isfinite(g)
  PASS  g >= -1e-6
  PASS  std::isfinite(g)
  PASS  g >= -1e-6
  PASS  std::isfinite(g)
  PASS  g >= -1e-6
  PASS  std::isfinite(g)
  PASS  g >= -1e-6
  PASS  std::isfinite(g)
  PASS  g >= -1e-6
  PASS  std::isfinite(g)
  PASS  g >= -1e-6
  PASS  std::isfinite(g)
  PASS  g >= -1e-6
  PASS  std::isfinite(g)
  PASS  g >= -1e-6
  PASS  std::isfinite(g)
  PASS  g >= -1e-6
  PASS  std::isfinite(g)
  PASS  g >= -1e-6
  PASS  std::isfinite(g)
  PASS  g >= -1e-6
  PASS  std::isfinite(g)
  PASS  g >= -1e-6
  PASS  std::isfinite(g)
  PASS  g >= -1e-6
  PASS  std::isfinite(g)
  PASS  g >= -1e-6
  PASS  std::isfinite(g)
  PASS  g >= -1e-6
  PASS  std::isfinite(g)
  PASS  g >= -1e-6
  PASS  std::isfinite(g)
  PASS  g >= -1e-6
  PASS  std::isfinite(g)
  PASS  g >= -1e-6
  PASS  std::isfinite(g)
  PASS  g >= -1e-6
  PASS  std::isfinite(g)
  PASS  g >= -1e-6
  PASS  std::isfinite(g)
  PASS  g >= -1e-6
  PASS  std::isfinite(g)
  PASS  g >= -1e-6
  PASS  std::isfinite(g)
  PASS  g >= -1e-6
  PASS  std::isfinite(g)
  PASS  g >= -1e-6
  PASS  std::isfinite(g)
  PASS  g >= -1e-6
  PASS  std::isfinite(g)
  PASS  g >= -1e-6
  PASS  std::isfinite(g)
  PASS  g >= -1e-6
  PASS  std::isfinite(g)
  PASS  g >= -1e-6
  PASS  std::isfinite(g)
  PASS  g >= -1e-6
  PASS  std::isfinite(g)
  PASS  g >= -1e-6
  PASS  std::isfinite(g)
  PASS  g >= -1e-6
  PASS  std::isfinite(g)
  PASS  g >= -1e-6
  PASS  std::isfinite(g)
  PASS  g >= -1e-6
  PASS  std::isfinite(g)
  PASS  g >= -1e-6
  PASS  std::isfinite(g)
  PASS  g >= -1e-6
  PASS  std::isfinite(g)
  PASS  g >= -1e-6
  PASS  std::isfinite(g)
  PASS  g >= -1e-6
  PASS  std::isfinite(g)
  PASS  g >= -1e-6
  PASS  std::isfinite(g)
  PASS  g >= -1e-6
  PASS  std::isfinite(g)
  PASS  g >= -1e-6
  PASS  std::isfinite(g)
  PASS  g >= -1e-6
  PASS  std::isfinite(g)
  PASS  g >= -1e-6
  PASS  std::isfinite(g)
  PASS  g >= -1e-6
  PASS  std::isfinite(g)
  PASS  g >= -1e-6
  PASS  std::isfinite(g)
  PASS  g >= -1e-6
  PASS  std::isfinite(g)
  PASS  g >= -1e-6
  PASS  std::isfinite(g)
  PASS  g >= -1e-6
  PASS  std::isfinite(g)
  PASS  g >= -1e-6
  PASS  std::isfinite(g)
  PASS  g >= -1e-6
  PASS  std::isfinite(g)
  PASS  g >= -1e-6
  PASS  std::isfinite(g)
  PASS  g >= -1e-6
  PASS  std::isfinite(g)
  PASS  g >= -1e-6
  PASS  std::isfinite(g)
  PASS  g >= -1e-6
  PASS  std::isfinite(g)
  PASS  g >= -1e-6
  PASS  std::isfinite(g)
  PASS  g >= -1e-6
  PASS  std::isfinite(g)
  PASS  g >= -1e-6
  PASS  std::isfinite(g)
  PASS  g >= -1e-6
  PASS  std::isfinite(g)
  PASS  g >= -1e-6
  PASS  std::isfinite(g)
  PASS  g >= -1e-6
  PASS  std::isfinite(g)
  PASS  g >= -1e-6
  PASS  std::isfinite(g)
  PASS  g >= -1e-6
  PASS  std::isfinite(g)
  PASS  g >= -1e-6
  PASS  std::isfinite(g)
  PASS  g >= -1e-6
  PASS  std::isfinite(g)
  PASS  g >= -1e-6
  PASS  std::isfinite(g)
  PASS  g >= -1e-6
  PASS  std::isfinite(g)
  PASS  g >= -1e-6
  PASS  std::isfinite(g)
  PASS  g >= -1e-6
  PASS  std::isfinite(g)
  PASS  g >= -1e-6
  PASS  std::isfinite(g)
  PASS  g >= -1e-6
  PASS  std::isfinite(g)
  PASS  g >= -1e-6
  PASS  std::isfinite(g)
  PASS  g >= -1e-6
  PASS  std::isfinite(g)
  PASS  g >= -1e-6
  PASS  std::isfinite(g)
  PASS  g >= -1e-6
  PASS  std::isfinite(g)
  PASS  g >= -1e-6
  PASS  std::isfinite(g)
  PASS  g >= -1e-6
  PASS  std::isfinite(g)
  PASS  g >= -1e-6
  PASS  std::isfinite(g)
  PASS  g >= -1e-6
  PASS  std::isfinite(g)
  PASS  g >= -1e-6
  PASS  std::isfinite(g)
  PASS  g >= -1e-6
  PASS  std::isfinite(g)
  PASS  g >= -1e-6
  PASS  std::isfinite(g)
  PASS  g >= -1e-6
  PASS  std::isfinite(g)
  PASS  g >= -1e-6
  PASS  std::isfinite(g)
  PASS  g >= -1e-6
  PASS  std::isfinite(g)
  PASS  g >= -1e-6
  PASS  std::isfinite(g)
  PASS  g >= -1e-6
  PASS  std::isfinite(g)
  PASS  g >= -1e-6
  PASS  std::isfinite(g)
  PASS  g >= -1e-6
  PASS  std::isfinite(g)
  PASS  g >= -1e-6
  PASS  std::isfinite(g)
  PASS  g >= -1e-6
  PASS  std::isfinite(g)
  PASS  g >= -1e-6
  PASS  std::isfinite(g)
  PASS  g >= -1e-6
  PASS  std::isfinite(g)
  PASS  g >= -1e-6
  PASS  std::isfinite(g)
  PASS  g >= -1e-6
  PASS  std::isfinite(g)
  PASS  g >= -1e-6
  PASS  std::isfinite(g)
  PASS  g >= -1e-6
  PASS  std::isfinite(g)
  PASS  g >= -1e-6
  PASS  std::isfinite(g)
  PASS  g >= -1e-6
  PASS  std::isfinite(g)
  PASS  g >= -1e-6
  PASS  std::isfinite(g)
  PASS  g >= -1e-6
  PASS  std::isfinite(g)
  PASS  g >= -1e-6
  PASS  std::isfinite(g)
  PASS  g >= -1e-6
  PASS  std::isfinite(g)
  PASS  g >= -1e-6
  PASS  std::isfinite(g)
  PASS  g >= -1e-6
  PASS  std::isfinite(g)
  PASS  g >= -1e-6
  PASS  std::isfinite(g)
  PASS  g >= -1e-6
  PASS  std::isfinite(g)
  PASS  g >= -1e-6
  PASS  std::isfinite(g)
  PASS  g >= -1e-6
  PASS  std::isfinite(g)
  PASS  g >= -1e-6
  PASS  std::isfinite(g)
  PASS  g >= -1e-6
  PASS  std::isfinite(g)
  PASS  g >= -1e-6
  PASS  std::isfinite(g)
  PASS  g >= -1e-6
  PASS  std::isfinite(g)
  PASS  g >= -1e-6
  PASS  std::isfinite(g)
  PASS  g >= -1e-6
  PASS  std::isfinite(g)
  PASS  g >= -1e-6
  PASS  std::isfinite(g)
  PASS  g >= -1e-6
  PASS  std::isfinite(g)
  PASS  g >= -1e-6
  PASS  std::isfinite(g)
  PASS  g >= -1e-6
  PASS  std::isfinite(g)
  PASS  g >= -1e-6
  PASS  std::isfinite(g)
  PASS  g >= -1e-6
  PASS  std::isfinite(g)
  PASS  g >= -1e-6
  PASS  std::isfinite(g)
  PASS  g >= -1e-6
  PASS  std::isfinite(g)
  PASS  g >= -1e-6
  PASS  std::isfinite(g)
  PASS  g >= -1e-6
  PASS  std::isfinite(g)
  PASS  g >= -1e-6
  PASS  std::isfinite(g)
  PASS  g >= -1e-6
  PASS  std::isfinite(g)
  PASS  g >= -1e-6
  PASS  std::isfinite(g)
  PASS  g >= -1e-6
  PASS  std::isfinite(g)
  PASS  g >= -1e-6
  PASS  std::isfinite(g)
  PASS  g >= -1e-6
  PASS  std::isfinite(g)
  PASS  g >= -1e-6
  PASS  std::isfinite(g)
  PASS  g >= -1e-6
  PASS  std::isfinite(g)
  PASS  g >= -1e-6
  PASS  std::isfinite(g)
  PASS  g >= -1e-6
  PASS  std::isfinite(g)
  PASS  g >= -1e-6
  PASS  std::isfinite(g)
  PASS  g >= -1e-6
  PASS  std::isfinite(g)
  PASS  g >= -1e-6
  PASS  std::isfinite(g)
  PASS  g >= -1e-6
  PASS  std::isfinite(g)
  PASS  g >= -1e-6
  PASS  std::isfinite(g)
  PASS  g >= -1e-6
  PASS  std::isfinite(g)
  PASS  g >= -1e-6
  PASS  std::isfinite(g)
  PASS  g >= -1e-6
  PASS  std::isfinite(g)
  PASS  g >= -1e-6
  PASS  std::isfinite(g)
  PASS  g >= -1e-6
  PASS  std::isfinite(g)
  PASS  g >= -1e-6
  PASS  std::isfinite(g)
  PASS  g >= -1e-6
  PASS  std::isfinite(g)
  PASS  g >= -1e-6
  PASS  std::isfinite(g)
  PASS  g >= -1e-6
  PASS  std::isfinite(g)
  PASS  g >= -1e-6
  PASS  std::isfinite(g)
  PASS  g >= -1e-6
  PASS  std::isfinite(g)
  PASS  g >= -1e-6
  PASS  std::isfinite(g)
  PASS  g >= -1e-6
  PASS  std::isfinite(g)
  PASS  g >= -1e-6
  PASS  std::isfinite(g)
  PASS  g >= -1e-6
  PASS  std::isfinite(g)
  PASS  g >= -1e-6
  PASS  std::isfinite(g)
  PASS  g >= -1e-6
  PASS  std::isfinite(g)
  PASS  g >= -1e-6
  PASS  std::isfinite(g)
  PASS  g >= -1e-6
  PASS  std::isfinite(g)
  PASS  g >= -1e-6
  PASS  std::isfinite(g)
  PASS  g >= -1e-6
  PASS  std::isfinite(g)
  PASS  g >= -1e-6
  PASS  std::isfinite(g)
  PASS  g >= -1e-6
  PASS  std::isfinite(g)
  PASS  g >= -1e-6
  PASS  std::isfinite(g)
  PASS  g >= -1e-6
  PASS  std::isfinite(g)
  PASS  g >= -1e-6
  PASS  std::isfinite(g)
  PASS  g >= -1e-6
  PASS  std::isfinite(g)
  PASS  g >= -1e-6
  PASS  std::isfinite(g)
  PASS  g >= -1e-6
  PASS  std::isfinite(g)
  PASS  g >= -1e-6
  PASS  std::isfinite(g)
  PASS  g >= -1e-6
  PASS  std::isfinite(g)
  PASS  g >= -1e-6
  PASS  std::isfinite(g)
  PASS  g >= -1e-6
  PASS  std::isfinite(g)
  PASS  g >= -1e-6
  PASS  std::isfinite(g)
  PASS  g >= -1e-6
  PASS  std::isfinite(g)
  PASS  g >= -1e-6
  PASS  std::isfinite(g)
  PASS  g >= -1e-6
  PASS  std::isfinite(g)
  PASS  g >= -1e-6
  PASS  std::isfinite(g)
  PASS  g >= -1e-6
  PASS  std::isfinite(g)
  PASS  g >= -1e-6
  PASS  std::isfinite(g)
  PASS  g >= -1e-6
  PASS  std::isfinite(g)
  PASS  g >= -1e-6
  PASS  std::isfinite(g)
  PASS  g >= -1e-6
  PASS  std::isfinite(g)
  PASS  g >= -1e-6
  PASS  std::isfinite(g)
  PASS  g >= -1e-6
  PASS  std::isfinite(g)
  PASS  g >= -1e-6
  PASS  std::isfinite(g)
  PASS  g >= -1e-6
  PASS  std::isfinite(g)
  PASS  g >= -1e-6
  PASS  std::isfinite(g)
  PASS  g >= -1e-6
  PASS  std::isfinite(g)
  PASS  g >= -1e-6
  PASS  std::isfinite(g)
  PASS  g >= -1e-6
  PASS  std::isfinite(g)
  PASS  g >= -1e-6
  PASS  std::isfinite(g)
  PASS  g >= -1e-6

[P96-C — lookup with length-0 and full LUT stays finite]
  PASS  std::isfinite(au.apply(x, a))
  PASS  std::isfinite(au.apply(x, a))
  PASS  std::isfinite(au.apply(x, a))
  PASS  std::isfinite(au.apply(x, a))
  PASS  std::isfinite(au.apply(x, a))
  PASS  std::isfinite(g)
  PASS  std::isfinite(g)
  PASS  std::isfinite(g)
  PASS  std::isfinite(g)
  PASS  std::isfinite(g)
  PASS  std::isfinite(g)
  PASS  std::isfinite(g)
  PASS  std::isfinite(g)
  PASS  std::isfinite(au.apply(x, a))
  PASS  std::isfinite(au.apply(x, a))
  PASS  std::isfinite(au.apply(x, a))
  PASS  std::isfinite(au.apply(x, a))
  PASS  std::isfinite(au.apply(x, a))
  PASS  std::isfinite(g)
  PASS  std::isfinite(g)
  PASS  std::isfinite(g)
  PASS  std::isfinite(g)
  PASS  std::isfinite(g)
  PASS  std::isfinite(g)
  PASS  std::isfinite(g)
  PASS  std::isfinite(g)

[CUR-3 — power Inf guard clamps to cap_y instead of snapping to 1.0]
  PASS  cap(1e5, args) ≈ 2.0  (2 ≈ 2)
  PASS  none(1e5, args) ≈ 1.0  (1 ≈ 1)
  PASS  std::isfinite(finite_p(1e-160, args))

[P99-A — round-trip byte-identity for hostile profile names]
  PASS  s1.size() == s2.size()
  PASS  s1 == s2
  PASS  cfg2.profiles.size() == 3
  PASS  cfg2.profiles[0].name == "line\nbreak"
  PASS  cfg2.profiles[1].name == "quote\"backslash\\tab\tend"
  PASS  cfg2.profiles[2].name == "\u00fc\u00f6\u00e7\u015f\u0131 \u65e5\u672c\u8a9e \U0001F3AF"

[P99-B — wrong-typed fields degrade, resave keeps all profiles]
  PASS  cfg.profiles.size() == 1
  PASS  dpp.name == "main"
  PASS  dpp.dev_cfg.dpi == 1600
  PASS  dpp.prof.raw_passthrough == false
  PASS  dpp.prof.output_dpi ≈ NORMALIZED_DPI  (1000 ≈ 1000)
  PASS  dpp.prof.yx_output_dpi_ratio ≈ 1.0  (1 ≈ 1)
  PASS  dpp.prof.domain_weights.x ≈ 1.0  (1 ≈ 1)
  PASS  dpp.prof.domain_weights.y ≈ 1.0  (1 ≈ 1)
  PASS  dpp.prof.range_weights.x ≈ 1.0  (1 ≈ 1)
  PASS  dpp.prof.range_weights.y ≈ 1.0  (1 ≈ 1)
  PASS  dpp.prof.accel_x.cap.x ≈ 15.0  (15 ≈ 15)
  PASS  dpp.prof.speed_processor_args.whole == true
  PASS  dpp.prof.speed_processor_args.lp_norm ≈ 2.0  (2 ≈ 2)
  PASS  cfg2.profiles.size() == 1
  PASS  cfg2.profiles[0].name == "main"
  PASS  cfgl.profiles.size() == 1
  PASS  cfgl.profiles[0].prof.accel_x.mode == accel_mode::lookup
  PASS  cfgl.profiles[0].prof.accel_x.data[0] == 0.0f
  PASS  cfgl.profiles[0].prof.accel_x.data[1] == 0.0f

[P99-C — .bak rotate + simulated write failure restores previous]
  PASS  std::filesystem::exists(path + ".bak")
  PASS  bak_bytes == first_bytes
  PASS  threw
  PASS  std::filesystem::exists(path)
  PASS  std::filesystem::exists(path + ".bak")
  PASS  rc == 0
  PASS  load_config(path).active_profile == "second"

[P107 — set-param domain contract: in-domain values survive sanitize]
  PASS  dp.dev_cfg.dpi == 32000
  PASS  dp.dev_cfg.polling_rate == POLL_RATE_MIN
  PASS  std::fabs(p.degrees_snap - 45.0) < 1e-9
  PASS  std::fabs(p.output_dpi - 1.0) < 1e-9
  PASS  std::fabs(p.lr_output_dpi_ratio - 100.0) < 1e-9
  PASS  std::fabs(p.ud_output_dpi_ratio - 0.01) < 1e-9
  PASS  std::fabs(p.yx_output_dpi_ratio - 100.0) < 1e-9
  PASS  std::fabs(p.domain_weights.x) < 1e-9 && std::fabs(p.domain_weights.y - 1e6) < 1e-6
  PASS  std::fabs(p.range_weights.x - 1e6) < 1e-6 && std::fabs(p.range_weights.y) < 1e-9
  PASS  std::fabs(p.speed_processor_args.lp_norm - 1e-9) < 1e-9
  PASS  std::fabs(p.accel_x.exponent_classic - 1.0) < 1e-9 && std::fabs(p.accel_y.exponent_classic - 10.0) < 1e-9
  PASS  std::fabs(p.accel_x.exponent_power - 1e-4) < 1e-9 && std::fabs(p.accel_y.exponent_power - 1e-4) < 1e-9
  PASS  std::fabs(p.accel_x.sync_speed - 1e-4) < 1e-9 && std::fabs(p.accel_y.sync_speed - 1e-4) < 1e-9
  PASS  std::fabs(p.accel_x.cap.x) < 1e-9 && std::fabs(p.accel_x.cap.y) < 1e-9
  PASS  std::fabs(p.accel_y.cap.x - 15.0) < 1e-9 && std::fabs(p.accel_y.cap.y - 1.5) < 1e-9
  PASS  std::fabs(p.accel_x.limit) < 1e-9 && std::fabs(p.accel_y.limit - 1.5) < 1e-9
  PASS  std::fabs(p.accel_x.decay_rate) < 1e-9 && std::fabs(p.accel_x.smooth) < 1e-9
  PASS  std::fabs(p.accel_x.motivity) < 1e-9 && std::fabs(p.accel_x.gamma) < 1e-9
  PASS  std::fabs(p.accel_x.input_offset) < 1e-9 && std::fabs(p.accel_x.output_offset) < 1e-9
  PASS  std::fabs(p.accel_x.scale - 0.01) < 1e-9
  PASS  p.speed_processor_args.input_speed_smooth_halflife == SMOOTH_HALFLIFE_MAX
  PASS  p.speed_processor_args.scale_smooth_halflife == SMOOTH_HALFLIFE_MAX
  PASS  p.speed_processor_args.output_speed_smooth_halflife == SMOOTH_HALFLIFE_MAX

[O31-C2 — truncated lut_length is pinned to actually-parsed pairs]
  PASS  p.length == 4
  PASS  p.data[0] == 1.0f
  PASS  p.data[1] == 1.0f
  PASS  p.data[2] == 2.0f
  PASS  p.data[3] == 4.0f
  PASS  cfg.profiles[0].prof.accel_x.length == 2
  PASS  cfg.profiles[0].prof.accel_x.data[0] == 1.0f
  PASS  cfg.profiles[0].prof.accel_x.data[1] == 1.0f

[O31-C3 — numeric 0/1 for gain & raw_passthrough accepted like booleans]
  PASS  cfg.profiles[0].prof.accel_x.gain == true
  PASS  cfg.profiles[0].prof.raw_passthrough == true
  PASS  cfg.profiles[1].prof.accel_x.gain == false
  PASS  cfg.profiles[1].prof.raw_passthrough == false
  PASS  cfg.profiles[2].prof.accel_x.gain == true

[P106 — speed_processor sınır tablosu: whole × lp_norm]
  PASS  sp.speed_flags.dist_mode == c.want
  PASS  sp.speed_flags.dist_mode == c.want
  PASS  sp.speed_flags.dist_mode == c.want
  PASS  sp.speed_flags.dist_mode == c.want
  PASS  sp.speed_flags.dist_mode == c.want
  PASS  sp.speed_flags.dist_mode == c.want
  PASS  sp.speed_flags.dist_mode == c.want
  PASS  sp.speed_flags.dist_mode == c.want
  PASS  sp.speed_flags.dist_mode == c.want
  PASS  sp.speed_flags.dist_mode == c.want
  PASS  sp.speed_flags.dist_mode == c.want
  PASS  sp.speed_flags.dist_mode == c.want
  PASS  sp.speed_flags.dist_mode == c.want
  PASS  sp.calc_speed_whole({3,4}, 1.0) ≈ 5.0  (5 ≈ 5)
  PASS  sp.calc_speed_whole({3,4}, 1.0) ≈ 4.0  (4 ≈ 4)
  PASS  sp.calc_speed_whole({3,4}, 1.0) ≈ 4.0  (4 ≈ 4)
  PASS  sp.calc_speed_whole({3,4}, 1.0) ≈ 4.0  (4 ≈ 4)
  PASS  sp.calc_speed_whole({3,4}, 1.0) ≈ 4.0  (4 ≈ 4)
  PASS  sp.calc_speed_whole({3,4}, 1.0) ≈ 7.0  (7 ≈ 7)
  PASS  sp.calc_speed_whole({3,4}, 1.0) ≈ 4.4979414452754147  (4.49794 ≈ 4.49794)
  PASS  sp.calc_speed_whole({3,4}, 1.0) ≈ 5.0  (5 ≈ 5)
  PASS  sp.calc_speed_whole({1,0}, 1.0) ≈ 1.0  (1 ≈ 1)
  PASS  sp.calc_speed_whole({0,1}, 1.0) ≈ 1.0  (1 ≈ 1)
  PASS  sp.calc_speed_whole({3,4}, 1.0) ≈ 4.0  (4 ≈ 4)
  PASS  vx ≈ 3.0  (3 ≈ 3)
  PASS  vy ≈ 4.0  (4 ≈ 4)

[P106 — speed_processor sınır tablosu: halflife 0/tiny/huge (NaN yok)]
  PASS  !sp.speed_flags.should_smooth_input
  PASS  !sp.speed_flags.should_smooth_scale
  PASS  !sp.speed_flags.should_smooth_output
  PASS  !spn.speed_flags.should_smooth_input
  PASS  !spn.speed_flags.should_smooth_output
  PASS  sp.speed_flags.should_smooth_input
  PASS  ema.windowCoefficient == 0.0
  PASS  ema.smooth(5.0, 1.0) ≈ 5.0  (5 ≈ 5)
  PASS  lin.smooth(5.0, 1.0) ≈ 5.0  (5 ≈ 5)
  PASS  ema.windowCoefficient ≈ 0.99999930685305971  (0.999999 ≈ 0.999999)
  PASS  std::isfinite(a) && std::isfinite(b) && std::isfinite(c)
  PASS  a < 5.0 && a > 0.0
  PASS  b > a && c > b
  PASS  !nan
  PASS  conv < 5.0
  PASS  std::isfinite(stop)
  PASS  stop >= 0.0
  PASS  !bad

[P106 — cap sınır tablosu: 0/tiny/huge × cap_mode sırası]
  PASS  c(10.0, a) ≈ 1.1  (1.1 ≈ 1.1)
  PASS  c(25.0, a) ≈ 1.25  (1.25 ≈ 1.25)
  PASS  c(50.0, a) ≈ 1.375  (1.375 ≈ 1.375)
  PASS  c(1e6, a) ≈ 1.49999375  (1.49999 ≈ 1.49999)
  PASS  c(1e6, a) < 1.5
  PASS  c(10.0, a) ≈ 1.1  (1.1 ≈ 1.1)
  PASS  c(1000.0, a) ≈ 11.0  (11 ≈ 11)
  PASS  c(1e6, a) ≈ 10001.0  (10001 ≈ 10001)
  PASS  c(10.0, a) ≈ 0.9  (0.9 ≈ 0.9)
  PASS  std::isfinite(gh)
  PASS  gh < 1.0
  PASS  c(1000.0, a) ≈ 11.0  (11 ≈ 11)
  PASS  std::isfinite(c(1e6, a))
  PASS  c_out(100.0, a) ≈ 1.75  (1.75 ≈ 1.75)
  PASS  c_out(1e6, a) ≈ 1.999975  (1.99998 ≈ 1.99998)
  PASS  c_in(100.0, b) ≈ 1.2775  (1.2775 ≈ 1.2775)
  PASS  c_in(1e6, b) ≈ 1.29999775  (1.3 ≈ 1.3)
  PASS  c_io(100.0, d) ≈ 1.925  (1.925 ≈ 1.925)
  PASS  c_io(1e6, d) ≈ 1.9999925  (1.99999 ≈ 1.99999)
  PASS  c_io(100.0, d) > c_out(100.0, a) && c_out(100.0, a) > c_in(100.0, b)
  PASS  c(10.0, a) ≈ 0.6666666666666666  (0.666667 ≈ 0.666667)
  PASS  c(100.0, a) ≈ 0.075  (0.075 ≈ 0.075)
  PASS  c(10.0, a) < 1.0
  PASS  p_out(30.0, a) ≈ 1.87065823485  (1.87066 ≈ 1.87066)
  PASS  p_out(1e6, a) ≈ 1.99999611975  (2 ≈ 2)
  PASS  p_out(1e6, a) < 2.0
  PASS  p_in(30.0, b) ≈ 2.25334338084  (2.25334 ≈ 2.25334)
  PASS  p_in(1e6, b) ≈ 2.92932611501  (2.92933 ≈ 2.92933)
  PASS  p_io(30.0, d) ≈ 1.53846153846  (1.53846 ≈ 1.53846)
  PASS  p_io(1e6, d) ≈ 1.99998615385  (1.99999 ≈ 1.99999)
  PASS  p_in(30.0, b) > p_out(30.0, a) && p_out(30.0, a) > p_io(30.0, d)
  PASS  std::fabs(p_in(30.0, b) - p_out(30.0, a)) > 0.1
  PASS  p(1000.0, a) ≈ 6.45195012148  (6.45195 ≈ 6.45195)
  PASS  std::isfinite(p(1e6, a))

[P106 — per-device sınır tablosu: dpi × polling_rate × device_id]
  PASS  dp.dev_cfg.dpi == c.want
  PASS  dp.dev_cfg.dpi == c.want
  PASS  dp.dev_cfg.dpi == c.want
  PASS  dp.dev_cfg.dpi == c.want
  PASS  dp.dev_cfg.dpi == c.want
  PASS  dp.dev_cfg.dpi == c.want
  PASS  dp.dev_cfg.dpi == c.want
  PASS  dp.dev_cfg.polling_rate == c.want
  PASS  dp.dev_cfg.polling_rate == c.want
  PASS  dp.dev_cfg.polling_rate == c.want
  PASS  dp.dev_cfg.polling_rate == c.want
  PASS  dp.dev_cfg.polling_rate == c.want
  PASS  dp.dev_cfg.polling_rate == c.want
  PASS  dp.dev_cfg.polling_rate == c.want
  PASS  dp.dev_cfg.polling_rate == c.want
  PASS  dp.device_id.empty()
  PASS  dp2.device_id == "usb:1234:5678:serial"
  PASS  profile_from_json(profile_to_json(dp)).device_id.empty()
  PASS  profile_from_json(profile_to_json(dp2)).device_id == "usb:1234:5678:serial"
  PASS  dp.device_id.size() == 256
  PASS  dp.name == "cap"
  PASS  dp.name.size() <= MAX_NAME_LEN
  PASS  profile_from_json(j.dump()).name == exact
  PASS  check_import_lut_size(lut_json(LUT_RAW_DATA_CAPACITY)).empty()
  PASS  !check_import_lut_size(lut_json(LUT_RAW_DATA_CAPACITY + 2)).empty()
  PASS  !check_import_lut_size(lut_json(LUT_RAW_DATA_CAPACITY + 1)).empty()
  PASS  check_import_lut_size("not json").empty()
  PASS  check_import_lut_size("{\"name\":\"x\"}").empty()
  PASS  dp.match_app.empty()
  PASS  profile_from_json(profile_to_json(dp)).match_app == "FireFox"
  PASS  profile_from_json(j.dump()).match_app.size() == 128
  PASS  profile_from_json(j2.dump()).match_app.empty()
  PASS  check_dup_ids(cfg).empty()
  PASS  dp.dev_cfg.dpi == 16000
  PASS  dp.prof.output_dpi >= 1.0

[P106 — offset sınır tablosu: classic/natural/power × 0/tiny/max]
  PASS  c0(0.0, a) ≈ 1.0  (1 ≈ 1)
  PASS  c0(5.0, a) ≈ 1.05  (1.05 ≈ 1.05)
  PASS  c0(10.0, a) ≈ 1.1  (1.1 ≈ 1.1)
  PASS  ct(0.0, t) ≈ 1.0  (1 ≈ 1)
  PASS  ct(5.0, t) ≈ 1.05  (1.05 ≈ 1.05)
  PASS  cm(0.0, m) ≈ 1.0  (1 ≈ 1)
  PASS  cm(5e5, m) ≈ 1.0  (1 ≈ 1)
  PASS  cm(1e6, m) ≈ 1.0  (1 ≈ 1)
  PASS  cm(2e6, m) ≈ 1.249996875  (1.25 ≈ 1.25)
  PASS  cm(1e7, m) ≈ 1.449999375  (1.45 ≈ 1.45)
  PASS  cm(1e7, m) < 1.5
  PASS  n0(0.0, a) ≈ 1.0  (1 ≈ 1)
  PASS  n0(5.0, a) ≈ 1.18393972059  (1.18394 ≈ 1.18394)
  PASS  n0(2e6, a) ≈ 1.49999875  (1.5 ≈ 1.5)
  PASS  nt(5.0, t) ≈ 1.18393972059  (1.18394 ≈ 1.18394)
  PASS  nt(2e6, t) ≈ 1.49999875  (1.5 ≈ 1.5)
  PASS  nm(5e5, m) ≈ 1.0  (1 ≈ 1)
  PASS  nm(1e6, m) ≈ 1.0  (1 ≈ 1)
  PASS  nm(2e6, m) ≈ 1.24999875  (1.25 ≈ 1.25)
  PASS  nm(1e8, m) ≈ 1.494999975  (1.495 ≈ 1.495)
  PASS  nm(1e8, m) < 1.5
  PASS  p0(0.0, a) ≈ 1.0  (1 ≈ 1)
  PASS  p0(1.0, a) ≈ 0.81225239636  (0.812252 ≈ 0.812252)
  PASS  p0(1e5, a) ≈ 1.49998884528  (1.49999 ≈ 1.49999)
  PASS  p0(1e5, a) < 1.5
  PASS  p2(1.0, o2) ≈ 2.0  (2 ≈ 2)
  PASS  p2(1e5, o2) ≈ 1.50001611238  (1.50002 ≈ 1.50002)
  PASS  p2(1.0, o2) > p0(1.0, a)
  PASS  p9(0.0, o9) ≈ 1.0  (1 ≈ 1)
  PASS  std::isfinite(p9(1e-6, o9))
  PASS  p9(1.0, o9) ≈ 0.81225239636  (0.812252 ≈ 0.812252)
  PASS  pm(1.0, om) ≈ 1e6  (1e+06 ≈ 1e+06)
  PASS  pm(1e5, om) ≈ 33.7247111642  (33.7247 ≈ 33.7247)
  PASS  pm(1e9, om) ≈ 1.50322247112  (1.50322 ≈ 1.50322)
  PASS  c_base(x, a) ≈ c_alt(x, b)  (1.005 ≈ 1.005)
  PASS  c_base(x, a) ≈ c_max(x, m)  (1.005 ≈ 1.005)
  PASS  c_base(x, a) ≈ c_alt(x, b)  (1.01 ≈ 1.01)
  PASS  c_base(x, a) ≈ c_max(x, m)  (1.01 ≈ 1.01)
  PASS  c_base(x, a) ≈ c_alt(x, b)  (1.05 ≈ 1.05)
  PASS  c_base(x, a) ≈ c_max(x, m)  (1.05 ≈ 1.05)
  PASS  c_base(x, a) ≈ c_alt(x, b)  (1.17 ≈ 1.17)
  PASS  c_base(x, a) ≈ c_max(x, m)  (1.17 ≈ 1.17)
  PASS  c_base(x, a) ≈ c_alt(x, b)  (1.49687 ≈ 1.49687)
  PASS  c_base(x, a) ≈ c_max(x, m)  (1.49687 ≈ 1.49687)
  PASS  n_base(x, n) ≈ n_max(x, nm2)  (1.02419 ≈ 1.02419)
  PASS  n_base(x, n) ≈ n_max(x, nm2)  (1.04683 ≈ 1.04683)
  PASS  n_base(x, n) ≈ n_max(x, nm2)  (1.18394 ≈ 1.18394)
  PASS  n_base(x, n) ≈ n_max(x, nm2)  (1.49875 ≈ 1.49875)
  PASS  gain0(1.0, io0) ≈ 1.0  (1 ≈ 1)
  PASS  gain0(1e5, io0) > 10.0
  PASS  std::isfinite(gain0(1e5, io0))
  PASS  leg0(1.0, io0l) ≈ 1.0  (1 ≈ 1)
  PASS  leg0(1e5, io0l) > 10.0
  PASS  gain_x0(1.0, iox0) ≈ 1.0  (1 ≈ 1)
  PASS  gain_x0(1e5, iox0) > 10.0
  PASS  std::isfinite(gain_x0(1e5, iox0))
  PASS  std::isfinite(val)
  PASS  val > 0.0
  PASS  std::isfinite(val)
  PASS  val > 0.0
  PASS  ttg(1.0, tt) ≈ 1e6  (1e+06 ≈ 1e+06)
  PASS  ttg(5.0, tt) ≈ 644495.723284  (644496 ≈ 644496)
  PASS  ttg(1e5, tt) ≈ 33.7247111642  (33.7247 ≈ 33.7247)
  PASS  ttg(1e9, tt) ≈ 1.50322247112  (1.50322 ≈ 1.50322)
  PASS  ttg(1e9, tt) < 1.51

[P119 FAO1 — synchronous motivity<1 × smooth grid (LEGACY vs math ref)]
  PASS  written
  PASS  in.good()
  PASS  std::isfinite(r)
  PASS  std::isfinite(loc)
  PASS  std::fabs(loc - r) <= 1e-9 * denom
  PASS  std::isfinite(r)
  PASS  std::isfinite(loc)
  PASS  std::fabs(loc - r) <= 1e-9 * denom
  PASS  std::isfinite(r)
  PASS  std::isfinite(loc)
  PASS  std::fabs(loc - r) <= 1e-9 * denom
  PASS  std::isfinite(r)
  PASS  std::isfinite(loc)
  PASS  std::fabs(loc - r) <= 1e-9 * denom
  PASS  std::isfinite(r)
  PASS  std::isfinite(loc)
  PASS  std::fabs(loc - r) <= 1e-9 * denom
  PASS  std::isfinite(r)
  PASS  std::isfinite(loc)
  PASS  std::fabs(loc - r) <= 1e-9 * denom
  PASS  std::isfinite(r)
  PASS  std::isfinite(loc)
  PASS  std::fabs(loc - r) <= 1e-9 * denom
  PASS  std::isfinite(r)
  PASS  std::isfinite(loc)
  PASS  std::fabs(loc - r) <= 1e-9 * denom
  PASS  std::isfinite(r)
  PASS  std::isfinite(loc)
  PASS  std::fabs(loc - r) <= 1e-9 * denom
  PASS  std::isfinite(r)
  PASS  std::isfinite(loc)
  PASS  std::fabs(loc - r) <= 1e-9 * denom
  PASS  std::isfinite(r)
  PASS  std::isfinite(loc)
  PASS  std::fabs(loc - r) <= 1e-9 * denom
  PASS  std::isfinite(r)
  PASS  std::isfinite(loc)
  PASS  std::fabs(loc - r) <= 1e-9 * denom
  PASS  std::isfinite(r)
  PASS  std::isfinite(loc)
  PASS  std::fabs(loc - r) <= 1e-9 * denom
  PASS  std::isfinite(r)
  PASS  std::isfinite(loc)
  PASS  std::fabs(loc - r) <= 1e-9 * denom
  PASS  std::isfinite(r)
  PASS  std::isfinite(loc)
  PASS  std::fabs(loc - r) <= 1e-9 * denom
  PASS  std::isfinite(r)
  PASS  std::isfinite(loc)
  PASS  std::fabs(loc - r) <= 1e-9 * denom
  PASS  std::isfinite(r)
  PASS  std::isfinite(loc)
  PASS  std::fabs(loc - r) <= 1e-9 * denom
  PASS  std::isfinite(r)
  PASS  std::isfinite(loc)
  PASS  std::fabs(loc - r) <= 1e-9 * denom
  PASS  std::isfinite(r)
  PASS  std::isfinite(loc)
  PASS  std::fabs(loc - r) <= 1e-9 * denom
  PASS  std::isfinite(r)
  PASS  std::isfinite(loc)
  PASS  std::fabs(loc - r) <= 1e-9 * denom
  PASS  std::isfinite(r)
  PASS  std::isfinite(loc)
  PASS  std::fabs(loc - r) <= 1e-9 * denom
  PASS  std::isfinite(r)
  PASS  std::isfinite(loc)
  PASS  std::fabs(loc - r) <= 1e-9 * denom
  PASS  std::isfinite(r)
  PASS  std::isfinite(loc)
  PASS  std::fabs(loc - r) <= 1e-9 * denom
  PASS  std::isfinite(r)
  PASS  std::isfinite(loc)
  PASS  std::fabs(loc - r) <= 1e-9 * denom
  PASS  std::isfinite(r)
  PASS  std::isfinite(loc)
  PASS  std::fabs(loc - r) <= 1e-9 * denom
  PASS  std::isfinite(r)
  PASS  std::isfinite(loc)
  PASS  std::fabs(loc - r) <= 1e-9 * denom
  PASS  std::isfinite(r)
  PASS  std::isfinite(loc)
  PASS  std::fabs(loc - r) <= 1e-9 * denom
  PASS  std::isfinite(r)
  PASS  std::isfinite(loc)
  PASS  std::fabs(loc - r) <= 1e-9 * denom
  PASS  std::isfinite(r)
  PASS  std::isfinite(loc)
  PASS  std::fabs(loc - r) <= 1e-9 * denom
  PASS  std::isfinite(r)
  PASS  std::isfinite(loc)
  PASS  std::fabs(loc - r) <= 1e-9 * denom
  PASS  std::isfinite(r)
  PASS  std::isfinite(loc)
  PASS  std::fabs(loc - r) <= 1e-9 * denom
  PASS  std::isfinite(r)
  PASS  std::isfinite(loc)
  PASS  std::fabs(loc - r) <= 1e-9 * denom
  PASS  std::isfinite(r)
  PASS  std::isfinite(loc)
  PASS  std::fabs(loc - r) <= 1e-9 * denom
  PASS  std::isfinite(r)
  PASS  std::isfinite(loc)
  PASS  std::fabs(loc - r) <= 1e-9 * denom
  PASS  std::isfinite(r)
  PASS  std::isfinite(loc)
  PASS  std::fabs(loc - r) <= 1e-9 * denom
  PASS  std::isfinite(r)
  PASS  std::isfinite(loc)
  PASS  std::fabs(loc - r) <= 1e-9 * denom
  PASS  std::isfinite(r)
  PASS  std::isfinite(loc)
  PASS  std::fabs(loc - r) <= 1e-9 * denom
  PASS  std::isfinite(r)
  PASS  std::isfinite(loc)
  PASS  std::fabs(loc - r) <= 1e-9 * denom
  PASS  std::isfinite(r)
  PASS  std::isfinite(loc)
  PASS  std::fabs(loc - r) <= 1e-9 * denom
  PASS  std::isfinite(r)
  PASS  std::isfinite(loc)
  PASS  std::fabs(loc - r) <= 1e-9 * denom
  PASS  std::isfinite(r)
  PASS  std::isfinite(loc)
  PASS  std::fabs(loc - r) <= 1e-9 * denom
  PASS  std::isfinite(r)
  PASS  std::isfinite(loc)
  PASS  std::fabs(loc - r) <= 1e-9 * denom
  PASS  std::isfinite(r)
  PASS  std::isfinite(loc)
  PASS  std::fabs(loc - r) <= 1e-9 * denom
  PASS  std::isfinite(r)
  PASS  std::isfinite(loc)
  PASS  std::fabs(loc - r) <= 1e-9 * denom
  PASS  std::isfinite(r)
  PASS  std::isfinite(loc)
  PASS  std::fabs(loc - r) <= 1e-9 * denom
  PASS  std::isfinite(r)
  PASS  std::isfinite(loc)
  PASS  std::fabs(loc - r) <= 1e-9 * denom
  PASS  std::isfinite(r)
  PASS  std::isfinite(loc)
  PASS  std::fabs(loc - r) <= 1e-9 * denom
  PASS  std::isfinite(r)
  PASS  std::isfinite(loc)
  PASS  std::fabs(loc - r) <= 1e-9 * denom
  PASS  std::isfinite(r)
  PASS  std::isfinite(loc)
  PASS  std::fabs(loc - r) <= 1e-9 * denom
  PASS  std::isfinite(r)
  PASS  std::isfinite(loc)
  PASS  std::fabs(loc - r) <= 1e-9 * denom
  PASS  std::isfinite(r)
  PASS  std::isfinite(loc)
  PASS  std::fabs(loc - r) <= 1e-9 * denom
  PASS  std::isfinite(r)
  PASS  std::isfinite(loc)
  PASS  std::fabs(loc - r) <= 1e-9 * denom
  PASS  std::isfinite(r)
  PASS  std::isfinite(loc)
  PASS  std::fabs(loc - r) <= 1e-9 * denom
  PASS  std::isfinite(r)
  PASS  std::isfinite(loc)
  PASS  std::fabs(loc - r) <= 1e-9 * denom
  PASS  std::isfinite(r)
  PASS  std::isfinite(loc)
  PASS  std::fabs(loc - r) <= 1e-9 * denom
  PASS  std::isfinite(r)
  PASS  std::isfinite(loc)
  PASS  std::fabs(loc - r) <= 1e-9 * denom
  PASS  std::isfinite(r)
  PASS  std::isfinite(loc)
  PASS  std::fabs(loc - r) <= 1e-9 * denom
  PASS  std::isfinite(r)
  PASS  std::isfinite(loc)
  PASS  std::fabs(loc - r) <= 1e-9 * denom
  PASS  std::isfinite(r)
  PASS  std::isfinite(loc)
  PASS  std::fabs(loc - r) <= 1e-9 * denom
  PASS  std::isfinite(r)
  PASS  std::isfinite(loc)
  PASS  std::fabs(loc - r) <= 1e-9 * denom
  PASS  std::isfinite(r)
  PASS  std::isfinite(loc)
  PASS  std::fabs(loc - r) <= 1e-9 * denom
  PASS  std::isfinite(r)
  PASS  std::isfinite(loc)
  PASS  std::fabs(loc - r) <= 1e-9 * denom
  PASS  std::isfinite(r)
  PASS  std::isfinite(loc)
  PASS  std::fabs(loc - r) <= 1e-9 * denom
  PASS  std::isfinite(r)
  PASS  std::isfinite(loc)
  PASS  std::fabs(loc - r) <= 1e-9 * denom
  PASS  std::isfinite(r)
  PASS  std::isfinite(loc)
  PASS  std::fabs(loc - r) <= 1e-9 * denom
  PASS  std::isfinite(r)
  PASS  std::isfinite(loc)
  PASS  std::fabs(loc - r) <= 1e-9 * denom
  PASS  std::isfinite(r)
  PASS  std::isfinite(loc)
  PASS  std::fabs(loc - r) <= 1e-9 * denom
  PASS  std::isfinite(r)
  PASS  std::isfinite(loc)
  PASS  std::fabs(loc - r) <= 1e-9 * denom
  PASS  std::isfinite(r)
  PASS  std::isfinite(loc)
  PASS  std::fabs(loc - r) <= 1e-9 * denom
  PASS  std::isfinite(r)
  PASS  std::isfinite(loc)
  PASS  std::fabs(loc - r) <= 1e-9 * denom
  PASS  std::isfinite(r)
  PASS  std::isfinite(loc)
  PASS  std::fabs(loc - r) <= 1e-9 * denom
  PASS  std::isfinite(r)
  PASS  std::isfinite(loc)
  PASS  std::fabs(loc - r) <= 1e-9 * denom
  PASS  std::isfinite(r)
  PASS  std::isfinite(loc)
  PASS  std::fabs(loc - r) <= 1e-9 * denom
  PASS  std::isfinite(r)
  PASS  std::isfinite(loc)
  PASS  std::fabs(loc - r) <= 1e-9 * denom
  PASS  std::isfinite(r)
  PASS  std::isfinite(loc)
  PASS  std::fabs(loc - r) <= 1e-9 * denom
  PASS  std::isfinite(r)
  PASS  std::isfinite(loc)
  PASS  std::fabs(loc - r) <= 1e-9 * denom
  PASS  std::isfinite(r)
  PASS  std::isfinite(loc)
  PASS  std::fabs(loc - r) <= 1e-9 * denom
  PASS  std::isfinite(r)
  PASS  std::isfinite(loc)
  PASS  std::fabs(loc - r) <= 1e-9 * denom
  PASS  std::isfinite(r)
  PASS  std::isfinite(loc)
  PASS  std::fabs(loc - r) <= 1e-9 * denom
  PASS  std::isfinite(r)
  PASS  std::isfinite(loc)
  PASS  std::fabs(loc - r) <= 1e-9 * denom
  PASS  std::isfinite(r)
  PASS  std::isfinite(loc)
  PASS  std::fabs(loc - r) <= 1e-9 * denom
  PASS  std::isfinite(r)
  PASS  std::isfinite(loc)
  PASS  std::fabs(loc - r) <= 1e-9 * denom
  PASS  std::isfinite(r)
  PASS  std::isfinite(loc)
  PASS  std::fabs(loc - r) <= 1e-9 * denom
  PASS  std::isfinite(r)
  PASS  std::isfinite(loc)
  PASS  std::fabs(loc - r) <= 1e-9 * denom
  PASS  std::isfinite(r)
  PASS  std::isfinite(loc)
  PASS  std::fabs(loc - r) <= 1e-9 * denom
  PASS  std::isfinite(r)
  PASS  std::isfinite(loc)
  PASS  std::fabs(loc - r) <= 1e-9 * denom
  PASS  std::isfinite(r)
  PASS  std::isfinite(loc)
  PASS  std::fabs(loc - r) <= 1e-9 * denom
  PASS  std::isfinite(r)
  PASS  std::isfinite(loc)
  PASS  std::fabs(loc - r) <= 1e-9 * denom
  PASS  std::isfinite(r)
  PASS  std::isfinite(loc)
  PASS  std::fabs(loc - r) <= 1e-9 * denom
  PASS  std::isfinite(r)
  PASS  std::isfinite(loc)
  PASS  std::fabs(loc - r) <= 1e-9 * denom
  PASS  std::isfinite(r)
  PASS  std::isfinite(loc)
  PASS  std::fabs(loc - r) <= 1e-9 * denom
  PASS  std::isfinite(r)
  PASS  std::isfinite(loc)
  PASS  std::fabs(loc - r) <= 1e-9 * denom
  PASS  std::isfinite(r)
  PASS  std::isfinite(loc)
  PASS  std::fabs(loc - r) <= 1e-9 * denom
  PASS  std::isfinite(r)
  PASS  std::isfinite(loc)
  PASS  std::fabs(loc - r) <= 1e-9 * denom
  PASS  std::isfinite(r)
  PASS  std::isfinite(loc)
  PASS  std::fabs(loc - r) <= 1e-9 * denom
  PASS  std::isfinite(r)
  PASS  std::isfinite(loc)
  PASS  std::fabs(loc - r) <= 1e-9 * denom
  PASS  std::isfinite(r)
  PASS  std::isfinite(loc)
  PASS  std::fabs(loc - r) <= 1e-9 * denom
  PASS  std::isfinite(r)
  PASS  std::isfinite(loc)
  PASS  std::fabs(loc - r) <= 1e-9 * denom
  PASS  std::isfinite(r)
  PASS  std::isfinite(loc)
  PASS  std::fabs(loc - r) <= 1e-9 * denom
  PASS  std::isfinite(r)
  PASS  std::isfinite(loc)
  PASS  std::fabs(loc - r) <= 1e-9 * denom
  PASS  std::isfinite(r)
  PASS  std::isfinite(loc)
  PASS  std::fabs(loc - r) <= 1e-9 * denom
  PASS  std::isfinite(r)
  PASS  std::isfinite(loc)
  PASS  std::fabs(loc - r) <= 1e-9 * denom
  PASS  std::isfinite(r)
  PASS  std::isfinite(loc)
  PASS  std::fabs(loc - r) <= 1e-9 * denom
  PASS  std::isfinite(r)
  PASS  std::isfinite(loc)
  PASS  std::fabs(loc - r) <= 1e-9 * denom
  PASS  std::isfinite(r)
  PASS  std::isfinite(loc)
  PASS  std::fabs(loc - r) <= 1e-9 * denom
  PASS  std::isfinite(r)
  PASS  std::isfinite(loc)
  PASS  std::fabs(loc - r) <= 1e-9 * denom
  PASS  std::isfinite(r)
  PASS  std::isfinite(loc)
  PASS  std::fabs(loc - r) <= 1e-9 * denom
  PASS  std::isfinite(r)
  PASS  std::isfinite(loc)
  PASS  std::fabs(loc - r) <= 1e-9 * denom
  PASS  std::isfinite(r)
  PASS  std::isfinite(loc)
  PASS  std::fabs(loc - r) <= 1e-9 * denom
  PASS  std::isfinite(r)
  PASS  std::isfinite(loc)
  PASS  std::fabs(loc - r) <= 1e-9 * denom
  PASS  std::isfinite(r)
  PASS  std::isfinite(loc)
  PASS  std::fabs(loc - r) <= 1e-9 * denom
  PASS  std::isfinite(r)
  PASS  std::isfinite(loc)
  PASS  std::fabs(loc - r) <= 1e-9 * denom
  PASS  std::isfinite(r)
  PASS  std::isfinite(loc)
  PASS  std::fabs(loc - r) <= 1e-9 * denom
  PASS  std::isfinite(r)
  PASS  std::isfinite(loc)
  PASS  std::fabs(loc - r) <= 1e-9 * denom
  PASS  std::isfinite(r)
  PASS  std::isfinite(loc)
  PASS  std::fabs(loc - r) <= 1e-9 * denom
  PASS  std::isfinite(r)
  PASS  std::isfinite(loc)
  PASS  std::fabs(loc - r) <= 1e-9 * denom
  PASS  std::isfinite(r)
  PASS  std::isfinite(loc)
  PASS  std::fabs(loc - r) <= 1e-9 * denom
  PASS  std::isfinite(r)
  PASS  std::isfinite(loc)
  PASS  std::fabs(loc - r) <= 1e-9 * denom
  PASS  std::isfinite(r)
  PASS  std::isfinite(loc)
  PASS  std::fabs(loc - r) <= 1e-9 * denom
  PASS  std::isfinite(r)
  PASS  std::isfinite(loc)
  PASS  std::fabs(loc - r) <= 1e-9 * denom
  PASS  std::isfinite(r)
  PASS  std::isfinite(loc)
  PASS  std::fabs(loc - r) <= 1e-9 * denom
  PASS  std::isfinite(r)
  PASS  std::isfinite(loc)
  PASS  std::fabs(loc - r) <= 1e-9 * denom
  PASS  std::isfinite(r)
  PASS  std::isfinite(loc)
  PASS  std::fabs(loc - r) <= 1e-9 * denom
  PASS  std::isfinite(r)
  PASS  std::isfinite(loc)
  PASS  std::fabs(loc - r) <= 1e-9 * denom
  PASS  std::isfinite(r)
  PASS  std::isfinite(loc)
  PASS  std::fabs(loc - r) <= 1e-9 * denom
  PASS  std::isfinite(r)
  PASS  std::isfinite(loc)
  PASS  std::fabs(loc - r) <= 1e-9 * denom
  PASS  std::isfinite(r)
  PASS  std::isfinite(loc)
  PASS  std::fabs(loc - r) <= 1e-9 * denom
  PASS  std::isfinite(r)
  PASS  std::isfinite(loc)
  PASS  std::fabs(loc - r) <= 1e-9 * denom
  PASS  std::isfinite(r)
  PASS  std::isfinite(loc)
  PASS  std::fabs(loc - r) <= 1e-9 * denom
  PASS  std::isfinite(r)
  PASS  std::isfinite(loc)
  PASS  std::fabs(loc - r) <= 1e-9 * denom
  PASS  std::isfinite(r)
  PASS  std::isfinite(loc)
  PASS  std::fabs(loc - r) <= 1e-9 * denom
  PASS  std::isfinite(r)
  PASS  std::isfinite(loc)
  PASS  std::fabs(loc - r) <= 1e-9 * denom
  PASS  std::isfinite(r)
  PASS  std::isfinite(loc)
  PASS  std::fabs(loc - r) <= 1e-9 * denom
  PASS  std::isfinite(r)
  PASS  std::isfinite(loc)
  PASS  std::fabs(loc - r) <= 1e-9 * denom
  PASS  std::isfinite(r)
  PASS  std::isfinite(loc)
  PASS  std::fabs(loc - r) <= 1e-9 * denom
  PASS  sh(500.0, hi) > 3.0
  PASS  sh(0.001, hi) < 0.4
  PASS  sh(500.0, hi) > sh(0.001, hi)
  PASS  sh(5.0, hi) == 1.0
  PASS  sh(500.0, hi) > 3.0
  PASS  sh(0.001, hi) < 0.4
  PASS  sh(500.0, hi) > sh(0.001, hi)
  PASS  sh(5.0, hi) == 1.0
  PASS  sh(500.0, hi) > 3.0
  PASS  sh(0.001, hi) < 0.4
  PASS  sh(500.0, hi) > sh(0.001, hi)
  PASS  sh(5.0, hi) == 1.0

[P119 FAO1 — synchronous motivity<1 × smooth grid (GAIN LUT vs exact integral)]
  PASS  std::isfinite(lut)
  PASS  lut ≈ ex  (0.0632813 ≈ 0.0625004)
  PASS  std::isfinite(lut)
  PASS  lut ≈ ex  (0.108203 ≈ 0.106251)
  PASS  std::isfinite(lut)
  PASS  lut ≈ ex  (0.207227 ≈ 0.203127)
  PASS  std::isfinite(lut)
  PASS  lut ≈ ex  (0.308984 ≈ 0.302087)
  PASS  std::isfinite(lut)
  PASS  lut ≈ ex  (0.512891 ≈ 0.501256)
  PASS  std::isfinite(lut)
  PASS  lut ≈ ex  (0.71635 ≈ 0.7009)
  PASS  std::isfinite(lut)
  PASS  lut ≈ ex  (1.02395 ≈ 1.00064)
  PASS  std::isfinite(lut)
  PASS  lut ≈ ex  (3.06465 ≈ 3.00024)
  PASS  std::isfinite(lut)
  PASS  lut ≈ ex  (10.2294 ≈ 10.0002)
  PASS  std::isfinite(lut)
  PASS  lut ≈ ex  (16.7431 ≈ 16.6667)
  PASS  std::isfinite(lut)
  PASS  lut ≈ ex  (18.0459 ≈ 18)
  PASS  mono
  PASS  std::isfinite(t)
  PASS  t > 1.0
  PASS  t <= 1.0 / m + env
  PASS  std::isfinite(b0)
  PASS  std::isfinite(lut)
  PASS  lut ≈ ex  (0.103765 ≈ 0.101257)
  PASS  std::isfinite(lut)
  PASS  lut ≈ ex  (0.146613 ≈ 0.144024)
  PASS  std::isfinite(lut)
  PASS  lut ≈ ex  (0.235835 ≈ 0.231706)
  PASS  std::isfinite(lut)
  PASS  lut ≈ ex  (0.330026 ≈ 0.323277)
  PASS  std::isfinite(lut)
  PASS  lut ≈ ex  (0.525759 ≈ 0.514251)
  PASS  std::isfinite(lut)
  PASS  lut ≈ ex  (0.725359 ≈ 0.710037)
  PASS  std::isfinite(lut)
  PASS  lut ≈ ex  (1.02657 ≈ 1.00387)
  PASS  std::isfinite(lut)
  PASS  lut ≈ ex  (2.77857 ≈ 2.72991)
  PASS  std::isfinite(lut)
  PASS  lut ≈ ex  (6.36491 ≈ 6.2821)
  PASS  std::isfinite(lut)
  PASS  lut ≈ ex  (10.37 ≈ 10.2853)
  PASS  std::isfinite(lut)
  PASS  lut ≈ ex  (12.124 ≈ 12.051)
  PASS  mono
  PASS  std::isfinite(t)
  PASS  t > 1.0
  PASS  t <= 1.0 / m + env
  PASS  std::isfinite(b0)
  PASS  std::isfinite(lut)
  PASS  lut ≈ ex  (0.175488 ≈ 0.171011)
  PASS  std::isfinite(lut)
  PASS  lut ≈ ex  (0.223558 ≈ 0.22)
  PASS  std::isfinite(lut)
  PASS  lut ≈ ex  (0.309151 ≈ 0.304897)
  PASS  std::isfinite(lut)
  PASS  lut ≈ ex  (0.392824 ≈ 0.386575)
  PASS  std::isfinite(lut)
  PASS  lut ≈ ex  (0.567157 ≈ 0.556404)
  PASS  std::isfinite(lut)
  PASS  lut ≈ ex  (0.751315 ≈ 0.737103)
  PASS  std::isfinite(lut)
  PASS  lut ≈ ex  (1.01571 ≈ 0.996524)
  PASS  std::isfinite(lut)
  PASS  lut ≈ ex  (2.2256 ≈ 2.19653)
  PASS  std::isfinite(lut)
  PASS  lut ≈ ex  (4.06398 ≈ 4.02498)
  PASS  std::isfinite(lut)
  PASS  lut ≈ ex  (5.94832 ≈ 5.90698)
  PASS  std::isfinite(lut)
  PASS  lut ≈ ex  (6.8287 ≈ 6.79071)
  PASS  mono
  PASS  std::isfinite(t)
  PASS  t > 1.0
  PASS  t <= 1.0 / m + env
  PASS  std::isfinite(b0)
  PASS  std::isfinite(lut)
  PASS  lut ≈ ex  (0.3 ≈ 0.3)
  PASS  std::isfinite(lut)
  PASS  lut ≈ ex  (0.3 ≈ 0.3)
  PASS  std::isfinite(lut)
  PASS  lut ≈ ex  (0.314063 ≈ 0.312501)
  PASS  std::isfinite(lut)
  PASS  lut ≈ ex  (0.380208 ≈ 0.375003)
  PASS  std::isfinite(lut)
  PASS  lut ≈ ex  (0.555625 ≈ 0.545005)
  PASS  std::isfinite(lut)
  PASS  lut ≈ ex  (0.746875 ≈ 0.73215)
  PASS  std::isfinite(lut)
  PASS  lut ≈ ex  (1.04531 ≈ 1.02251)
  PASS  std::isfinite(lut)
  PASS  lut ≈ ex  (2.43399 ≈ 2.41492)
  PASS  std::isfinite(lut)
  PASS  lut ≈ ex  (3.06353 ≈ 3.05781)
  PASS  std::isfinite(lut)
  PASS  lut ≈ ex  (3.2434 ≈ 3.24149)
  PASS  std::isfinite(lut)
  PASS  lut ≈ ex  (3.27937 ≈ 3.27823)
  PASS  mono
  PASS  std::isfinite(t)
  PASS  t > 1.0
  PASS  t <= 1.0 / m + env
  PASS  std::isfinite(b0)
  PASS  std::isfinite(lut)
  PASS  lut ≈ ex  (0.306247 ≈ 0.305939)
  PASS  std::isfinite(lut)
  PASS  lut ≈ ex  (0.319575 ≈ 0.318878)
  PASS  std::isfinite(lut)
  PASS  lut ≈ ex  (0.362472 ≈ 0.360376)
  PASS  std::isfinite(lut)
  PASS  lut ≈ ex  (0.423748 ≈ 0.419094)
  PASS  std::isfinite(lut)
  PASS  lut ≈ ex  (0.58321 ≈ 0.573152)
  PASS  std::isfinite(lut)
  PASS  lut ≈ ex  (0.765469 ≈ 0.751369)
  PASS  std::isfinite(lut)
  PASS  lut ≈ ex  (1.03777 ≈ 1.01815)
  PASS  std::isfinite(lut)
  PASS  lut ≈ ex  (2.08983 ≈ 2.07011)
  PASS  std::isfinite(lut)
  PASS  lut ≈ ex  (2.86717 ≈ 2.85772)
  PASS  std::isfinite(lut)
  PASS  lut ≈ ex  (3.16415 ≈ 3.16049)
  PASS  std::isfinite(lut)
  PASS  lut ≈ ex  (3.22958 ≈ 3.22731)
  PASS  mono
  PASS  std::isfinite(t)
  PASS  t > 1.0
  PASS  t <= 1.0 / m + env
  PASS  std::isfinite(b0)
  PASS  std::isfinite(lut)
  PASS  lut ≈ ex  (0.362389 ≈ 0.359908)
  PASS  std::isfinite(lut)
  PASS  lut ≈ ex  (0.391556 ≈ 0.389489)
  PASS  std::isfinite(lut)
  PASS  lut ≈ ex  (0.446353 ≈ 0.443651)
  PASS  std::isfinite(lut)
  PASS  lut ≈ ex  (0.503856 ≈ 0.499508)
  PASS  std::isfinite(lut)
  PASS  lut ≈ ex  (0.638991 ≈ 0.630013)
  PASS  std::isfinite(lut)
  PASS  lut ≈ ex  (0.797715 ≈ 0.785527)
  PASS  std::isfinite(lut)
  PASS  lut ≈ ex  (1.01311 ≈ 0.998377)
  PASS  std::isfinite(lut)
  PASS  lut ≈ ex  (1.73367 ≈ 1.7201)
  PASS  std::isfinite(lut)
  PASS  lut ≈ ex  (2.35324 ≈ 2.3437)
  PASS  std::isfinite(lut)
  PASS  lut ≈ ex  (2.71679 ≈ 2.71076)
  PASS  std::isfinite(lut)
  PASS  lut ≈ ex  (2.83485 ≈ 2.83024)
  PASS  mono
  PASS  std::isfinite(t)
  PASS  t > 1.0
  PASS  t <= 1.0 / m + env
  PASS  std::isfinite(b0)
  PASS  std::isfinite(lut)
  PASS  lut ≈ ex  (0.8 ≈ 0.8)
  PASS  std::isfinite(lut)
  PASS  lut ≈ ex  (0.8 ≈ 0.8)
  PASS  std::isfinite(lut)
  PASS  lut ≈ ex  (0.8 ≈ 0.8)
  PASS  std::isfinite(lut)
  PASS  lut ≈ ex  (0.8 ≈ 0.8)
  PASS  std::isfinite(lut)
  PASS  lut ≈ ex  (0.825 ≈ 0.820002)
  PASS  std::isfinite(lut)
  PASS  lut ≈ ex  (0.928571 ≈ 0.92054)
  PASS  std::isfinite(lut)
  PASS  lut ≈ ex  (1.025 ≈ 1.01938)
  PASS  std::isfinite(lut)
  PASS  lut ≈ ex  (1.175 ≈ 1.17313)
  PASS  std::isfinite(lut)
  PASS  lut ≈ ex  (1.2275 ≈ 1.22694)
  PASS  std::isfinite(lut)
  PASS  lut ≈ ex  (1.2425 ≈ 1.24231)
  PASS  std::isfinite(lut)
  PASS  lut ≈ ex  (1.2455 ≈ 1.24539)
  PASS  mono
  PASS  std::isfinite(t)
  PASS  t > 1.0
  PASS  t <= 1.0 / m + env
  PASS  std::isfinite(b0)
  PASS  std::isfinite(lut)
  PASS  lut ≈ ex  (0.8 ≈ 0.8)
  PASS  std::isfinite(lut)
  PASS  lut ≈ ex  (0.8 ≈ 0.8)
  PASS  std::isfinite(lut)
  PASS  lut ≈ ex  (0.800011 ≈ 0.80001)
  PASS  std::isfinite(lut)
  PASS  lut ≈ ex  (0.800446 ≈ 0.800367)
  PASS  std::isfinite(lut)
  PASS  lut ≈ ex  (0.830634 ≈ 0.826044)
  PASS  std::isfinite(lut)
  PASS  lut ≈ ex  (0.924178 ≈ 0.917024)
  PASS  std::isfinite(lut)
  PASS  lut ≈ ex  (1.02009 ≈ 1.01472)
  PASS  std::isfinite(lut)
  PASS  lut ≈ ex  (1.17333 ≈ 1.17153)
  PASS  std::isfinite(lut)
  PASS  lut ≈ ex  (1.227 ≈ 1.22646)
  PASS  std::isfinite(lut)
  PASS  lut ≈ ex  (1.24233 ≈ 1.24215)
  PASS  std::isfinite(lut)
  PASS  lut ≈ ex  (1.2454 ≈ 1.24529)
  PASS  mono
  PASS  std::isfinite(t)
  PASS  t > 1.0
  PASS  t <= 1.0 / m + env
  PASS  std::isfinite(b0)
  PASS  std::isfinite(lut)
  PASS  lut ≈ ex  (0.800532 ≈ 0.800506)
  PASS  std::isfinite(lut)
  PASS  lut ≈ ex  (0.801365 ≈ 0.801319)
  PASS  std::isfinite(lut)
  PASS  lut ≈ ex  (0.804353 ≈ 0.804192)
  PASS  std::isfinite(lut)
  PASS  lut ≈ ex  (0.810247 ≈ 0.809714)
  PASS  std::isfinite(lut)
  PASS  lut ≈ ex  (0.846085 ≈ 0.842006)
  PASS  std::isfinite(lut)
  PASS  lut ≈ ex  (0.924587 ≈ 0.918738)
  PASS  std::isfinite(lut)
  PASS  lut ≈ ex  (1.00848 ≈ 1.00353)
  PASS  std::isfinite(lut)
  PASS  lut ≈ ex  (1.16311 ≈ 1.16118)
  PASS  std::isfinite(lut)
  PASS  lut ≈ ex  (1.22289 ≈ 1.22228)
  PASS  std::isfinite(lut)
  PASS  lut ≈ ex  (1.24072 ≈ 1.24051)
  PASS  std::isfinite(lut)
  PASS  lut ≈ ex  (1.24437 ≈ 1.24424)
  PASS  mono
  PASS  std::isfinite(t)
  PASS  t > 1.0
  PASS  t <= 1.0 / m + env
  PASS  std::isfinite(b0)

[Logitech receiver discovery — capability classification]
  PASS  found.size() == 3
  PASS  r.hidpp_supported
  PASS  r.max_paired_devices == 1
  PASS  !r.hidpp_supported
  PASS  r.max_paired_devices == 1
  PASS  r.hidpp_supported
  PASS  r.max_paired_devices == 6
  PASS  has_bolt
  PASS  has_nano
  PASS  has_advanced_nano
  PASS  std::string(logitech_receiver_kind_name(logitech_receiver_kind::lightspeed)) == "Lightspeed"

[Logitech HID++ packet serialization]
  PASS  parsed_short.has_value()
  PASS  short_bytes[0] == 0x10 && short_bytes[1] == 0xFF && short_bytes[2] == 0x03 && short_bytes[3] == 0x25 && short_bytes[4] == 0x12 && short_bytes[5] == 0x34 && short_bytes[6] == 0x00
  PASS  !hidpp_short_packet::from_bytes(short_bytes.data(), short_bytes.size() - 1)
  PASS  !hidpp_short_packet::from_bytes(nullptr, short_bytes.size())
  PASS  parsed_short->report_id == 0x10
  PASS  parsed_short->device_index == 0xFF
  PASS  parsed_short->feature_index == 0x03
  PASS  parsed_short->function_id == 0x02
  PASS  parsed_short->software_id == 0x05
  PASS  parsed_short->params[0] == 0x12
  PASS  parsed_short->params[1] == 0x34
  PASS  parsed_long.has_value()
  PASS  !hidpp_long_packet::from_bytes(long_bytes.data(), long_bytes.size() + 1)
  PASS  long_bytes[2] == 0x07 && long_bytes[3] == 0x00 && long_bytes[19] == 15
  PASS  parsed_long->report_id == 0x11
  PASS  parsed_long->device_index == 0xFF
  PASS  parsed_long->feature_index == 0x07
  PASS  parsed_long->function_id == 0x00
  PASS  parsed_long->params[i] == static_cast<uint8_t>(i)
  PASS  parsed_long->params[i] == static_cast<uint8_t>(i)
  PASS  parsed_long->params[i] == static_cast<uint8_t>(i)
  PASS  parsed_long->params[i] == static_cast<uint8_t>(i)
  PASS  parsed_long->params[i] == static_cast<uint8_t>(i)
  PASS  parsed_long->params[i] == static_cast<uint8_t>(i)
  PASS  parsed_long->params[i] == static_cast<uint8_t>(i)
  PASS  parsed_long->params[i] == static_cast<uint8_t>(i)
  PASS  parsed_long->params[i] == static_cast<uint8_t>(i)
  PASS  parsed_long->params[i] == static_cast<uint8_t>(i)
  PASS  parsed_long->params[i] == static_cast<uint8_t>(i)
  PASS  parsed_long->params[i] == static_cast<uint8_t>(i)
  PASS  parsed_long->params[i] == static_cast<uint8_t>(i)
  PASS  parsed_long->params[i] == static_cast<uint8_t>(i)
  PASS  parsed_long->params[i] == static_cast<uint8_t>(i)
  PASS  parsed_long->params[i] == static_cast<uint8_t>(i)
  PASS  parsed_vlong.has_value()
  PASS  !hidpp_very_long_packet::from_bytes(nullptr, vlong_bytes.size())
  PASS  vlong_bytes[2] == 0x4B && vlong_bytes[3] == 0x00 && vlong_bytes[63] == static_cast<uint8_t>(69)
  PASS  parsed_vlong->report_id == 0x12
  PASS  parsed_vlong->device_index == 0xFF
  PASS  parsed_vlong->feature_index == 0x4B
  PASS  parsed_vlong->function_id == 0x00
  PASS  parsed_vlong->params[i] == static_cast<uint8_t>(i + 10)
  PASS  parsed_vlong->params[i] == static_cast<uint8_t>(i + 10)
  PASS  parsed_vlong->params[i] == static_cast<uint8_t>(i + 10)
  PASS  parsed_vlong->params[i] == static_cast<uint8_t>(i + 10)
  PASS  parsed_vlong->params[i] == static_cast<uint8_t>(i + 10)
  PASS  parsed_vlong->params[i] == static_cast<uint8_t>(i + 10)
  PASS  parsed_vlong->params[i] == static_cast<uint8_t>(i + 10)
  PASS  parsed_vlong->params[i] == static_cast<uint8_t>(i + 10)
  PASS  parsed_vlong->params[i] == static_cast<uint8_t>(i + 10)
  PASS  parsed_vlong->params[i] == static_cast<uint8_t>(i + 10)
  PASS  parsed_vlong->params[i] == static_cast<uint8_t>(i + 10)
  PASS  parsed_vlong->params[i] == static_cast<uint8_t>(i + 10)
  PASS  parsed_vlong->params[i] == static_cast<uint8_t>(i + 10)
  PASS  parsed_vlong->params[i] == static_cast<uint8_t>(i + 10)
  PASS  parsed_vlong->params[i] == static_cast<uint8_t>(i + 10)
  PASS  parsed_vlong->params[i] == static_cast<uint8_t>(i + 10)
  PASS  parsed_vlong->params[i] == static_cast<uint8_t>(i + 10)
  PASS  parsed_vlong->params[i] == static_cast<uint8_t>(i + 10)
  PASS  parsed_vlong->params[i] == static_cast<uint8_t>(i + 10)
  PASS  parsed_vlong->params[i] == static_cast<uint8_t>(i + 10)
  PASS  parsed_vlong->params[i] == static_cast<uint8_t>(i + 10)
  PASS  parsed_vlong->params[i] == static_cast<uint8_t>(i + 10)
  PASS  parsed_vlong->params[i] == static_cast<uint8_t>(i + 10)
  PASS  parsed_vlong->params[i] == static_cast<uint8_t>(i + 10)
  PASS  parsed_vlong->params[i] == static_cast<uint8_t>(i + 10)
  PASS  parsed_vlong->params[i] == static_cast<uint8_t>(i + 10)
  PASS  parsed_vlong->params[i] == static_cast<uint8_t>(i + 10)
  PASS  parsed_vlong->params[i] == static_cast<uint8_t>(i + 10)
  PASS  parsed_vlong->params[i] == static_cast<uint8_t>(i + 10)
  PASS  parsed_vlong->params[i] == static_cast<uint8_t>(i + 10)
  PASS  parsed_vlong->params[i] == static_cast<uint8_t>(i + 10)
  PASS  parsed_vlong->params[i] == static_cast<uint8_t>(i + 10)
  PASS  parsed_vlong->params[i] == static_cast<uint8_t>(i + 10)
  PASS  parsed_vlong->params[i] == static_cast<uint8_t>(i + 10)
  PASS  parsed_vlong->params[i] == static_cast<uint8_t>(i + 10)
  PASS  parsed_vlong->params[i] == static_cast<uint8_t>(i + 10)
  PASS  parsed_vlong->params[i] == static_cast<uint8_t>(i + 10)
  PASS  parsed_vlong->params[i] == static_cast<uint8_t>(i + 10)
  PASS  parsed_vlong->params[i] == static_cast<uint8_t>(i + 10)
  PASS  parsed_vlong->params[i] == static_cast<uint8_t>(i + 10)
  PASS  parsed_vlong->params[i] == static_cast<uint8_t>(i + 10)
  PASS  parsed_vlong->params[i] == static_cast<uint8_t>(i + 10)
  PASS  parsed_vlong->params[i] == static_cast<uint8_t>(i + 10)
  PASS  parsed_vlong->params[i] == static_cast<uint8_t>(i + 10)
  PASS  parsed_vlong->params[i] == static_cast<uint8_t>(i + 10)
  PASS  parsed_vlong->params[i] == static_cast<uint8_t>(i + 10)
  PASS  parsed_vlong->params[i] == static_cast<uint8_t>(i + 10)
  PASS  parsed_vlong->params[i] == static_cast<uint8_t>(i + 10)
  PASS  parsed_vlong->params[i] == static_cast<uint8_t>(i + 10)
  PASS  parsed_vlong->params[i] == static_cast<uint8_t>(i + 10)
  PASS  parsed_vlong->params[i] == static_cast<uint8_t>(i + 10)
  PASS  parsed_vlong->params[i] == static_cast<uint8_t>(i + 10)
  PASS  parsed_vlong->params[i] == static_cast<uint8_t>(i + 10)
  PASS  parsed_vlong->params[i] == static_cast<uint8_t>(i + 10)
  PASS  parsed_vlong->params[i] == static_cast<uint8_t>(i + 10)
  PASS  parsed_vlong->params[i] == static_cast<uint8_t>(i + 10)
  PASS  parsed_vlong->params[i] == static_cast<uint8_t>(i + 10)
  PASS  parsed_vlong->params[i] == static_cast<uint8_t>(i + 10)
  PASS  parsed_vlong->params[i] == static_cast<uint8_t>(i + 10)
  PASS  parsed_vlong->params[i] == static_cast<uint8_t>(i + 10)

[HID++ notification classification: battery/connection/illumination]
  PASS  ev.kind == hidpp_notification_event_kind::battery
  PASS  ev.feature_id == 0x0D
  PASS  ev.battery.has_value()
  PASS  ev.battery->level == 85
  PASS  ev.kind == hidpp_notification_event_kind::battery
  PASS  ev.battery.has_value()
  PASS  ev.battery->level == 90
  PASS  ev.battery->charging
  PASS  ev.kind == hidpp_notification_event_kind::illumination
  PASS  ev.feature_id == 0x17
  PASS  ev.feature_name == "illumination"
  PASS  ev.kind == hidpp_notification_event_kind::connection
  PASS  !ev.connected
  PASS  ev.kind == hidpp_notification_event_kind::connection
  PASS  ev.connected
  PASS  ev.kind == hidpp_notification_event_kind::connection
  PASS  !ev.connected
  PASS  ev.kind == hidpp_notification_event_kind::connection
  PASS  ev.connected
  PASS  ev.kind == hidpp_notification_event_kind::unhandled
  PASS  ev.kind == hidpp_notification_event_kind::battery
  PASS  ev.feature_id == 0x1000
  PASS  ev.feature_name == "battery_status"
  PASS  ev.battery.has_value()
  PASS  ev.battery->level == 75
  PASS  ev.kind == hidpp_notification_event_kind::battery
  PASS  ev.feature_id == 0x1004
  PASS  ev.battery.has_value()
  PASS  ev.battery->level == 255
  PASS  ev.kind == hidpp_notification_event_kind::battery
  PASS  ev.feature_id == 0x1001
  PASS  ev.feature_name == "battery_voltage"
  PASS  ev.battery.has_value()
  PASS  ev.battery->charging
  PASS  ev.battery->level >= 80 && ev.battery->level <= 89
  PASS  ev.kind == hidpp_notification_event_kind::connection
  PASS  ev.connected
  PASS  ev.kind == hidpp_notification_event_kind::illumination
  PASS  ev.feature_id == 0x1990
  PASS  delivered == 0
  PASS  calls == 0

[Logitech HID++ hardware-control rate mappings]
  PASS  hidpp_normalize_function_id(0x01) == 0x01
  PASS  hidpp_normalize_function_id(0x10) == 0x01
  PASS  hidpp_normalize_function_id(0x50) == 0x05
  PASS  hidpp_register_uses_long_report(0x8207)
  PASS  !hidpp_register_uses_long_report(0x8107)
  PASS  function_bytes[3] == 0x53
  PASS  static_cast<uint16_t>(hidpp_feature_index::adjustable_dpi) == 0x2201
  PASS  static_cast<uint16_t>(hidpp_feature_index::extended_adjustable_dpi) == 0x2202
  PASS  static_cast<uint16_t>(hidpp_feature_index::report_rate) == 0x8060
  PASS  static_cast<uint16_t>(hidpp_feature_index::extended_adjustable_report_rate) == 0x8061
  PASS  static_cast<uint16_t>(hidpp_feature_index::feature_info) == 0x0002
  PASS  static_cast<uint16_t>(hidpp_feature_index::device_fw_version) == 0x0003
  PASS  static_cast<uint16_t>(hidpp_feature_index::device_name) == 0x0005
  PASS  static_cast<uint16_t>(hidpp_feature_index::device_friendly_name) == 0x0007
  PASS  hidpp_rate_code_to_hz(false, 1).value_or(0) == 1000
  PASS  hidpp_rate_code_to_hz(false, 8).value_or(0) == 125
  PASS  !hidpp_rate_code_to_hz(false, 0).has_value()
  PASS  hidpp_rate_code_to_hz(true, 0).value_or(0) == 125
  PASS  hidpp_rate_code_to_hz(true, 6).value_or(0) == 8000
  PASS  !hidpp_rate_code_to_hz(true, 7).has_value()
  PASS  hidpp_hz_to_rate_code(false, 1000).value_or(0) == 1
  PASS  hidpp_hz_to_rate_code(false, 125).value_or(0) == 8
  PASS  !hidpp_hz_to_rate_code(false, 2000).has_value()
  PASS  hidpp_hz_to_rate_code(true, 2000).value_or(255) == 4
  PASS  hidpp_hz_to_rate_code(true, 8000).value_or(255) == 6
  PASS  !hidpp_hz_to_rate_code(true, 333).has_value()
  PASS  std::string(hidpp_feature_name(0x2201)) == "adjustable_dpi"
  PASS  std::string(hidpp_feature_name(0x0003)) == "device_fw_version"
  PASS  std::string(hidpp_feature_name(0x0005)) == "device_name"
  PASS  std::string(hidpp_feature_name(0x1004)) == "unified_battery"
  PASS  std::string(hidpp_feature_name(0xDEAD)) == "unknown"
  PASS  metadata.has_value()
  PASS  metadata->feature_id == 0x2201
  PASS  metadata->index == 9
  PASS  metadata->flags == 0x60
  PASS  metadata->version == 3
  PASS  !hidpp_parse_feature_metadata(9, {0x22, 0x01, 0x60}).has_value()
  PASS  slot.has_value()
  PASS  slot->slot == 1
  PASS  slot->occupied
  PASS  slot->pid == 0x4005
  PASS  slot->connection_type == 1
  PASS  bolt.has_value()
  PASS  bolt->slot == 2
  PASS  bolt->pid == 0x01A9
  PASS  bolt->connection_type == 3
  PASS  !hidpp_parse_receiver_pairing({0x20, 0x00}, 1).has_value()
  PASS  !hidpp_parse_receiver_pairing(pairing, 0).has_value()
  PASS  !unavailable.read_register(0x07).has_value()
  PASS  !unavailable.read_register(0x0300).has_value()
  PASS  !unavailable.feature_request(0, 0).has_value()
  PASS  !unavailable.feature_request(0x2201, 0, nullptr, 17).has_value()
  PASS  !unavailable.supports_feature(0x2201)
  PASS  !unavailable.get_onboard_profile_info().has_value()
  PASS  !unavailable.read_onboard_profile_sector(1, 16).has_value()
  PASS  !unavailable.read_onboard_profile_sector(0, 16).has_value()
  PASS  !unavailable.read_onboard_profile_sector(1, 4097).has_value()
  PASS  !unavailable.supports_feature(0x2201)
  PASS  !unavailable.write_register(0x07, nullptr, 0)
  PASS  !unavailable.write_register(0x0300, nullptr, 0)
  PASS  !unavailable.write_register(0x07, oversized_register_write, sizeof(oversized_register_write))
  PASS  !unavailable.receive_notification().has_value()
  PASS  unavailable.drain_notifications(0).empty()
  PASS  unavailable.drain_notifications(4).empty()
  PASS  notification.has_value()
  PASS  notification->device_index == 0xFF
  PASS  notification->sub_id == 0x07
  PASS  notification->address == 0x40
  PASS  notification->feature_index == 0x07
  PASS  notification->type == hidpp_notification::kind::legacy_battery
  PASS  notification->payload.size() == 3
  PASS  capability_device.supports_feature(0x2201)
  PASS  capability_device.supports_feature(0x8100)
  PASS  !capability_device.supports_feature(0x8061)
  PASS  capability_device.feature_index(0x2201).value_or(0) == 4
  PASS  capability_device.feature_index(0x8100).value_or(0) == 7
  PASS  !capability_device.feature_index(0x8061).has_value()
  PASS  capability_device.feature_id(4).value_or(0) == 0x2201
  PASS  capability_device.feature_id(7).value_or(0) == 0x8100
  PASS  !capability_device.feature_id(9).has_value()
  PASS  capability_device.notification_feature_id(*notification).value_or(0) == 0x07
  PASS  capability_device.notification_feature_id(hidpp20_notification) .value_or(0) == 0x8100
  PASS  !hidpp_notification::from_bytes(reply_bytes, sizeof(reply_bytes)).has_value()
  PASS  !hidpp_notification::from_bytes(invalid_subid, sizeof(invalid_subid)).has_value()

[Logitech HID++ battery parsing stays conservative on unknown payloads]
  PASS  unified.has_value()
  PASS  unified->level == 255
  PASS  !unified->online
  PASS  legacy.has_value()
  PASS  legacy->level == 255
  PASS  !legacy->charging
  PASS  legacy->online

[Logitech HID++ 1.0 register 0x07 battery decoding]
  PASS  full_info && full_info->level == 90 && !full_info->charging
  PASS  charging_info && charging_info->level == 50 && charging_info->charging
  PASS  low_info && low_info->level == 20 && !low_info->charging

[Logitech HID++ battery feature/register layouts stay separate]
  PASS  status && status->level == 255 && status->charging
  PASS  charge && charge->level == 42 && charge->charging
  PASS  not_charge && !not_charge->charging

[Logitech HID++ firmware and transport-ID offsets]
  PASS  parsed.has_value()
  PASS  parsed->unit_id.empty()
  PASS  parsed->model_id == "AABBCCDDEEFF"
  PASS  parsed->transport_flags == 0x0D
  PASS  parsed->major == 0x0A && parsed->minor == 0x0B
  PASS  parsed->build == 0x1234
  PASS  hardware && hardware->level == 2 && hardware->major == 7

[Logitech hidraw device discovery]
  PASS  missing.empty()
  PASS  found.empty()
  PASS  !identify_logitech_device("/nonexistent/rawaccel/hidraw99").has_value()
  PASS  !closed.is_open()
  PASS  !closed.probe_hidpp10()
  PASS  !closed.probe_hidpp10(0x00)

[O31-H2 — composed modelId is only ever "" or 12 chars]
  PASS  produced_12 + produced_empty + produced_other == 32
  PASS  produced_other == 0
  PASS  produced_12 == 16
  PASS  produced_empty == 16

[O31-H2 — the "32" row is unreachable from any device shape]
  PASS  q != &LOGITECH_QUIRKS[2].quirks
  PASS  q != &LOGITECH_QUIRKS[2].quirks
  PASS  q != &LOGITECH_QUIRKS[2].quirks
  PASS  q != &LOGITECH_QUIRKS[2].quirks
  PASS  q != &LOGITECH_QUIRKS[2].quirks
  PASS  q != &LOGITECH_QUIRKS[2].quirks
  PASS  q != &LOGITECH_QUIRKS[2].quirks
  PASS  q != &LOGITECH_QUIRKS[2].quirks
  PASS  q != &LOGITECH_QUIRKS[2].quirks
  PASS  q != &LOGITECH_QUIRKS[2].quirks
  PASS  q != &LOGITECH_QUIRKS[2].quirks
  PASS  q != &LOGITECH_QUIRKS[2].quirks
  PASS  q != &LOGITECH_QUIRKS[2].quirks
  PASS  q != &LOGITECH_QUIRKS[2].quirks
  PASS  q != &LOGITECH_QUIRKS[2].quirks
  PASS  q != &LOGITECH_QUIRKS[2].quirks
  PASS  q != &LOGITECH_QUIRKS[2].quirks
  PASS  q != &LOGITECH_QUIRKS[2].quirks
  PASS  q != &LOGITECH_QUIRKS[2].quirks
  PASS  q != &LOGITECH_QUIRKS[2].quirks
  PASS  q != &LOGITECH_QUIRKS[2].quirks
  PASS  q != &LOGITECH_QUIRKS[2].quirks
  PASS  q != &LOGITECH_QUIRKS[2].quirks
  PASS  q != &LOGITECH_QUIRKS[2].quirks
  PASS  q != &LOGITECH_QUIRKS[2].quirks
  PASS  q != &LOGITECH_QUIRKS[2].quirks
  PASS  q != &LOGITECH_QUIRKS[2].quirks
  PASS  q != &LOGITECH_QUIRKS[2].quirks
  PASS  q != &LOGITECH_QUIRKS[2].quirks
  PASS  q != &LOGITECH_QUIRKS[2].quirks
  PASS  q != &LOGITECH_QUIRKS[2].quirks
  PASS  q != &LOGITECH_QUIRKS[2].quirks
  PASS  q != &LOGITECH_QUIRKS[2].quirks
  PASS  q != &LOGITECH_QUIRKS[2].quirks
  PASS  q != &LOGITECH_QUIRKS[2].quirks
  PASS  q != &LOGITECH_QUIRKS[2].quirks
  PASS  q != &LOGITECH_QUIRKS[2].quirks
  PASS  q != &LOGITECH_QUIRKS[2].quirks
  PASS  q != &LOGITECH_QUIRKS[2].quirks
  PASS  q != &LOGITECH_QUIRKS[2].quirks
  PASS  q != &LOGITECH_QUIRKS[2].quirks
  PASS  q != &LOGITECH_QUIRKS[2].quirks
  PASS  q != &LOGITECH_QUIRKS[2].quirks
  PASS  q != &LOGITECH_QUIRKS[2].quirks
  PASS  q != &LOGITECH_QUIRKS[2].quirks
  PASS  q != &LOGITECH_QUIRKS[2].quirks
  PASS  q != &LOGITECH_QUIRKS[2].quirks
  PASS  q != &LOGITECH_QUIRKS[2].quirks
  PASS  q != &LOGITECH_QUIRKS[2].quirks
  PASS  q != &LOGITECH_QUIRKS[2].quirks
  PASS  q != &LOGITECH_QUIRKS[2].quirks
  PASS  q != &LOGITECH_QUIRKS[2].quirks
  PASS  q != &LOGITECH_QUIRKS[2].quirks
  PASS  q != &LOGITECH_QUIRKS[2].quirks
  PASS  q != &LOGITECH_QUIRKS[2].quirks
  PASS  q != &LOGITECH_QUIRKS[2].quirks
  PASS  q != &LOGITECH_QUIRKS[2].quirks
  PASS  q != &LOGITECH_QUIRKS[2].quirks
  PASS  q != &LOGITECH_QUIRKS[2].quirks
  PASS  q != &LOGITECH_QUIRKS[2].quirks
  PASS  q != &LOGITECH_QUIRKS[2].quirks
  PASS  q != &LOGITECH_QUIRKS[2].quirks
  PASS  q != &LOGITECH_QUIRKS[2].quirks
  PASS  q != &LOGITECH_QUIRKS[2].quirks
  PASS  q != &LOGITECH_QUIRKS[2].quirks
  PASS  q != &LOGITECH_QUIRKS[2].quirks
  PASS  q != &LOGITECH_QUIRKS[2].quirks
  PASS  q != &LOGITECH_QUIRKS[2].quirks
  PASS  q != &LOGITECH_QUIRKS[2].quirks
  PASS  q != &LOGITECH_QUIRKS[2].quirks
  PASS  q != &LOGITECH_QUIRKS[2].quirks
  PASS  q != &LOGITECH_QUIRKS[2].quirks
  PASS  q != &LOGITECH_QUIRKS[2].quirks
  PASS  q != &LOGITECH_QUIRKS[2].quirks
  PASS  q != &LOGITECH_QUIRKS[2].quirks
  PASS  q != &LOGITECH_QUIRKS[2].quirks
  PASS  q != &LOGITECH_QUIRKS[2].quirks
  PASS  q != &LOGITECH_QUIRKS[2].quirks
  PASS  q != &LOGITECH_QUIRKS[2].quirks
  PASS  q != &LOGITECH_QUIRKS[2].quirks
  PASS  q != &LOGITECH_QUIRKS[2].quirks
  PASS  q != &LOGITECH_QUIRKS[2].quirks
  PASS  q != &LOGITECH_QUIRKS[2].quirks
  PASS  q != &LOGITECH_QUIRKS[2].quirks
  PASS  q != &LOGITECH_QUIRKS[2].quirks
  PASS  q != &LOGITECH_QUIRKS[2].quirks
  PASS  q != &LOGITECH_QUIRKS[2].quirks
  PASS  q != &LOGITECH_QUIRKS[2].quirks
  PASS  q != &LOGITECH_QUIRKS[2].quirks
  PASS  q != &LOGITECH_QUIRKS[2].quirks
  PASS  q != &LOGITECH_QUIRKS[2].quirks
  PASS  q != &LOGITECH_QUIRKS[2].quirks
  PASS  q != &LOGITECH_QUIRKS[2].quirks
  PASS  q != &LOGITECH_QUIRKS[2].quirks
  PASS  q != &LOGITECH_QUIRKS[2].quirks
  PASS  q != &LOGITECH_QUIRKS[2].quirks

[O31-H2 — the two real 12-char keys still resolve]
  PASS  find_logitech_quirks(info) != nullptr
  PASS  find_logitech_quirks(info) == find_logitech_quirks(std::string(key))
  PASS  find_logitech_quirks(info) != nullptr
  PASS  find_logitech_quirks(info) == find_logitech_quirks(std::string(key))
  PASS  LOGITECH_QUIRKS.size() == 3
  PASS  std::string(LOGITECH_QUIRKS[2].model_id) == "32"
  PASS  find_logitech_quirks(std::string("32")) != nullptr

[O31-H1 — onboard sector chunk fits the short-message budget]
  PASS  HIDPP_SHORT_PAYLOAD_MAX == 16
  PASS  HIDPP_ONBOARD_SECTOR_DATA_CHUNK == 14
  PASS  2 + HIDPP_ONBOARD_SECTOR_DATA_CHUNK <= HIDPP_SHORT_PAYLOAD_MAX
  PASS  2 + HIDPP_ONBOARD_SECTOR_DATA_CHUNK == HIDPP_SHORT_PAYLOAD_MAX
  PASS  2 + 16 > HIDPP_SHORT_PAYLOAD_MAX
  PASS  covered == len
  PASS  requests == (len + 13) / 14
  PASS  2 + HIDPP_ONBOARD_SECTOR_DATA_CHUNK <= HIDPP_SHORT_PAYLOAD_MAX
  PASS  covered == len
  PASS  requests == (len + 13) / 14
  PASS  2 + HIDPP_ONBOARD_SECTOR_DATA_CHUNK <= HIDPP_SHORT_PAYLOAD_MAX
  PASS  covered == len
  PASS  requests == (len + 13) / 14
  PASS  2 + HIDPP_ONBOARD_SECTOR_DATA_CHUNK <= HIDPP_SHORT_PAYLOAD_MAX
  PASS  covered == len
  PASS  requests == (len + 13) / 14
  PASS  2 + HIDPP_ONBOARD_SECTOR_DATA_CHUNK <= HIDPP_SHORT_PAYLOAD_MAX
  PASS  2 + HIDPP_ONBOARD_SECTOR_DATA_CHUNK <= HIDPP_SHORT_PAYLOAD_MAX
  PASS  covered == len
  PASS  requests == (len + 13) / 14
  PASS  2 + HIDPP_ONBOARD_SECTOR_DATA_CHUNK <= HIDPP_SHORT_PAYLOAD_MAX
  PASS  2 + HIDPP_ONBOARD_SECTOR_DATA_CHUNK <= HIDPP_SHORT_PAYLOAD_MAX
  PASS  covered == len
  PASS  requests == (len + 13) / 14
  PASS  2 + HIDPP_ONBOARD_SECTOR_DATA_CHUNK <= HIDPP_SHORT_PAYLOAD_MAX
  PASS  2 + HIDPP_ONBOARD_SECTOR_DATA_CHUNK <= HIDPP_SHORT_PAYLOAD_MAX
  PASS  2 + HIDPP_ONBOARD_SECTOR_DATA_CHUNK <= HIDPP_SHORT_PAYLOAD_MAX
  PASS  covered == len
  PASS  requests == (len + 13) / 14
  PASS  2 + HIDPP_ONBOARD_SECTOR_DATA_CHUNK <= HIDPP_SHORT_PAYLOAD_MAX
  PASS  2 + HIDPP_ONBOARD_SECTOR_DATA_CHUNK <= HIDPP_SHORT_PAYLOAD_MAX
  PASS  2 + HIDPP_ONBOARD_SECTOR_DATA_CHUNK <= HIDPP_SHORT_PAYLOAD_MAX
  PASS  2 + HIDPP_ONBOARD_SECTOR_DATA_CHUNK <= HIDPP_SHORT_PAYLOAD_MAX
  PASS  2 + HIDPP_ONBOARD_SECTOR_DATA_CHUNK <= HIDPP_SHORT_PAYLOAD_MAX
  PASS  2 + HIDPP_ONBOARD_SECTOR_DATA_CHUNK <= HIDPP_SHORT_PAYLOAD_MAX
  PASS  2 + HIDPP_ONBOARD_SECTOR_DATA_CHUNK <= HIDPP_SHORT_PAYLOAD_MAX
  PASS  2 + HIDPP_ONBOARD_SECTOR_DATA_CHUNK <= HIDPP_SHORT_PAYLOAD_MAX
  PASS  covered == len
  PASS  requests == (len + 13) / 14
  PASS  2 + HIDPP_ONBOARD_SECTOR_DATA_CHUNK <= HIDPP_SHORT_PAYLOAD_MAX
  PASS  2 + HIDPP_ONBOARD_SECTOR_DATA_CHUNK <= HIDPP_SHORT_PAYLOAD_MAX
  PASS  2 + HIDPP_ONBOARD_SECTOR_DATA_CHUNK <= HIDPP_SHORT_PAYLOAD_MAX
  PASS  2 + HIDPP_ONBOARD_SECTOR_DATA_CHUNK <= HIDPP_SHORT_PAYLOAD_MAX
  PASS  2 + HIDPP_ONBOARD_SECTOR_DATA_CHUNK <= HIDPP_SHORT_PAYLOAD_MAX
  PASS  2 + HIDPP_ONBOARD_SECTOR_DATA_CHUNK <= HIDPP_SHORT_PAYLOAD_MAX
  PASS  2 + HIDPP_ONBOARD_SECTOR_DATA_CHUNK <= HIDPP_SHORT_PAYLOAD_MAX
  PASS  2 + HIDPP_ONBOARD_SECTOR_DATA_CHUNK <= HIDPP_SHORT_PAYLOAD_MAX
  PASS  2 + HIDPP_ONBOARD_SECTOR_DATA_CHUNK <= HIDPP_SHORT_PAYLOAD_MAX
  PASS  covered == len
  PASS  requests == (len + 13) / 14

[O31-H1 — long packet wire layout is 4-byte header + 16 payload]
  PASS  bytes.size() == 4 + HIDPP_SHORT_PAYLOAD_MAX
  PASS  bytes[0] == 0x11
  PASS  bytes[1] == 0x02
  PASS  bytes[2] == 0x81
  PASS  hidpp_normalize_function_id(0x48) == 0x04
  PASS  hidpp_normalize_function_id(0x04) == 0x04
  PASS  hidpp_normalize_function_id(0x50) == 0x05
  PASS  bytes[3] == ((0x04 << 4) | 0x00)
  PASS  bytes[4 + i] == static_cast<uint8_t>(0xA0 + i)
  PASS  bytes[4 + i] == static_cast<uint8_t>(0xA0 + i)
  PASS  bytes[4 + i] == static_cast<uint8_t>(0xA0 + i)
  PASS  bytes[4 + i] == static_cast<uint8_t>(0xA0 + i)
  PASS  bytes[4 + i] == static_cast<uint8_t>(0xA0 + i)
  PASS  bytes[4 + i] == static_cast<uint8_t>(0xA0 + i)
  PASS  bytes[4 + i] == static_cast<uint8_t>(0xA0 + i)
  PASS  bytes[4 + i] == static_cast<uint8_t>(0xA0 + i)
  PASS  bytes[4 + i] == static_cast<uint8_t>(0xA0 + i)
  PASS  bytes[4 + i] == static_cast<uint8_t>(0xA0 + i)
  PASS  bytes[4 + i] == static_cast<uint8_t>(0xA0 + i)
  PASS  bytes[4 + i] == static_cast<uint8_t>(0xA0 + i)
  PASS  bytes[4 + i] == static_cast<uint8_t>(0xA0 + i)
  PASS  bytes[4 + i] == static_cast<uint8_t>(0xA0 + i)
  PASS  bytes[4 + i] == static_cast<uint8_t>(0xA0 + i)
  PASS  bytes[4 + i] == static_cast<uint8_t>(0xA0 + i)
  PASS  back.has_value()
  PASS  back->feature_index == 0x81
  PASS  back->function_id == 0x04
  PASS  back->software_id == 0x00
  PASS  back->params[i] == static_cast<uint8_t>(0xA0 + i)
  PASS  back->params[i] == static_cast<uint8_t>(0xA0 + i)
  PASS  back->params[i] == static_cast<uint8_t>(0xA0 + i)
  PASS  back->params[i] == static_cast<uint8_t>(0xA0 + i)
  PASS  back->params[i] == static_cast<uint8_t>(0xA0 + i)
  PASS  back->params[i] == static_cast<uint8_t>(0xA0 + i)
  PASS  back->params[i] == static_cast<uint8_t>(0xA0 + i)
  PASS  back->params[i] == static_cast<uint8_t>(0xA0 + i)
  PASS  back->params[i] == static_cast<uint8_t>(0xA0 + i)
  PASS  back->params[i] == static_cast<uint8_t>(0xA0 + i)
  PASS  back->params[i] == static_cast<uint8_t>(0xA0 + i)
  PASS  back->params[i] == static_cast<uint8_t>(0xA0 + i)
  PASS  back->params[i] == static_cast<uint8_t>(0xA0 + i)
  PASS  back->params[i] == static_cast<uint8_t>(0xA0 + i)
  PASS  back->params[i] == static_cast<uint8_t>(0xA0 + i)
  PASS  back->params[i] == static_cast<uint8_t>(0xA0 + i)

[O31-D1 — a never-pushed device still writes its first value]
  PASS  fresh.polling_rate == 0
  PASS  fresh.dpi == 0
  PASS  fresh.transport == nullptr
  PASS  !(fresh.polling_rate == kDevDefaultPoll)
  PASS  !(fresh.dpi == kDevDefaultDpi)
  PASS  plan.polling_rate
  PASS  plan.dpi
  PASS  plan.any()

[O31-D1 — 0 is an unambiguous 'never pushed' sentinel]
  PASS  POLL_RATE_MIN >= 1
  PASS  !again.polling_rate
  PASS  !again.dpi
  PASS  !again.polling_rate
  PASS  !again.dpi
  PASS  !again.polling_rate
  PASS  !again.dpi
  PASS  !again.polling_rate
  PASS  !again.dpi
  PASS  !again.polling_rate
  PASS  !again.dpi
  PASS  !again.polling_rate
  PASS  !again.dpi
  PASS  !again.polling_rate
  PASS  !again.dpi
  PASS  !again.polling_rate
  PASS  !again.dpi
  PASS  !again.polling_rate
  PASS  !again.dpi
  PASS  !again.polling_rate
  PASS  !again.dpi
  PASS  !again.polling_rate
  PASS  !again.dpi
  PASS  !again.polling_rate
  PASS  !again.dpi
  PASS  !again.polling_rate
  PASS  !again.dpi
  PASS  !again.polling_rate
  PASS  !again.dpi
  PASS  !again.polling_rate
  PASS  !again.dpi
  PASS  !again.polling_rate
  PASS  !again.dpi
  PASS  !again.polling_rate
  PASS  !again.dpi
  PASS  !again.polling_rate
  PASS  !again.dpi
  PASS  !again.polling_rate
  PASS  !again.dpi
  PASS  !again.polling_rate
  PASS  !again.dpi

[O31-D1 — a changed field is pushed on its own]
  PASS  rate_only.polling_rate
  PASS  !rate_only.dpi
  PASS  !dpi_only.polling_rate
  PASS  dpi_only.dpi

[O31-D1 — a rebuilt transport re-pushes both fields]
  PASS  !same.any()
  PASS  rebuilt.polling_rate
  PASS  rebuilt.dpi
  PASS  plan.any()

[O31-D1 — a full daemon sequence hits the blocking path once]
  PASS  blocking_writes == 6
  PASS  blocking_writes == 6

[job transport outlives the map entry (rescan erase)]
  PASS  map["/dev/hidraw3"].use_count() == 2
  PASS  map["/dev/hidraw3"].use_count() == 1
  PASS  job.enqueueable()
  PASS  !probe.expired()
  PASS  *static_cast<int*>(job.transport.get()) == 42
  PASS  probe.expired()

[same values twice -> exactly one job]
  PASS  j1.enqueueable()
  PASS  j1.do_polling_rate && j1.do_dpi
  PASS  hidpp_hw_enqueue(q, std::move(j1))
  PASS  !j2.enqueueable()
  PASS  !hidpp_hw_enqueue(q, std::move(j2))
  PASS  q.size() == 1
  PASS  j3.enqueueable()
  PASS  j3.do_polling_rate && !j3.do_dpi
  PASS  hidpp_hw_enqueue(q, std::move(j3))
  PASS  q.size() == 2

[slider drag: N distinct values -> N jobs, never more]
  PASS  enqueued == n
  PASS  static_cast<int>(q.size()) == n
  PASS  writes == 2 + (n - 1)
  PASS  !hidpp_hw_plan_job(sync, t, 1000, last, 0x00, transport).enqueueable()
  PASS  static_cast<int>(q.size()) == n
  PASS  writes == 2 + (n - 1)

[replug re-pushes both fields]
  PASS  hidpp_hw_plan_job(sync, t1, 1000, 800, 0x00, transport).enqueueable()
  PASS  !hidpp_hw_plan_job(sync, t1, 1000, 800, 0x00, transport).enqueueable()
  PASS  j.enqueueable()
  PASS  j.do_polling_rate && j.do_dpi

[FIFO order preserved]
  PASS  hidpp_hw_enqueue(q, std::move(j))
  PASS  hidpp_hw_enqueue(q, std::move(j))
  PASS  hidpp_hw_enqueue(q, std::move(j))
  PASS  hidpp_hw_enqueue(q, std::move(j))
  PASS  hidpp_hw_enqueue(q, std::move(j))
  PASS  q.size() == 5
  PASS  hidpp_hw_take(q, out)
  PASS  out.dpi == 100 * (i + 1)
  PASS  *static_cast<int*>(out.transport.get()) == i
  PASS  hidpp_hw_take(q, out)
  PASS  out.dpi == 100 * (i + 1)
  PASS  *static_cast<int*>(out.transport.get()) == i
  PASS  hidpp_hw_take(q, out)
  PASS  out.dpi == 100 * (i + 1)
  PASS  *static_cast<int*>(out.transport.get()) == i
  PASS  hidpp_hw_take(q, out)
  PASS  out.dpi == 100 * (i + 1)
  PASS  *static_cast<int*>(out.transport.get()) == i
  PASS  hidpp_hw_take(q, out)
  PASS  out.dpi == 100 * (i + 1)
  PASS  *static_cast<int*>(out.transport.get()) == i
  PASS  !hidpp_hw_take(q, out)

[non-enqueueable jobs are rejected and do not grow the queue]
  PASS  !no_transport.enqueueable()
  PASS  !hidpp_hw_enqueue(q, std::move(no_transport))
  PASS  !bad_index.enqueueable()
  PASS  !hidpp_hw_enqueue(q, std::move(bad_index))
  PASS  !nothing.enqueueable()
  PASS  !hidpp_hw_enqueue(q, std::move(nothing))
  PASS  q.empty()

=== Sonuç: 34267/34267 geçti ===
/usr/bin/python3
[adım] seed config baslatildi (rc=0)
CLI create-preset ad kapısı: 256 OK, 257 red ✓ (P83)
CLI P99 arity/-c"" kapısı: ekstra-arg red + -c"" red ✓
[adım] P107 seed create-preset gaming
Created profile 'g' from preset 'gaming'
Config updated locally (not applied to daemon — use 'rawaccel-cli reload' or remove --no-daemon)
CLI P107 set-param domain kapısı: out-of-domain red + config dokunulmadı ✓
[adım] O31-L2 cap_x 30
Set cap_x = 30.000000 in profile 'g'
Config updated locally (not applied to daemon — use 'rawaccel-cli reload' or remove --no-daemon)
CLI O31-L2 kapısı: input_offset [0,500] + cap_x>=input_offset çapraz kısıt ✓
CLI O31-L1 kapısı: odd-lut import reddi ✓
[adım] diff seed create d1
Created profile: d1
Config updated locally (not applied to daemon — use 'rawaccel-cli reload' or remove --no-daemon)
[adım] diff seed create d2
Created profile: d2
Config updated locally (not applied to daemon — use 'rawaccel-cli reload' or remove --no-daemon)
[adım] diff set-param d1 cap_x 77
Set cap_x = 77.000000 in profile 'd1'
Config updated locally (not applied to daemon — use 'rawaccel-cli reload' or remove --no-daemon)
[adım] diff set-param d2 cap_x 77
Set cap_x = 77.000000 in profile 'd2'
Config updated locally (not applied to daemon — use 'rawaccel-cli reload' or remove --no-daemon)
[adım] diff export d2
CLI diff kapısı: özdeş/dosya-gidiş-geliş/eksik-kaynak ✓
SEC-2 config-yolu kapısı (CLI): atlatma/sembolik bağ/uzantı/varsayılan yol ✓
O31-L4 kapısı: yabancı anahtar korunuyor + delete-son-profil onarımı çalışıyor ✓
SEC-2 config-yolu kapısı (daemon): atlatma/sembolik bağ/varsayılan yol ✓
CLI monitor kapısı: aralık doğrulama ✓
  çalışma ağacı: kodda işaretli 17 kayıt · AÇIK olan 0
köprü kapısı: kayıt↔kod çelişkisi yok ✓
=== SIMD backend parity ===
    envanter: 26 v2d_* · kapsamlı 16 · canlı 8 · beyan edilmiş ölü 10 (A canlı-özellik-ikizi 2 · B spekülatif 8)
    envanter denetimi: OK (her v2d_* kapsamlı, canlı ya da beyan edilmiş ölü)
--- avx2: backend AVX2 ---
--- sse2: backend SSE2 ---
--- scalar: backend SCALAR ---

Sonuç: PASS — 3 backend test edildi ve birebir aynı sonucu üretti
SIMD parity kapısı: AVX2/SSE2/skaler birebir aynı ✓
